n_components,covariance_type,max_iter,init_params,reg_covar,avg_train_time,avg_mse
1,full,100,kmeans,1e-06,0.3127267837524414,248.77973896361408
1,full,100,kmeans,1e-05,0.18748631477355956,248.77973896361408
1,full,100,kmeans,0.0001,0.18610081672668458,248.77973896361408
1,full,100,random,1e-06,0.167855167388916,248.77973896361408
1,full,100,random,1e-05,0.16482415199279785,248.77973896361408
1,full,100,random,0.0001,0.16082687377929689,248.77973896361408
1,full,200,kmeans,1e-06,0.1796945095062256,248.77973896361408
1,full,200,kmeans,1e-05,0.18298654556274413,248.77973896361408
1,full,200,kmeans,0.0001,0.1796595573425293,248.77973896361408
1,full,200,random,1e-06,0.16168713569641113,248.77973896361408
1,full,200,random,1e-05,0.16366896629333497,248.77973896361408
1,full,200,random,0.0001,0.1632366180419922,248.77973896361408
1,full,300,kmeans,1e-06,0.18117494583129884,248.77973896361408
1,full,300,kmeans,1e-05,0.1906871795654297,248.77973896361408
1,full,300,kmeans,0.0001,0.18685588836669922,248.77973896361408
1,full,300,random,1e-06,0.16740474700927735,248.77973896361408
1,full,300,random,1e-05,0.16494946479797362,248.77973896361408
1,full,300,random,0.0001,0.16501832008361816,248.77973896361408
1,full,500,kmeans,1e-06,0.1799520492553711,248.77973896361408
1,full,500,kmeans,1e-05,0.1775496006011963,248.77973896361408
1,full,500,kmeans,0.0001,0.17522287368774414,248.77973896361408
1,full,500,random,1e-06,0.1597893238067627,248.77973896361408
1,full,500,random,1e-05,0.15878219604492189,248.77973896361408
1,full,500,random,0.0001,0.16062312126159667,248.77973896361408
1,full,1000,kmeans,1e-06,0.17793741226196289,248.77973896361408
1,full,1000,kmeans,1e-05,0.17941617965698242,248.77973896361408
1,full,1000,kmeans,0.0001,0.18214383125305175,248.77973896361408
1,full,1000,random,1e-06,0.1646491050720215,248.77973896361408
1,full,1000,random,1e-05,0.15975546836853027,248.77973896361408
1,full,1000,random,0.0001,0.1615889072418213,248.77973896361408
1,tied,100,kmeans,1e-06,0.14323072433471679,248.77973896361408
1,tied,100,kmeans,1e-05,0.14467740058898926,248.77973896361408
1,tied,100,kmeans,0.0001,0.1362316131591797,248.77973896361408
1,tied,100,random,1e-06,0.1222048282623291,248.77973896361408
1,tied,100,random,1e-05,0.11923975944519043,248.77973896361408
1,tied,100,random,0.0001,0.12347092628479003,248.77973896361408
1,tied,200,kmeans,1e-06,0.14052767753601075,248.77973896361408
1,tied,200,kmeans,1e-05,0.14933290481567382,248.77973896361408
1,tied,200,kmeans,0.0001,0.15208964347839354,248.77973896361408
1,tied,200,random,1e-06,0.13061437606811524,248.77973896361408
1,tied,200,random,1e-05,0.1305215835571289,248.77973896361408
1,tied,200,random,0.0001,0.13288211822509766,248.77973896361408
1,tied,300,kmeans,1e-06,0.15392622947692872,248.77973896361408
1,tied,300,kmeans,1e-05,0.1547900676727295,248.77973896361408
1,tied,300,kmeans,0.0001,0.1536849021911621,248.77973896361408
1,tied,300,random,1e-06,0.12795825004577638,248.77973896361408
1,tied,300,random,1e-05,0.12408795356750488,248.77973896361408
1,tied,300,random,0.0001,0.12315077781677246,248.77973896361408
1,tied,500,kmeans,1e-06,0.13593635559082032,248.77973896361408
1,tied,500,kmeans,1e-05,0.1388688564300537,248.77973896361408
1,tied,500,kmeans,0.0001,0.13699917793273925,248.77973896361408
1,tied,500,random,1e-06,0.12036514282226562,248.77973896361408
1,tied,500,random,1e-05,0.11970434188842774,248.77973896361408
1,tied,500,random,0.0001,0.11974806785583496,248.77973896361408
1,tied,1000,kmeans,1e-06,0.14014606475830077,248.77973896361408
1,tied,1000,kmeans,1e-05,0.13995609283447266,248.77973896361408
1,tied,1000,kmeans,0.0001,0.1443145751953125,248.77973896361408
1,tied,1000,random,1e-06,0.12863306999206542,248.77973896361408
1,tied,1000,random,1e-05,0.12466650009155274,248.77973896361408
1,tied,1000,random,0.0001,0.12474570274353028,248.77973896361408
1,diag,100,kmeans,1e-06,0.046707534790039064,248.77973896361408
1,diag,100,kmeans,1e-05,0.049517154693603516,248.77973896361408
1,diag,100,kmeans,0.0001,0.047234964370727536,248.77973896361408
1,diag,100,random,1e-06,0.024903583526611327,248.77973896361408
1,diag,100,random,1e-05,0.02430758476257324,248.77973896361408
1,diag,100,random,0.0001,0.02410273551940918,248.77973896361408
1,diag,200,kmeans,1e-06,0.04416952133178711,248.77973896361408
1,diag,200,kmeans,1e-05,0.04447569847106934,248.77973896361408
1,diag,200,kmeans,0.0001,0.04476046562194824,248.77973896361408
1,diag,200,random,1e-06,0.024064254760742188,248.77973896361408
1,diag,200,random,1e-05,0.02373204231262207,248.77973896361408
1,diag,200,random,0.0001,0.02402329444885254,248.77973896361408
1,diag,300,kmeans,1e-06,0.04486064910888672,248.77973896361408
1,diag,300,kmeans,1e-05,0.03989286422729492,248.77973896361408
1,diag,300,kmeans,0.0001,0.038365840911865234,248.77973896361408
1,diag,300,random,1e-06,0.022531461715698243,248.77973896361408
1,diag,300,random,1e-05,0.02196965217590332,248.77973896361408
1,diag,300,random,0.0001,0.02264399528503418,248.77973896361408
1,diag,500,kmeans,1e-06,0.04151468276977539,248.77973896361408
1,diag,500,kmeans,1e-05,0.04201450347900391,248.77973896361408
1,diag,500,kmeans,0.0001,0.04132742881774902,248.77973896361408
1,diag,500,random,1e-06,0.023077678680419923,248.77973896361408
1,diag,500,random,1e-05,0.023583459854125976,248.77973896361408
1,diag,500,random,0.0001,0.022290802001953124,248.77973896361408
1,diag,1000,kmeans,1e-06,0.04238252639770508,248.77973896361408
1,diag,1000,kmeans,1e-05,0.04198751449584961,248.77973896361408
1,diag,1000,kmeans,0.0001,0.04217982292175293,248.77973896361408
1,diag,1000,random,1e-06,0.02267613410949707,248.77973896361408
1,diag,1000,random,1e-05,0.02344856262207031,248.77973896361408
1,diag,1000,random,0.0001,0.022805309295654295,248.77973896361408
1,spherical,100,kmeans,1e-06,0.037023305892944336,248.77973896361408
1,spherical,100,kmeans,1e-05,0.0377049446105957,248.77973896361408
1,spherical,100,kmeans,0.0001,0.039582443237304685,248.77973896361408
1,spherical,100,random,1e-06,0.019791173934936523,248.77973896361408
1,spherical,100,random,1e-05,0.01847672462463379,248.77973896361408
1,spherical,100,random,0.0001,0.01837186813354492,248.77973896361408
1,spherical,200,kmeans,1e-06,0.0379676342010498,248.77973896361408
1,spherical,200,kmeans,1e-05,0.03915481567382813,248.77973896361408
1,spherical,200,kmeans,0.0001,0.039313459396362306,248.77973896361408
1,spherical,200,random,1e-06,0.019514989852905274,248.77973896361408
1,spherical,200,random,1e-05,0.01926741600036621,248.77973896361408
1,spherical,200,random,0.0001,0.01952509880065918,248.77973896361408
1,spherical,300,kmeans,1e-06,0.03973851203918457,248.77973896361408
1,spherical,300,kmeans,1e-05,0.03964319229125977,248.77973896361408
1,spherical,300,kmeans,0.0001,0.03931407928466797,248.77973896361408
1,spherical,300,random,1e-06,0.01920328140258789,248.77973896361408
1,spherical,300,random,1e-05,0.017531633377075195,248.77973896361408
1,spherical,300,random,0.0001,0.017352533340454102,248.77973896361408
1,spherical,500,kmeans,1e-06,0.03722338676452637,248.77973896361408
1,spherical,500,kmeans,1e-05,0.041327285766601565,248.77973896361408
1,spherical,500,kmeans,0.0001,0.04023542404174805,248.77973896361408
1,spherical,500,random,1e-06,0.020293140411376955,248.77973896361408
1,spherical,500,random,1e-05,0.01910686492919922,248.77973896361408
1,spherical,500,random,0.0001,0.019340324401855468,248.77973896361408
1,spherical,1000,kmeans,1e-06,0.04010581970214844,248.77973896361408
1,spherical,1000,kmeans,1e-05,0.04074172973632813,248.77973896361408
1,spherical,1000,kmeans,0.0001,0.039864301681518555,248.77973896361408
1,spherical,1000,random,1e-06,0.02005314826965332,248.77973896361408
1,spherical,1000,random,1e-05,0.019120264053344726,248.77973896361408
1,spherical,1000,random,0.0001,0.019783449172973634,248.77973896361408
3,full,100,kmeans,1e-06,3.2105400562286377,225.20233199741318
3,full,100,kmeans,1e-05,2.8051796913146974,221.39964558209198
3,full,100,kmeans,0.0001,3.000404405593872,221.37335661526194
3,full,100,random,1e-06,4.66477222442627,220.31137922976194
3,full,100,random,1e-05,4.559627485275269,220.20299582162025
3,full,100,random,0.0001,3.829081153869629,221.69634710028785
3,full,200,kmeans,1e-06,3.419094610214233,225.20233199741318
3,full,200,kmeans,1e-05,2.9558289527893065,221.39964558209198
3,full,200,kmeans,0.0001,3.1136638164520263,221.37335661526194
3,full,200,random,1e-06,4.801828765869141,220.31137922976194
3,full,200,random,1e-05,4.585149526596069,220.20299582162025
3,full,200,random,0.0001,3.7444676876068117,221.69634710028785
3,full,300,kmeans,1e-06,3.4982566356658937,225.20233199741318
3,full,300,kmeans,1e-05,3.0689457416534425,221.39964558209198
3,full,300,kmeans,0.0001,3.3584458351135256,221.37335661526194
3,full,300,random,1e-06,5.005541181564331,220.31137922976194
3,full,300,random,1e-05,4.912565469741821,220.20299582162025
3,full,300,random,0.0001,4.030454158782959,221.69634710028785
3,full,500,kmeans,1e-06,3.6281282901763916,225.20233199741318
3,full,500,kmeans,1e-05,3.0748709201812745,221.39964558209198
3,full,500,kmeans,0.0001,3.272843360900879,221.37335661526194
3,full,500,random,1e-06,5.107424736022949,220.31137922976194
3,full,500,random,1e-05,4.888064050674439,220.20299582162025
3,full,500,random,0.0001,3.9763750553131105,221.69634710028785
3,full,1000,kmeans,1e-06,3.554677200317383,225.20233199741318
3,full,1000,kmeans,1e-05,3.113459825515747,221.39964558209198
3,full,1000,kmeans,0.0001,3.344838190078735,221.37335661526194
3,full,1000,random,1e-06,5.118207502365112,220.31137922976194
3,full,1000,random,1e-05,4.810153198242188,220.20299582162025
3,full,1000,random,0.0001,4.021082639694214,221.69634710028785
3,tied,100,kmeans,1e-06,0.6144073009490967,238.66748142497667
3,tied,100,kmeans,1e-05,0.6408152103424072,238.671391188854
3,tied,100,kmeans,0.0001,0.5110816478729248,238.64148086651113
3,tied,100,random,1e-06,0.28312978744506834,225.71524262756398
3,tied,100,random,1e-05,0.30788512229919435,225.91948090720697
3,tied,100,random,0.0001,0.38072772026062013,226.06424369498328
3,tied,200,kmeans,1e-06,0.6649031639099121,238.66748142497667
3,tied,200,kmeans,1e-05,0.6168047428131104,238.671391188854
3,tied,200,kmeans,0.0001,0.5185082912445068,238.64148086651113
3,tied,200,random,1e-06,0.2872156620025635,225.71524262756398
3,tied,200,random,1e-05,0.29440693855285643,225.91948090720697
3,tied,200,random,0.0001,0.29330053329467776,226.06424369498328
3,tied,300,kmeans,1e-06,0.631371021270752,238.66748142497667
3,tied,300,kmeans,1e-05,0.6367410659790039,238.671391188854
3,tied,300,kmeans,0.0001,0.5457408905029297,238.64148086651113
3,tied,300,random,1e-06,0.36491966247558594,225.71524262756398
3,tied,300,random,1e-05,0.29941573143005373,225.91948090720697
3,tied,300,random,0.0001,0.31143960952758787,226.06424369498328
3,tied,500,kmeans,1e-06,0.6456071853637695,238.66748142497667
3,tied,500,kmeans,1e-05,0.6425642490386962,238.671391188854
3,tied,500,kmeans,0.0001,0.5347097396850586,238.64148086651113
3,tied,500,random,1e-06,0.3052845001220703,225.71524262756398
3,tied,500,random,1e-05,0.2963115215301514,225.91948090720697
3,tied,500,random,0.0001,0.33870487213134765,226.06424369498328
3,tied,1000,kmeans,1e-06,0.6311923503875733,238.66748142497667
3,tied,1000,kmeans,1e-05,0.6254874229431152,238.671391188854
3,tied,1000,kmeans,0.0001,0.5318155765533448,238.64148086651113
3,tied,1000,random,1e-06,0.29564790725708007,225.71524262756398
3,tied,1000,random,1e-05,0.3013658046722412,225.91948090720697
3,tied,1000,random,0.0001,0.34961552619934083,226.06424369498328
3,diag,100,kmeans,1e-06,0.9525805950164795,218.6987749182386
3,diag,100,kmeans,1e-05,0.8966313362121582,217.92277084527126
3,diag,100,kmeans,0.0001,0.9270889759063721,217.39280799575954
3,diag,100,random,1e-06,0.559804105758667,214.81166053084817
3,diag,100,random,1e-05,0.5352353572845459,214.70657039133545
3,diag,100,random,0.0001,0.5041247844696045,215.07216250903585
3,diag,200,kmeans,1e-06,0.9967710018157959,218.6987749182386
3,diag,200,kmeans,1e-05,0.8937194347381592,217.92277084527126
3,diag,200,kmeans,0.0001,0.8971676826477051,217.39280799575954
3,diag,200,random,1e-06,0.5712991714477539,214.81166053084817
3,diag,200,random,1e-05,0.5622822761535644,214.70657039133545
3,diag,200,random,0.0001,0.5106835842132569,215.07216250903585
3,diag,300,kmeans,1e-06,0.9306986808776856,218.6987749182386
3,diag,300,kmeans,1e-05,0.8739898204803467,217.92277084527126
3,diag,300,kmeans,0.0001,0.9291455268859863,217.39280799575954
3,diag,300,random,1e-06,0.5427621364593506,214.81166053084817
3,diag,300,random,1e-05,0.5656775951385498,214.70657039133545
3,diag,300,random,0.0001,0.5459063529968262,215.07216250903585
3,diag,500,kmeans,1e-06,1.0403202056884766,218.6987749182386
3,diag,500,kmeans,1e-05,0.9451149463653564,217.92277084527126
3,diag,500,kmeans,0.0001,0.9562516689300538,217.39280799575954
3,diag,500,random,1e-06,0.5836638927459716,214.81166053084817
3,diag,500,random,1e-05,0.5484376907348633,214.70657039133545
3,diag,500,random,0.0001,0.5474826335906983,215.07216250903585
3,diag,1000,kmeans,1e-06,1.0175872325897217,218.6987749182386
3,diag,1000,kmeans,1e-05,0.9400190353393555,217.92277084527126
3,diag,1000,kmeans,0.0001,1.1198646068572997,217.39280799575954
3,diag,1000,random,1e-06,0.7002668857574463,214.81166053084817
3,diag,1000,random,1e-05,0.6638679027557373,214.70657039133545
3,diag,1000,random,0.0001,0.7974813938140869,215.07216250903585
3,spherical,100,kmeans,1e-06,0.3827101230621338,225.6494311875013
3,spherical,100,kmeans,1e-05,0.33729352951049807,225.6494311875013
3,spherical,100,kmeans,0.0001,0.35573596954345704,225.6494311875013
3,spherical,100,random,1e-06,0.22426362037658693,222.35244958026146
3,spherical,100,random,1e-05,0.21275177001953124,222.35244958026146
3,spherical,100,random,0.0001,0.21983613967895507,222.35244958026146
3,spherical,200,kmeans,1e-06,0.3222618579864502,225.6494311875013
3,spherical,200,kmeans,1e-05,0.32338266372680663,225.6494311875013
3,spherical,200,kmeans,0.0001,0.3076761722564697,225.6494311875013
3,spherical,200,random,1e-06,0.1980276107788086,222.35244958026146
3,spherical,200,random,1e-05,0.19003472328186036,222.35244958026146
3,spherical,200,random,0.0001,0.18950972557067872,222.35244958026146
3,spherical,300,kmeans,1e-06,0.289719820022583,225.6494311875013
3,spherical,300,kmeans,1e-05,0.29894537925720216,225.6494311875013
3,spherical,300,kmeans,0.0001,0.30365982055664065,225.6494311875013
3,spherical,300,random,1e-06,0.2005664348602295,222.35244958026146
3,spherical,300,random,1e-05,0.19722356796264648,222.35244958026146
3,spherical,300,random,0.0001,0.19738264083862306,222.35244958026146
3,spherical,500,kmeans,1e-06,0.29535470008850095,225.6494311875013
3,spherical,500,kmeans,1e-05,0.2922371864318848,225.6494311875013
3,spherical,500,kmeans,0.0001,0.29136953353881834,225.6494311875013
3,spherical,500,random,1e-06,0.19143424034118653,222.35244958026146
3,spherical,500,random,1e-05,0.1915041446685791,222.35244958026146
3,spherical,500,random,0.0001,0.19222121238708495,222.35244958026146
3,spherical,1000,kmeans,1e-06,0.3005260944366455,225.6494311875013
3,spherical,1000,kmeans,1e-05,0.2961853504180908,225.6494311875013
3,spherical,1000,kmeans,0.0001,0.3012713432312012,225.6494311875013
3,spherical,1000,random,1e-06,0.192960786819458,222.35244958026146
3,spherical,1000,random,1e-05,0.19482064247131348,222.35244958026146
3,spherical,1000,random,0.0001,0.19794197082519532,222.35244958026146
5,full,100,kmeans,1e-06,8.84410047531128,198.01958357400036
5,full,100,kmeans,1e-05,7.063335943222046,197.79681935914246
5,full,100,kmeans,0.0001,10.314008760452271,196.2285932942204
5,full,100,random,1e-06,9.988122415542602,194.3748986364742
5,full,100,random,1e-05,9.762556171417236,194.74046821625407
5,full,100,random,0.0001,9.129689359664917,194.7365129689349
5,full,200,kmeans,1e-06,7.483037519454956,198.01958357400036
5,full,200,kmeans,1e-05,6.838662767410279,197.79681935914246
5,full,200,kmeans,0.0001,9.77122449874878,196.2285932942204
5,full,200,random,1e-06,9.275375270843506,194.3748986364742
5,full,200,random,1e-05,9.044820499420165,194.74046821625407
5,full,200,random,0.0001,8.393480587005616,194.7365129689349
5,full,300,kmeans,1e-06,7.321543169021607,198.01958357400036
5,full,300,kmeans,1e-05,6.90032114982605,197.79681935914246
5,full,300,kmeans,0.0001,10.225172519683838,196.2285932942204
5,full,300,random,1e-06,10.19604058265686,194.3748986364742
5,full,300,random,1e-05,10.457567262649537,194.74046821625407
5,full,300,random,0.0001,9.654486799240113,194.7365129689349
5,full,500,kmeans,1e-06,7.702184104919434,198.01958357400036
5,full,500,kmeans,1e-05,7.346462345123291,197.79681935914246
5,full,500,kmeans,0.0001,9.955495452880859,196.2285932942204
5,full,500,random,1e-06,9.366341876983643,194.3748986364742
5,full,500,random,1e-05,9.213892126083374,194.74046821625407
5,full,500,random,0.0001,9.009732913970947,194.7365129689349
5,full,1000,kmeans,1e-06,7.691488981246948,198.01958357400036
5,full,1000,kmeans,1e-05,6.865010738372803,197.79681935914246
5,full,1000,kmeans,0.0001,10.652352952957154,196.2285932942204
5,full,1000,random,1e-06,9.925811529159546,194.3748986364742
5,full,1000,random,1e-05,10.07760729789734,194.74046821625407
5,full,1000,random,0.0001,9.013932466506958,194.7365129689349
5,tied,100,kmeans,1e-06,1.0385727405548095,205.05563410509794
5,tied,100,kmeans,1e-05,0.9996402263641357,205.3260385117995
5,tied,100,kmeans,0.0001,1.2447978019714356,205.0415418553326
5,tied,100,random,1e-06,0.4371026039123535,195.2265607461166
5,tied,100,random,1e-05,0.4342353820800781,194.93268789711445
5,tied,100,random,0.0001,0.46709380149841306,194.83995873908432
5,tied,200,kmeans,1e-06,1.0991683959960938,205.05563410509794
5,tied,200,kmeans,1e-05,1.12923903465271,205.3260385117995
5,tied,200,kmeans,0.0001,1.445512342453003,205.0415418553326
5,tied,200,random,1e-06,0.5117454528808594,195.2265607461166
5,tied,200,random,1e-05,0.5259469032287598,194.93268789711445
5,tied,200,random,0.0001,0.46810145378112794,194.83995873908432
5,tied,300,kmeans,1e-06,1.0978872776031494,205.05563410509794
5,tied,300,kmeans,1e-05,1.0285072326660156,205.3260385117995
5,tied,300,kmeans,0.0001,1.2506981372833252,205.0415418553326
5,tied,300,random,1e-06,0.4923095226287842,195.2265607461166
5,tied,300,random,1e-05,0.4483457565307617,194.93268789711445
5,tied,300,random,0.0001,0.4201491832733154,194.83995873908432
5,tied,500,kmeans,1e-06,0.9771890640258789,205.05563410509794
5,tied,500,kmeans,1e-05,0.9906973838806152,205.3260385117995
5,tied,500,kmeans,0.0001,1.218546724319458,205.0415418553326
5,tied,500,random,1e-06,0.4108256816864014,195.2265607461166
5,tied,500,random,1e-05,0.4192005157470703,194.93268789711445
5,tied,500,random,0.0001,0.4311832427978516,194.83995873908432
5,tied,1000,kmeans,1e-06,0.9834071636199951,205.05563410509794
5,tied,1000,kmeans,1e-05,0.9618752479553223,205.3260385117995
5,tied,1000,kmeans,0.0001,1.252901315689087,205.0415418553326
5,tied,1000,random,1e-06,0.43058204650878906,195.2265607461166
5,tied,1000,random,1e-05,0.439237117767334,194.93268789711445
5,tied,1000,random,0.0001,0.4574258327484131,194.83995873908432
5,diag,100,kmeans,1e-06,0.8305500984191895,195.58117195955862
5,diag,100,kmeans,1e-05,0.7553896903991699,194.8917625746777
5,diag,100,kmeans,0.0001,0.9517270088195801,199.35364666006964
5,diag,100,random,1e-06,0.8688516616821289,191.83335639015291
5,diag,100,random,1e-05,0.796524953842163,192.36445761789008
5,diag,100,random,0.0001,0.8036332130432129,196.90149131314294
5,diag,200,kmeans,1e-06,0.8161589145660401,195.58117195955862
5,diag,200,kmeans,1e-05,0.7561243534088135,194.8917625746777
5,diag,200,kmeans,0.0001,0.9009747982025147,199.35364666006964
5,diag,200,random,1e-06,0.7911056041717529,191.83335639015291
5,diag,200,random,1e-05,0.7603327751159668,192.36445761789008
5,diag,200,random,0.0001,0.8953153133392334,196.90149131314294
5,diag,300,kmeans,1e-06,0.8007265090942383,195.58117195955862
5,diag,300,kmeans,1e-05,0.7234150886535644,194.8917625746777
5,diag,300,kmeans,0.0001,0.887527322769165,199.35364666006964
5,diag,300,random,1e-06,0.8027938842773438,191.83335639015291
5,diag,300,random,1e-05,0.7615699768066406,192.36445761789008
5,diag,300,random,0.0001,0.7787461280822754,196.90149131314294
5,diag,500,kmeans,1e-06,0.7925045967102051,195.58117195955862
5,diag,500,kmeans,1e-05,0.7649982929229736,194.8917625746777
5,diag,500,kmeans,0.0001,0.877339220046997,199.35364666006964
5,diag,500,random,1e-06,0.7990179538726807,191.83335639015291
5,diag,500,random,1e-05,0.7050253391265869,192.36445761789008
5,diag,500,random,0.0001,0.769645881652832,196.90149131314294
5,diag,1000,kmeans,1e-06,0.7892702102661133,195.58117195955862
5,diag,1000,kmeans,1e-05,0.7272462844848633,194.8917625746777
5,diag,1000,kmeans,0.0001,0.8396548748016357,199.35364666006964
5,diag,1000,random,1e-06,0.7918849468231202,191.83335639015291
5,diag,1000,random,1e-05,0.6925859928131104,192.36445761789008
5,diag,1000,random,0.0001,0.7065696716308594,196.90149131314294
5,spherical,100,kmeans,1e-06,0.22682714462280273,201.6728943289338
5,spherical,100,kmeans,1e-05,0.22153911590576172,201.6728943289338
5,spherical,100,kmeans,0.0001,0.2040471076965332,201.6728943289338
5,spherical,100,random,1e-06,0.2558779239654541,198.4431411626021
5,spherical,100,random,1e-05,0.259705638885498,198.4431411626021
5,spherical,100,random,0.0001,0.26022768020629883,198.4431411626021
5,spherical,200,kmeans,1e-06,0.21205720901489258,201.6728943289338
5,spherical,200,kmeans,1e-05,0.19453077316284179,201.6728943289338
5,spherical,200,kmeans,0.0001,0.19064221382141114,201.6728943289338
5,spherical,200,random,1e-06,0.24982790946960448,198.4431411626021
5,spherical,200,random,1e-05,0.24998011589050292,198.4431411626021
5,spherical,200,random,0.0001,0.2429670810699463,198.4431411626021
5,spherical,300,kmeans,1e-06,0.18731074333190917,201.6728943289338
5,spherical,300,kmeans,1e-05,0.18923258781433105,201.6728943289338
5,spherical,300,kmeans,0.0001,0.201599645614624,201.6728943289338
5,spherical,300,random,1e-06,0.25780401229858396,198.4431411626021
5,spherical,300,random,1e-05,0.25101428031921386,198.4431411626021
5,spherical,300,random,0.0001,0.27657742500305177,198.4431411626021
5,spherical,500,kmeans,1e-06,0.18911776542663575,201.6728943289338
5,spherical,500,kmeans,1e-05,0.20020709037780762,201.6728943289338
5,spherical,500,kmeans,0.0001,0.197515869140625,201.6728943289338
5,spherical,500,random,1e-06,0.248673677444458,198.4431411626021
5,spherical,500,random,1e-05,0.24116091728210448,198.4431411626021
5,spherical,500,random,0.0001,0.2502721309661865,198.4431411626021
5,spherical,1000,kmeans,1e-06,0.21329269409179688,201.6728943289338
5,spherical,1000,kmeans,1e-05,0.20362677574157714,201.6728943289338
5,spherical,1000,kmeans,0.0001,0.20862607955932616,201.6728943289338
5,spherical,1000,random,1e-06,0.2552269458770752,198.4431411626021
5,spherical,1000,random,1e-05,0.2411728858947754,198.4431411626021
5,spherical,1000,random,0.0001,0.2840257167816162,198.4431411626021
10,full,100,kmeans,1e-06,19.992190742492674,163.61497198306424
10,full,100,kmeans,1e-05,19.136966466903687,160.26935115117894
10,full,100,kmeans,0.0001,17.875444889068604,159.74182475841567
10,full,100,random,1e-06,17.108305835723876,134.78101756919017
10,full,100,random,1e-05,16.72196955680847,138.41331024259298
10,full,100,random,0.0001,18.52911033630371,136.66068531344004
10,full,200,kmeans,1e-06,20.275635051727296,163.61497198306424
10,full,200,kmeans,1e-05,19.029239416122437,160.26935115117894
10,full,200,kmeans,0.0001,17.699044513702393,159.74182475841567
10,full,200,random,1e-06,17.221633529663087,134.78101756919017
10,full,200,random,1e-05,17.08654565811157,138.41331024259298
10,full,200,random,0.0001,19.119086074829102,136.66068531344004
10,full,300,kmeans,1e-06,20.326976346969605,163.61497198306424
10,full,300,kmeans,1e-05,18.896383333206177,160.26935115117894
10,full,300,kmeans,0.0001,20.043910598754884,159.74182475841567
10,full,300,random,1e-06,19.50994267463684,134.78101756919017
10,full,300,random,1e-05,18.44883985519409,138.41331024259298
10,full,300,random,0.0001,21.44922947883606,136.66068531344004
10,full,500,kmeans,1e-06,22.599884748458862,163.61497198306424
10,full,500,kmeans,1e-05,21.686843824386596,160.26935115117894
10,full,500,kmeans,0.0001,21.484587717056275,159.74182475841567
10,full,500,random,1e-06,19.647807693481447,134.78101756919017
10,full,500,random,1e-05,19.502811861038207,138.41331024259298
10,full,500,random,0.0001,23.353397417068482,136.66068531344004
10,full,1000,kmeans,1e-06,27.105438327789308,163.61497198306424
10,full,1000,kmeans,1e-05,24.82925763130188,160.26935115117894
10,full,1000,kmeans,0.0001,22.904804277420045,159.74182475841567
10,full,1000,random,1e-06,21.044867849349977,134.78101756919017
10,full,1000,random,1e-05,20.601824378967287,138.41331024259298
10,full,1000,random,0.0001,22.0329993724823,136.66068531344004
10,tied,100,kmeans,1e-06,5.294289636611938,155.13705958141787
10,tied,100,kmeans,1e-05,4.139046049118042,154.91257102818275
10,tied,100,kmeans,0.0001,3.5126909255981444,153.31555665651396
10,tied,100,random,1e-06,0.8617842197418213,146.49214676025483
10,tied,100,random,1e-05,0.9347841739654541,146.64201116664768
10,tied,100,random,0.0001,0.8728022098541259,145.62627901415857
10,tied,200,kmeans,1e-06,5.192368030548096,155.13705958141787
10,tied,200,kmeans,1e-05,4.103268957138061,154.91257102818275
10,tied,200,kmeans,0.0001,3.386078643798828,153.31555665651396
10,tied,200,random,1e-06,0.9497710227966308,146.49214676025483
10,tied,200,random,1e-05,0.8874370098114014,146.64201116664768
10,tied,200,random,0.0001,0.9177467823028564,145.62627901415857
10,tied,300,kmeans,1e-06,5.514121866226196,155.13705958141787
10,tied,300,kmeans,1e-05,4.509130859375,154.91257102818275
10,tied,300,kmeans,0.0001,3.6940078735351562,153.31555665651396
10,tied,300,random,1e-06,0.8714262485504151,146.49214676025483
10,tied,300,random,1e-05,0.9613185882568359,146.64201116664768
10,tied,300,random,0.0001,0.8616412162780762,145.62627901415857
10,tied,500,kmeans,1e-06,5.209959363937378,155.13705958141787
10,tied,500,kmeans,1e-05,4.413268423080444,154.91257102818275
10,tied,500,kmeans,0.0001,3.6663570404052734,153.31555665651396
10,tied,500,random,1e-06,0.9600822925567627,146.49214676025483
10,tied,500,random,1e-05,0.9746017456054688,146.64201116664768
10,tied,500,random,0.0001,0.9104601860046386,145.62627901415857
10,tied,1000,kmeans,1e-06,5.235593795776367,155.13705958141787
10,tied,1000,kmeans,1e-05,4.245650911331177,154.91257102818275
10,tied,1000,kmeans,0.0001,3.5985297203063964,153.31555665651396
10,tied,1000,random,1e-06,0.9209965229034424,146.49214676025483
10,tied,1000,random,1e-05,0.9012680053710938,146.64201116664768
10,tied,1000,random,0.0001,0.876864242553711,145.62627901415857
10,diag,100,kmeans,1e-06,1.125562858581543,149.61172098825085
10,diag,100,kmeans,1e-05,1.1169742584228515,145.7892527364989
10,diag,100,kmeans,0.0001,1.4832486152648925,148.88882166651598
10,diag,100,random,1e-06,1.4066489696502686,149.05600789372005
10,diag,100,random,1e-05,1.3376893043518066,153.67259478192454
10,diag,100,random,0.0001,1.2151522159576416,153.08665268066167
10,diag,200,kmeans,1e-06,1.1022843360900878,149.61172098825085
10,diag,200,kmeans,1e-05,1.2105326175689697,145.7892527364989
10,diag,200,kmeans,0.0001,1.3482538700103759,148.88882166651598
10,diag,200,random,1e-06,1.3718459129333496,149.05600789372005
10,diag,200,random,1e-05,1.3399427890777589,153.67259478192454
10,diag,200,random,0.0001,1.1756309509277343,153.08665268066167
10,diag,300,kmeans,1e-06,1.08870267868042,149.61172098825085
10,diag,300,kmeans,1e-05,1.0514494895935058,145.7892527364989
10,diag,300,kmeans,0.0001,1.5401501178741455,148.88882166651598
10,diag,300,random,1e-06,1.3542510986328125,149.05600789372005
10,diag,300,random,1e-05,1.3857709884643554,153.67259478192454
10,diag,300,random,0.0001,1.1770883083343506,153.08665268066167
10,diag,500,kmeans,1e-06,1.2139782905578613,149.61172098825085
10,diag,500,kmeans,1e-05,1.1767645359039307,145.7892527364989
10,diag,500,kmeans,0.0001,1.387705135345459,148.88882166651598
10,diag,500,random,1e-06,1.413741111755371,149.05600789372005
10,diag,500,random,1e-05,1.4213850021362304,153.67259478192454
10,diag,500,random,0.0001,1.3667968273162843,153.08665268066167
10,diag,1000,kmeans,1e-06,1.0427628993988036,149.61172098825085
10,diag,1000,kmeans,1e-05,1.1145675659179688,145.7892527364989
10,diag,1000,kmeans,0.0001,1.3961663246154785,148.88882166651598
10,diag,1000,random,1e-06,1.4525546073913573,149.05600789372005
10,diag,1000,random,1e-05,1.3090809822082519,153.67259478192454
10,diag,1000,random,0.0001,1.2646056175231934,153.08665268066167
10,spherical,100,kmeans,1e-06,0.4299303531646729,149.477644850916
10,spherical,100,kmeans,1e-05,0.4272940635681152,149.477644850916
10,spherical,100,kmeans,0.0001,0.4258114814758301,149.477644850916
10,spherical,100,random,1e-06,0.548026704788208,134.8465939274714
10,spherical,100,random,1e-05,0.5168874263763428,134.8465939274714
10,spherical,100,random,0.0001,0.5191658973693848,134.8465939274714
10,spherical,200,kmeans,1e-06,0.4509617805480957,149.477644850916
10,spherical,200,kmeans,1e-05,0.41934499740600584,149.477644850916
10,spherical,200,kmeans,0.0001,0.43558540344238283,149.477644850916
10,spherical,200,random,1e-06,0.5277408123016357,134.8465939274714
10,spherical,200,random,1e-05,0.5231839656829834,134.8465939274714
10,spherical,200,random,0.0001,0.4896408557891846,134.8465939274714
10,spherical,300,kmeans,1e-06,0.3993969440460205,149.477644850916
10,spherical,300,kmeans,1e-05,0.47368783950805665,149.477644850916
10,spherical,300,kmeans,0.0001,0.4442561149597168,149.477644850916
10,spherical,300,random,1e-06,0.5229225158691406,134.8465939274714
10,spherical,300,random,1e-05,0.49274353981018065,134.8465939274714
10,spherical,300,random,0.0001,0.530584192276001,134.8465939274714
10,spherical,500,kmeans,1e-06,0.4515367031097412,149.477644850916
10,spherical,500,kmeans,1e-05,0.44062299728393556,149.477644850916
10,spherical,500,kmeans,0.0001,0.4362049102783203,149.477644850916
10,spherical,500,random,1e-06,0.5447221755981445,134.8465939274714
10,spherical,500,random,1e-05,0.5571078300476074,134.8465939274714
10,spherical,500,random,0.0001,0.5235692501068115,134.8465939274714
10,spherical,1000,kmeans,1e-06,0.4067117691040039,149.477644850916
10,spherical,1000,kmeans,1e-05,0.4406732082366943,149.477644850916
10,spherical,1000,kmeans,0.0001,0.45919175148010255,149.477644850916
10,spherical,1000,random,1e-06,0.5147280216217041,134.8465939274714
10,spherical,1000,random,1e-05,0.4994354248046875,134.8465939274714
10,spherical,1000,random,0.0001,0.5415606498718262,134.8465939274714
20,full,100,kmeans,1e-06,26.75998501777649,104.13540091776898
20,full,100,kmeans,1e-05,30.96164412498474,99.80685373632193
20,full,100,kmeans,0.0001,27.710367822647093,105.97808975458751
20,full,100,random,1e-06,29.920630598068236,106.63100469941068
20,full,100,random,1e-05,43.7928385257721,100.5313546108157
20,full,100,random,0.0001,49.01859440803528,99.88245777961454
20,full,200,kmeans,1e-06,28.183035326004028,104.13540091776898
20,full,200,kmeans,1e-05,30.1023446559906,99.80685373632193
20,full,200,kmeans,0.0001,27.10172619819641,105.97808975458751
20,full,200,random,1e-06,28.53348116874695,106.63100469941068
20,full,200,random,1e-05,41.075916624069215,100.5313546108157
20,full,200,random,0.0001,48.688694858551024,99.88245777961454
20,full,300,kmeans,1e-06,30.0573974609375,104.13540091776898
20,full,300,kmeans,1e-05,34.588086462020875,99.80685373632193
20,full,300,kmeans,0.0001,30.854440879821777,105.97808975458751
20,full,300,random,1e-06,33.38008871078491,106.63100469941068
20,full,300,random,1e-05,43.3341986656189,100.5313546108157
20,full,300,random,0.0001,48.48650417327881,99.88245777961454
20,full,500,kmeans,1e-06,32.039615869522095,104.13540091776898
20,full,500,kmeans,1e-05,36.08160390853882,99.80685373632193
20,full,500,kmeans,0.0001,33.07493352890015,105.97808975458751
20,full,500,random,1e-06,36.16497721672058,106.63100469941068
20,full,500,random,1e-05,44.08988847732544,100.5313546108157
20,full,500,random,0.0001,50.68754053115845,99.88245777961454
20,full,1000,kmeans,1e-06,29.657563161849975,104.13540091776898
20,full,1000,kmeans,1e-05,35.73450303077698,99.80685373632193
20,full,1000,kmeans,0.0001,31.50934567451477,105.97808975458751
20,full,1000,random,1e-06,32.650536346435544,106.63100469941068
20,full,1000,random,1e-05,46.90384707450867,100.5313546108157
20,full,1000,random,0.0001,54.64858555793762,99.88245777961454
20,tied,100,kmeans,1e-06,16.517101526260376,95.20333042450116
20,tied,100,kmeans,1e-05,18.678798341751097,93.23328035984908
20,tied,100,kmeans,0.0001,17.158727073669432,94.49484815353318
20,tied,100,random,1e-06,2.327622127532959,103.84039032496534
20,tied,100,random,1e-05,1.8673644542694092,103.33653681514375
20,tied,100,random,0.0001,2.0145923614501955,104.43096771306541
20,tied,200,kmeans,1e-06,17.85547308921814,95.20333042450116
20,tied,200,kmeans,1e-05,20.082203245162965,93.23328035984908
20,tied,200,kmeans,0.0001,16.85459609031677,94.49484815353318
20,tied,200,random,1e-06,2.24521951675415,103.84039032496534
20,tied,200,random,1e-05,2.145617628097534,103.33653681514375
20,tied,200,random,0.0001,1.7535514831542969,104.43096771306541
20,tied,300,kmeans,1e-06,17.8749737739563,95.20333042450116
20,tied,300,kmeans,1e-05,19.32314763069153,93.23328035984908
20,tied,300,kmeans,0.0001,18.970763683319092,94.49484815353318
20,tied,300,random,1e-06,2.3488141536712646,103.84039032496534
20,tied,300,random,1e-05,2.8470125675201414,103.33653681514375
20,tied,300,random,0.0001,2.8019317150115968,104.43096771306541
20,tied,500,kmeans,1e-06,20.004922103881835,95.20333042450116
20,tied,500,kmeans,1e-05,20.615278816223146,93.23328035984908
20,tied,500,kmeans,0.0001,19.048506927490234,94.49484815353318
20,tied,500,random,1e-06,1.7803519725799561,103.84039032496534
20,tied,500,random,1e-05,2.16048264503479,103.33653681514375
20,tied,500,random,0.0001,2.050814390182495,104.43096771306541
20,tied,1000,kmeans,1e-06,17.743193244934083,95.20333042450116
20,tied,1000,kmeans,1e-05,18.62866826057434,93.23328035984908
20,tied,1000,kmeans,0.0001,16.231337690353392,94.49484815353318
20,tied,1000,random,1e-06,2.021381664276123,103.84039032496534
20,tied,1000,random,1e-05,2.049045515060425,103.33653681514375
20,tied,1000,random,0.0001,2.189978551864624,104.43096771306541
20,diag,100,kmeans,1e-06,2.768574333190918,90.64559111986759
20,diag,100,kmeans,1e-05,3.247044229507446,91.55433967093738
20,diag,100,kmeans,0.0001,2.9684543132781984,90.99741701922021
20,diag,100,random,1e-06,2.9451441287994387,95.89831944450243
20,diag,100,random,1e-05,2.381595087051392,97.60159123475623
20,diag,100,random,0.0001,1.8383048534393311,100.65529407549694
20,diag,200,kmeans,1e-06,2.1705625534057615,90.64559111986759
20,diag,200,kmeans,1e-05,2.983008289337158,91.55433967093738
20,diag,200,kmeans,0.0001,2.8172745227813722,90.99741701922021
20,diag,200,random,1e-06,3.161657381057739,95.89831944450243
20,diag,200,random,1e-05,2.203750419616699,97.60159123475623
20,diag,200,random,0.0001,1.6684663772583008,100.65529407549694
20,diag,300,kmeans,1e-06,2.429204320907593,90.64559111986759
20,diag,300,kmeans,1e-05,3.0364937782287598,91.55433967093738
20,diag,300,kmeans,0.0001,2.8704543590545653,90.99741701922021
20,diag,300,random,1e-06,3.277081537246704,95.89831944450243
20,diag,300,random,1e-05,2.347031354904175,97.60159123475623
20,diag,300,random,0.0001,2.0718966484069825,100.65529407549694
20,diag,500,kmeans,1e-06,2.8091506481170656,90.64559111986759
20,diag,500,kmeans,1e-05,3.5014952182769776,91.55433967093738
20,diag,500,kmeans,0.0001,2.8488526821136473,90.99741701922021
20,diag,500,random,1e-06,2.8937545299530028,95.89831944450243
20,diag,500,random,1e-05,2.4365070343017576,97.60159123475623
20,diag,500,random,0.0001,1.9840094089508056,100.65529407549694
20,diag,1000,kmeans,1e-06,2.7399513721466064,90.64559111986759
20,diag,1000,kmeans,1e-05,2.980359983444214,91.55433967093738
20,diag,1000,kmeans,0.0001,2.3040984630584718,90.99741701922021
20,diag,1000,random,1e-06,2.733096981048584,95.89831944450243
20,diag,1000,random,1e-05,2.2366992950439455,97.60159123475623
20,diag,1000,random,0.0001,1.7265949249267578,100.65529407549694
20,spherical,100,kmeans,1e-06,0.6670661449432373,95.25322370833167
20,spherical,100,kmeans,1e-05,0.6404391765594483,95.25322370833167
20,spherical,100,kmeans,0.0001,0.647525405883789,95.25322370833167
20,spherical,100,random,1e-06,0.7277966976165772,102.277381460264
20,spherical,100,random,1e-05,0.7857800960540772,102.277381460264
20,spherical,100,random,0.0001,0.8171647071838379,102.277381460264
20,spherical,200,kmeans,1e-06,0.6177783966064453,95.25322370833167
20,spherical,200,kmeans,1e-05,0.6492369651794434,95.25322370833167
20,spherical,200,kmeans,0.0001,0.6452595233917237,95.25322370833167
20,spherical,200,random,1e-06,0.8081569194793701,102.277381460264
20,spherical,200,random,1e-05,0.7775285243988037,102.277381460264
20,spherical,200,random,0.0001,0.7407502651214599,102.277381460264
20,spherical,300,kmeans,1e-06,0.5840402126312256,95.25322370833167
20,spherical,300,kmeans,1e-05,0.6026370048522949,95.25322370833167
20,spherical,300,kmeans,0.0001,0.5918447494506835,95.25322370833167
20,spherical,300,random,1e-06,0.7323289394378663,102.277381460264
20,spherical,300,random,1e-05,0.7480963706970215,102.277381460264
20,spherical,300,random,0.0001,0.7356141567230224,102.277381460264
20,spherical,500,kmeans,1e-06,0.6334750652313232,95.25322370833167
20,spherical,500,kmeans,1e-05,0.6384250164031983,95.25322370833167
20,spherical,500,kmeans,0.0001,0.5999168872833252,95.25322370833167
20,spherical,500,random,1e-06,0.7126001834869384,102.277381460264
20,spherical,500,random,1e-05,0.7933208465576171,102.277381460264
20,spherical,500,random,0.0001,0.732658576965332,102.277381460264
20,spherical,1000,kmeans,1e-06,0.5663572311401367,95.25322370833167
20,spherical,1000,kmeans,1e-05,0.5268759727478027,95.25322370833167
20,spherical,1000,kmeans,0.0001,0.5235536575317383,95.25322370833167
20,spherical,1000,random,1e-06,0.7182879447937012,102.277381460264
20,spherical,1000,random,1e-05,0.6793871879577636,102.277381460264
20,spherical,1000,random,0.0001,0.7394938945770264,102.277381460264
25,full,100,kmeans,1e-06,22.528653144836426,101.00257325876139
25,full,100,kmeans,1e-05,33.95423669815064,101.35190251843525
25,full,100,kmeans,0.0001,29.269988822937012,101.1314799711197
25,full,100,random,1e-06,43.26738018989563,103.41157963617323
25,full,100,random,1e-05,60.04271178245544,102.02685394538494
25,full,100,random,0.0001,62.546670532226564,109.14121085187529
25,full,200,kmeans,1e-06,22.014727115631104,101.00257325876139
25,full,200,kmeans,1e-05,32.92737975120544,101.35190251843525
25,full,200,kmeans,0.0001,29.829101467132567,101.1314799711197
25,full,200,random,1e-06,45.91896739006042,103.41157963617323
25,full,200,random,1e-05,65.3349139213562,102.02685394538494
25,full,200,random,0.0001,69.74454197883605,109.14121085187529
25,full,300,kmeans,1e-06,23.377620887756347,101.00257325876139
25,full,300,kmeans,1e-05,36.327082777023314,101.35190251843525
25,full,300,kmeans,0.0001,30.162991952896117,101.1314799711197
25,full,300,random,1e-06,47.32718200683594,103.41157963617323
25,full,300,random,1e-05,67.40860061645508,102.02685394538494
25,full,300,random,0.0001,80.44800977706909,109.14121085187529
25,full,500,kmeans,1e-06,25.081930780410765,101.00257325876139
25,full,500,kmeans,1e-05,38.21369042396545,101.35190251843525
25,full,500,kmeans,0.0001,36.10089750289917,101.1314799711197
25,full,500,random,1e-06,54.74738788604736,103.41157963617323
25,full,500,random,1e-05,77.32654771804809,102.02685394538494
25,full,500,random,0.0001,86.65146584510804,109.14121085187529
25,full,1000,kmeans,1e-06,28.929089975357055,101.00257325876139
25,full,1000,kmeans,1e-05,39.33076024055481,101.35190251843525
25,full,1000,kmeans,0.0001,36.52104845046997,101.1314799711197
25,full,1000,random,1e-06,57.651905107498166,103.41157963617323
25,full,1000,random,1e-05,81.32884240150452,102.02685394538494
25,full,1000,random,0.0001,83.61273102760315,109.14121085187529
25,tied,100,kmeans,1e-06,18.11162304878235,93.88439050982291
25,tied,100,kmeans,1e-05,23.095646381378174,96.42898985145779
25,tied,100,kmeans,0.0001,22.94851961135864,97.68973540100664
25,tied,100,random,1e-06,2.8647905826568603,98.58987370672455
25,tied,100,random,1e-05,3.022200584411621,98.4753068371697
25,tied,100,random,0.0001,2.9701684951782226,99.90435476173516
25,tied,200,kmeans,1e-06,17.52112431526184,93.88439050982291
25,tied,200,kmeans,1e-05,23.455677366256715,96.42898985145779
25,tied,200,kmeans,0.0001,21.070568799972534,97.68973540100664
25,tied,200,random,1e-06,2.825562524795532,98.58987370672455
25,tied,200,random,1e-05,2.6471815586090086,98.4753068371697
25,tied,200,random,0.0001,2.3601871490478517,99.90435476173516
25,tied,300,kmeans,1e-06,17.07402834892273,93.88439050982291
25,tied,300,kmeans,1e-05,19.733283519744873,96.42898985145779
25,tied,300,kmeans,0.0001,19.863172864913942,97.68973540100664
25,tied,300,random,1e-06,2.3349953651428224,98.58987370672455
25,tied,300,random,1e-05,2.4298861026763916,98.4753068371697
25,tied,300,random,0.0001,2.367880630493164,99.90435476173516
25,tied,500,kmeans,1e-06,15.439009284973144,93.88439050982291
25,tied,500,kmeans,1e-05,22.52541813850403,96.42898985145779
25,tied,500,kmeans,0.0001,23.429690313339233,97.68973540100664
25,tied,500,random,1e-06,2.8464874744415285,98.58987370672455
25,tied,500,random,1e-05,2.4935925960540772,98.4753068371697
25,tied,500,random,0.0001,2.1207016468048097,99.90435476173516
25,tied,1000,kmeans,1e-06,16.66178274154663,93.88439050982291
25,tied,1000,kmeans,1e-05,21.05535731315613,96.42898985145779
25,tied,1000,kmeans,0.0001,23.830936622619628,97.68973540100664
25,tied,1000,random,1e-06,2.5803711891174315,98.58987370672455
25,tied,1000,random,1e-05,2.6924782276153563,98.4753068371697
25,tied,1000,random,0.0001,2.545557069778442,99.90435476173516
25,diag,100,kmeans,1e-06,3.345641088485718,96.7260841367706
25,diag,100,kmeans,1e-05,2.8362000942230225,99.56007196168841
25,diag,100,kmeans,0.0001,3.6936139106750487,105.01983690051244
25,diag,100,random,1e-06,3.3194072246551514,92.35437280587932
25,diag,100,random,1e-05,3.0660489082336424,94.79828435526854
25,diag,100,random,0.0001,2.792157745361328,94.03906485103637
25,diag,200,kmeans,1e-06,3.4779877185821535,96.66648398171772
25,diag,200,kmeans,1e-05,3.1653279781341555,99.56007196168841
25,diag,200,kmeans,0.0001,3.8250166893005373,105.01983690051244
25,diag,200,random,1e-06,3.0464691638946535,92.35437280587932
25,diag,200,random,1e-05,3.5589770793914797,94.67912106152119
25,diag,200,random,0.0001,2.9625311374664305,94.03906485103637
25,diag,300,kmeans,1e-06,3.570988321304321,96.66648398171772
25,diag,300,kmeans,1e-05,3.5031026363372804,99.56007196168841
25,diag,300,kmeans,0.0001,4.07008318901062,105.01983690051244
25,diag,300,random,1e-06,3.2785966873168944,92.35437280587932
25,diag,300,random,1e-05,2.658770942687988,94.67912106152119
25,diag,300,random,0.0001,2.5474637031555174,94.03906485103637
25,diag,500,kmeans,1e-06,3.717671537399292,96.66648398171772
25,diag,500,kmeans,1e-05,3.503345775604248,99.56007196168841
25,diag,500,kmeans,0.0001,3.7559682846069338,105.01983690051244
25,diag,500,random,1e-06,3.151312065124512,92.35437280587932
25,diag,500,random,1e-05,3.214193820953369,94.67912106152119
25,diag,500,random,0.0001,2.6527091026306153,94.03906485103637
25,diag,1000,kmeans,1e-06,2.9331273555755617,96.66648398171772
25,diag,1000,kmeans,1e-05,3.111910820007324,99.56007196168841
25,diag,1000,kmeans,0.0001,3.5379284858703612,105.01983690051244
25,diag,1000,random,1e-06,3.0802193164825438,92.35437280587932
25,diag,1000,random,1e-05,3.0359640598297117,94.67912106152119
25,diag,1000,random,0.0001,2.596582841873169,94.03906485103637
25,spherical,100,kmeans,1e-06,0.6540463924407959,96.47231588932735
25,spherical,100,kmeans,1e-05,0.6035571575164795,96.47231588932735
25,spherical,100,kmeans,0.0001,0.5796136856079102,96.47231588932735
25,spherical,100,random,1e-06,0.8948423862457275,136.42269612688827
25,spherical,100,random,1e-05,1.0206883430480957,136.42269612688827
25,spherical,100,random,0.0001,0.9235109329223633,136.42269612688827
25,spherical,200,kmeans,1e-06,0.5810952186584473,96.47231588932735
25,spherical,200,kmeans,1e-05,0.5790838718414306,96.47231588932735
25,spherical,200,kmeans,0.0001,0.6675387859344483,96.47231588932735
25,spherical,200,random,1e-06,0.9564889907836914,136.42269612688827
25,spherical,200,random,1e-05,0.8269311904907226,136.42269612688827
25,spherical,200,random,0.0001,0.874110221862793,136.42269612688827
25,spherical,300,kmeans,1e-06,0.6044008731842041,96.47231588932735
25,spherical,300,kmeans,1e-05,0.6265594959259033,96.47231588932735
25,spherical,300,kmeans,0.0001,0.5253982543945312,96.47231588932735
25,spherical,300,random,1e-06,0.8237413883209228,136.42269612688827
25,spherical,300,random,1e-05,0.7800593376159668,136.42269612688827
25,spherical,300,random,0.0001,0.856926155090332,136.42269612688827
25,spherical,500,kmeans,1e-06,0.5443161010742188,96.47231588932735
25,spherical,500,kmeans,1e-05,0.6210732460021973,96.47231588932735
25,spherical,500,kmeans,0.0001,0.6957980155944824,96.47231588932735
25,spherical,500,random,1e-06,1.0443584442138671,136.42269612688827
25,spherical,500,random,1e-05,0.9426599979400635,136.42269612688827
25,spherical,500,random,0.0001,0.9870448112487793,136.42269612688827
25,spherical,1000,kmeans,1e-06,0.7048267841339111,96.47231588932735
25,spherical,1000,kmeans,1e-05,0.6713824272155762,96.47231588932735
25,spherical,1000,kmeans,0.0001,0.6381097793579101,96.47231588932735
25,spherical,1000,random,1e-06,0.9684022903442383,136.42269612688827
25,spherical,1000,random,1e-05,0.9285696029663086,136.42269612688827
25,spherical,1000,random,0.0001,0.9478825092315674,136.42269612688827
