SMILES,Kinematic Viscosity_40C,Kinematic_Viscosity_100C,Dynamic_Viscosity_40C,Dynamic_Viscosity_100C,Type,KVI,DVI
CCOCOCOCOCC,1.473684211,0.797546012,1.54,0.78,Ether,0.0,174.58006523760503
C(C)(=O)OCCOCCOC(C)=O,2.983870968,1.042735043,3.7,1.22,Ether,0.0,135.99702974319223
COCCOCCOCCOC,1.542443064,0.737073707,1.49,0.67,Ether,0.0,151.83788771278427
CCOCOCOCOCOCC,2.615694165,1.268656716,2.6,1.19,Ether,0.0,175.79718179774076
C1(CCCCC1)C(=O)OCC,1.66842661,0.861297539,1.58,0.77,Ester,0.0,169.67146021610827
CCCC(=O)c1ccccc1,1.595092025,0.675617615,1.56,0.629,Aromatic Ester,0.0,125.73772056342708
CCCCc1ccccc1,0.936018957,0.528967254,0.79,0.42,Aromatic,0.0,153.80346673797266
C1CC[C@@H]2CCCC[C@@H]2C1,2.528344671,1.09916368,2.23,0.92,Cyclic Paraffin,0.0,154.91407612352384
C1CCC(C1)C2CCCC2,1.317647059,0.695652174,1.12,0.56,Cyclic Paraffin,0.0,159.6915132431481
CCCCCC1CCCC1,1.103092784,0.617283951,0.856,0.45,Cyclic Paraffin,0.0,156.08765667020504
CCCCC1CCCCC1,1.224489796,0.691994573,0.96,0.51,Cyclic Paraffin,0.0,164.7855876054368
CCCCCCCCC=C,0.868965517,0.501474926,0.63,0.34,Paraffin,0.0,139.91768129463964
CCCCCCC=CCC,0.95890411,0.527086384,0.7,0.36,Paraffin,0.0,132.4617321075943
CCCC(CCC)CCC,0.748959778,0.431547619,0.54,0.29,Paraffin,0.0,118.88149761647696
CCCCCCC(CCC)O,9.24784217,1.806282723,7.5,1.38,Ether,0.0,6.765993792511807
C(=C)OCCOCCOCCOC=C,2.74473925,1.253616201,3.0,1.3,Ether,0.0,172.9093080109146
C(CC)OCCOCCOCCC,2.301495972,1.161369193,2.0,0.95,Ether,0.0,173.44975773941113
CCOCCOCCOCCOCC,2.646502836,1.26252505,2.8,1.26,Ether,0.0,175.63850847357236
CCCCCCCCCC,0.979020979,0.553892216,0.7,0.37,Paraffin,0.0,142.51037559737745
COCCOCCOCCOCCOC,2.437059416,1.044776119,2.42,0.98,Ether,0.0,155.23204687299716
C(COCCOCCOCCOCCO)O,24.75247525,4.502814259,27.5,4.8,Ether,88.77225196568159,121.45016760997049
C1CCC(C1)c2ccccc2,1.399785638,0.734463277,1.306,0.65,Aromatic,0.0,165.93729056179396
CCCCCc1ccccc1,1.155029586,0.615769712,0.976,0.492,Aromatic,0.0,153.71434558529404
[CH2]1CC[C]2(CC1)CC[CH2]CC2,2.505720824,1.083032491,2.19,0.9,Cyclic Paraffin,0.0,153.2950376739039
CC(C)CCC1CCCCC1,2.017654477,0.962566845,1.6,0.72,Cyclic Paraffin,0.0,155.8323077711484
CC(CC)(C)C1CCCCC1,3.071253071,1.232166018,2.5,0.95,Cyclic Paraffin,0.0,144.1166089907647
CCCCCC1CCCCC1,1.510152284,1.020134228,1.19,0.76,Cyclic Paraffin,0.0,194.47048403515606
CCCCCCC1CCCC1,1.38284251,0.732700136,1.08,0.54,Cyclic Paraffin,0.0,157.74175108103015
CCCCCCCCCC=C,1.06122449,0.594202899,0.78,0.41,Alkene,0.0,149.67775678729294
CCCCCC=CCCCC,1.136671177,0.590778098,0.84,0.41,Alkene,0.0,131.77000792451912
CCCCCCCCCCC,1.198347107,0.647058824,0.87,0.44,Paraffin,0.0,146.60795671998812
CCCCCCCCCC(C)=O,1.750924784,0.82460733,1.42,0.63,Ester,0.0,145.6850450301359
C(CCCC)OCCOCCOCCO,7.395833333,2.510917031,7.1,2.3,Ether,196.7933612724338,161.11565038021126
COC(C)COC(C)COC(C)COC,3.898635478,1.547987616,4.0,1.5,Ether,0.0,162.46916771308588
O(c1ccccc1)c2ccccc2,2.419659735,0.971287129,2.56,0.981,Aromatic Ester,0.0,147.22013807075774
CCc1cccc2ccccc12,2.57,0.99,2.56229,0.94446,Aromatic,0.0,138.7011739380833
C1CCC(CC1)c2ccccc2,2.122844828,0.87202718,1.97,0.77,Aromatic,0.0,135.55663480447976
C1CCC(CC1)C2=CC=CC=C2,1.939655172,0.906002265,1.8,0.8,Aromatic,0.0,159.04860243242987
O=C(c1ccccc1)c2ccccc2,6.986175115,1.511961722,7.58,1.58,Aromatic Ester,0.0,64.85219481719838
C(C)C1CCCC2=CC=CC=C12,2.108626198,0.960893855,1.98,0.86,Aromatic,0.0,159.0624471677005
CCCCCCc1ccccc1,1.421800948,0.711610487,1.2,0.57,Aromatic,0.0,151.86164493840505
CCCC(CC)c1ccccc1,1.552132701,0.801001252,1.31,0.64,Aromatic,0.0,162.59572411388558
C1CCC(CC1)C2CCCCC2,3.486238532,1.459589867,3.04,1.21,Cyclic Paraffin,0.0,161.66116744894055
CC(C1CCCC1)C2CCCC2,1.944444444,0.925700365,1.68,0.76,Cyclic Paraffin,0.0,159.24020748746017
CCCCCC1CCCCC1C,1.598002497,0.877659574,1.28,0.66,Cyclic Paraffin,0.0,171.22713382500962
CCC(CC)CC1CCCCC1,2.134146341,1.06080207,1.75,0.82,Cyclic Paraffin,0.0,167.09124305965713
CCCC(CC)C1CCCCC1,2.074074074,1.028645833,1.68,0.79,Cyclic Paraffin,0.0,166.14161543058998
C1(=CC=C(C=C1)C(=O)OCC)C(=O)OCC,8.113035552,2.473834443,8.9,2.6,Aromatic Ester,137.85288005319148,154.71806681752346
CC(CCC)(C)C1CCCCC1,4.395604396,1.554404145,3.6,1.2,Cyclic Paraffin,0.0,136.7521798443546
CCCCCCC1CCCCC1,1.879093199,0.877659574,1.492,0.66,Cyclic Paraffin,0.0,148.11447976037238
CCCCCCCC1CCCC1,1.703045685,0.845637584,1.342,0.63,Cyclic Paraffin,0.0,155.5883619448208
CCCCCCCCCCC=C,1.292059219,0.686695279,0.96,0.48,Paraffin,0.0,150.51114328137314
CCCCCC=CCCCCC,1.394101877,0.711237553,1.04,0.5,Paraffin,0.0,145.41527197469432
CCCCCC=CC(C)CCC,0.962566845,0.582386364,0.72,0.41,Alkene,0.0,165.37858370335152
CCCCC/C(=C/CCCC)/C,0.981432361,0.592383639,0.74,0.42,Alkene,0.0,166.05808069320608
CCCCCCC(C)CCCC,1.312584574,0.778097983,0.97,0.54,Paraffin,0.0,173.9312787392374
CCCCC(CC)CCC(C)C,1.18,0.68,0.87202,0.47192,Paraffin,0.0,163.96283360633993
CCCC(CC)(CCC)CCC,2.116402116,0.884831461,1.6,0.63,Paraffin,0.0,120.30737605044386
CCCC(CC(C)C)CC(C)C,1.068493151,0.570175439,0.78,0.39,Paraffin,0.0,133.10982905745158
CCC(C)(C)CCC(C)(C)CC,2.128514056,1.111111111,1.59,0.78,Paraffin,0.0,170.90895548390586
CCCCCCC(C)CC(C)C,1.36239782,0.696661829,1.0,0.48,Paraffin,0.0,141.94434510121505
CCCCCCCCCCCCO,11.80487805,2.586872587,9.68,2.01,Ether,12.022289136272773,89.62599449241958
C(CCCCCCC)OCCCC,1.673101673,0.848153215,1.3,0.62,Ether,0.0,157.31416209411202
C(C=CC(CCCCCCCC)O)O,26.05863192,5.0,24.0,4.4,Ether,119.03827566738792,123.25262681209638
CCCCCCCCCCCC,1.442176871,0.739130435,1.06,0.51,Paraffin,0.0,146.99847375466848
CCCCCCC(C)CCC=C,1.29506008,0.66572238,0.97,0.47,Alkene,0.0,142.34265396687255
CCCCOCCOCCOCCCC,1.856978085,0.879120879,1.61,0.72,Ether,0.0,154.86009103918494
C(CCCCC)OCCOCCOCCO,9.129066107,2.97029703,8.7,2.7,Ether,207.6339983944233,161.7996115188381
C(C)OCCOCCOCCOCCOCC,5.144995323,2.158979392,5.5,2.2,Ether,342.11662860100745,177.95998248889856
C(COCCOCCOCCOCCCC)O,10.04016064,3.371970495,10.0,3.2,Ether,249.16208681443695,168.7812790569687
COCCOCCOCCOCCOCCOC,3.57,1.4,3.61284,1.3384,Ester,0.0,156.915392993164
COCCOCCOCCOCCOCCOC,3.294010889,1.388308977,3.63,1.33,Ether,0.0,155.30196052382172
C(COCCOCCOCCOCCOCCO)O,21.64285714,5.134328358,30.3,6.88,Ether,179.44713209659176,160.22251131893094
OCCOCCOCCOCCOCCOCCO,28.36,5.13,39.704,6.8742,Ester,109.75596040809471,136.34461801983701
C(c1ccccc1)c2ccccc2,2.119071645,0.98621421,2.1,0.93,Aromatic,0.0,164.7677731757867
CCCc1ccc2ccccc2c1,3.30905307,1.187363834,3.18,1.09,Aromatic,0.0,135.4213081381123
C(CC)C1=CC=CC2=CC=CC=C12,2.971311475,1.103965702,2.9,1.03,Aromatic,0.0,137.8450005511009
CC(C)c1cccc2ccccc12,3.18,1.09,3.12276,1.02351,Aromatic,0.0,122.88693159839167
CCC1=C(C2=CC=CC=C2C=C1)C,2.743902439,1.168969182,2.7,1.1,Aromatic,0.0,160.87516638496555
CCC1=CC=CC2=C(C=CC=C21)C,2.561576355,1.136363636,2.6,1.1,Aromatic,0.0,165.35926079160996
C1(=CC=CC=C1)CC1=C(C=CC=C1)O,26.10261026,6.009389671,29.0,6.4,Ether,188.82253344120488,156.1655947527276
Cc1ccccc1C2CCCCC2,3.004338395,0.954545455,2.77,0.84,Aromatic,0.0,84.81211908708582
CC(C)C1CCCc2ccccc12,2.748171369,0.989010989,2.63,0.9,Aromatic,0.0,121.17250545030774
CC(C)(C)c1ccc2CCCc2c1,3.05,1.2,2.79075,1.0464,Aromatic,0.0,147.33945150850877
C1CCC2CCC3C(C12)CCCC3,2.524698134,0.967741935,2.3,0.84,Cyclic Paraffin,0.0,128.8145758667792
C(C)C1=CC=C(C2=CC=CC=C12)C,2.642276423,1.159574468,2.6,1.09,Aromatic,0.0,163.97632182922305
CCCCCCCc1ccccc1,1.72004745,0.827067669,1.45,0.66,Aromatic,0.0,153.02973118502618
C(CCCCC)C1=CC=C(C=C1)C,1.601423488,0.788485607,1.35,0.63,Aromatic,0.0,154.60379997993795
C1CCC(CC1)CC2CCCCC2,4.08,1.42,3.52104,1.16582,Cyclic Paraffin,0.0,133.8683022529834
CCCCC(C)(C)c1ccccc1,1.71,0.77,1.46889,0.62755,Aromatic,0.0,138.05876373938827
CC1C(CCCC1)C1CCCCC1,3.09,1.19,2.70066,0.9877,Paraffin,0.0,140.1538897601486
C1(CCCCC1)C1CC(CCC1)C,3.299203641,1.517323775,2.9,1.27,Cyclic Paraffin,0.0,173.30150630305354
CC(C)C(C(C)C)C1=CC=CC=C1,3.154205607,2.071516646,2.7,1.68,Aromatic,1511.3680292644792,199.90307446616828
C(CC)C1CC2CCCCC2CC1,1.394285714,0.794223827,1.22,0.66,Cyclic Paraffin,0.0,176.98328725757028
Cc1ccccc1c2ccccc2,3.169508526,1.101783841,3.16,1.05,Aromatic,0.0,127.4018480516792
C(CC)OCCOCCOCCC,2.301495972,1.161369193,2.0,0.95,Ether,0.0,173.44975773941113
C(CCC)OC(C)C1=CC=C(C=C1)OC,6.818181818,2.114164905,6.9,2.0,Ether,109.60919002035034,143.46059565643236
CC(C)C(C(C)C)C1CCCCC1,2.171779141,1.076523995,1.77,0.83,Cyclic Paraffin,0.0,167.62616381382065
CCCCCCCC1CCCCC1,2.296110414,1.022576361,1.83,0.77,Cyclic Paraffin,0.0,148.69696780517057
CCCCCCCCC1CCCC1,2.055137845,0.966887417,1.64,0.73,Cyclic Paraffin,0.0,154.84299344981375
CCCCCCCCCCCC=C,1.55792277,0.777934936,1.17,0.55,Alkene,0.0,147.6217673266865
CCCCCC=CCCCCCC,1.595744681,0.801687764,1.2,0.57,Alkene,0.0,151.86164493840505
CCCCC(CCCC)=CCCC,1.373844122,0.646067416,1.04,0.46,Alkene,0.0,117.17003298820327
CCCCCCCCCCCCC,1.765498652,0.858369099,1.31,0.6,Paraffin,0.0,148.4221580961153
CCCCC(CCCC)CCCC,1.503355705,0.685714286,1.12,0.48,Paraffin,0.0,113.15470853461791
CCCCCC(C)(CC)CCCC,1.69,0.75,1.25567,0.5265,Paraffin,0.0,117.71134983643007
CCCC(CCC)(CCC)C(C)C,1.692708333,0.826446281,1.3,0.6,Paraffin,0.0,149.82249995618042
CC(C)(CCCCCCCCCC)O,51.87637969,6.75990676,47.0,5.8,Ether,77.89522982837023,83.44754398123118
C(COCCOCCCCCCCCC)O,7.741251326,2.55839822,7.3,2.3,Ether,185.47384515433504,158.35578241954198
C(CCCCCC)OCCOCCOCCO,9.643201543,3.12815338,10.0,3.1,Ether,216.33307139791617,165.4279938993487
C=C(c1ccccc1)c2ccccc2,4.865938431,1.21875,4.9,1.17,Aromatic,0.0,61.92030585781666
CCc1cccc(c1)c2ccccc2,3.38,1.17,3.32592,1.08693,Aromatic,0.0,126.84122249730407
CCc1ccccc1c2ccccc2,3.42,1.15,3.36186,1.07985,Aromatic,0.0,123.12679094467015
CC(c1ccccc1)c2ccccc2,3.837563452,1.227513228,3.78,1.16,Aromatic,0.0,119.92566217453033
Cc1cccc(Cc2ccccc2)c1,2.56,1.05,2.50368,0.98175,Aromatic,0.0,150.71684936775364
Cc1ccc(Cc2ccccc2)cc1,2.28,0.99,2.23212,0.92664,Aromatic,0.0,156.12955934069285
Cc1ccccc1Cc2ccccc2,3.24,1.16,3.20112,1.0962,Aromatic,0.0,135.62021073877588
CC1=C(C=CC=C1)CC1=CC=CC=C1,3.066801619,1.164021164,3.03,1.1,Aromatic,0.0,145.1255110440136
CC1=C(C=CC=C1)C(C1=CC=CC=C1)=O,4.844606947,1.904761905,5.3,2.0,Ether,0.0,171.28099978351997
C1CCC(C1)c2ccc3CCCc3c2,5.85,1.4,5.7213,1.3146,Aromatic,0.0,66.95633221961916
C(OCc1ccccc1)c2ccccc2,3.12195122,1.226993865,3.2,1.2,Ether,0.0,153.91403672773745
C(C1=CC=CC=C1)C1=CC=C(C=C1)OC,3.561116458,1.506024096,3.7,1.5,Ether,0.0,170.39097614025252
CC(C)Cc1cccc2ccccc12,4.4,1.3,4.2152,1.1908,Aromatic,0.0,105.43192584444765
CCCCc1cccc2ccccc12,4.089490114,1.380434783,3.93,1.27,Aromatic,0.0,135.1834899477057
C(C)C1=C(C=C(C2=CC=CC=C12)C)C,2.306920762,0.965372508,2.3,0.92,Aromatic,0.0,150.3745000769478
CC=1C(=CC2=CC=CC=C2C1)CCC,3.087649402,1.291666667,3.1,1.24,Aromatic,0.0,163.1128918031427
CC1=CC=C(C2=CC=CC=C12)C(C)C,4.970178926,1.663201663,5.0,1.6,Aromatic,0.0,146.00766455825772
O(C1=CC=CC=C1)CCOC1=CC=CC=C1,7.352941176,2.441229656,8.5,2.7,Aromatic Ester,177.91385710213243,163.91144678352018
C1CCC(CC1)CCc2ccccc2,3.201754386,1.254315305,2.92,1.09,Aromatic,0.0,148.77470150028773
C1(CCCCC1)C1=C(C=C(C=C1)C)C,3.921568627,1.712328767,3.6,1.5,Aromatic,0.0,172.93956484452494
C1(CCCCC1)C1=C(C=C(C=C1)C)C,3.921568627,1.712328767,3.6,1.5,Aromatic,0.0,172.93956484452494
CC(C1CCCCC1)c2ccccc2,4.245385451,1.399317406,3.91,1.23,Aromatic,0.0,128.66368253246785
C1CCC(C1)CCCc2ccccc2,2.535991141,1.139534884,2.29,0.98,Aromatic,0.0,162.50785657000895
CCCCC1CCCc2ccccc12,3.91,1.3,3.60111,1.1427,Aromatic,0.0,125.05919637552523
Cc1cc(C)c(C2CCCC2)c(C)c1,4.59,1.39,4.2687,1.23293,Aromatic,0.0,113.01571064587182
CCC(C)C1CCCc2ccccc12,4.010928962,1.19266055,3.67,1.04,Aromatic,0.0,92.5235552231886
C1CCC2C(C1)CCC3CCCCC23,5.11,1.69,4.75741,1.51086,Cyclic Paraffin,0.0,142.18445148119582
CCCCCCCCc1ccccc1,2.054631829,0.927318296,1.73,0.74,Aromatic,0.0,149.14993193457784
CCCCCCC(C)c1ccccc1,2.099644128,0.902255639,1.77,0.72,Aromatic,0.0,138.4097244200002
CC(CCCCCC)C1=CC=CC=C1,2.007125891,0.927318296,1.69,0.74,Aromatic,0.0,152.9666816199029
C(C)C1C(CCCC1)C1CCCCC1,4.73,1.53,4.1624,1.2852,Cyclic Paraffin,0.0,128.39756191861892
CC(C1CCCCC1)C2CCCCC2,7.866061294,1.730310263,6.93,1.45,Cyclic Paraffin,0.0,54.68994179190912
C1(CCCCC1)CC1CCC(CC1)C,4.61,1.5,3.98304,1.236,Cyclic Paraffin,0.0,126.61650266516298
CC(C)CCC(C)(C)c1ccccc1,2.26,0.96,1.93456,0.77952,Aromatic,0.0,142.0165225986077
C1CCC(CC1)CCCC2CCCC2,3.7470726,1.451414514,3.2,1.18,Cyclic Paraffin,0.0,150.8931977860206
CC(C)(C)c1cccc(c1O)C(C)(C)C,6.1,1.5,5.6303,1.317,Aromatic Ester,0.0,71.85381732930176
CCCCCCC(C)C1CCCCC1,2.938271605,1.147327249,2.38,0.88,Cyclic Paraffin,0.0,134.57003489180602
CC(C)(C)C1CCC(CC1)C(C)(C)C,4.265402844,1.631116688,3.6,1.3,Cyclic Paraffin,0.0,152.48178651118616
CCCCCCCCC1CCCCC1,2.8,1.160949868,2.24,0.88,Cyclic Paraffin,0.0,145.0997979363041
CC(=C)CCCCCCCCC(C)=C,1.511335013,0.733333333,1.2,0.55,Alkene,0.0,142.57314934652396
CCCCCCCCCCCCC=C,1.860158311,0.895104895,1.41,0.64,Alkene,0.0,150.77993549470352
CCCCCCCCCC1CCCC1,2.275862069,1.019417476,1.98,0.84,Cyclic Paraffin,0.0,154.59986766242082
CCCCCCC=CCCCCCC,1.973684211,0.90403338,1.5,0.65,Alkene,0.0,143.35145796794018
C(COCCOCCOCCOCCO)O,24.73021583,4.507042254,27.5,4.8,Ether,89.54629717320357,121.45016760997049
CC(=CCCCCC)CCCCCC,0.986842105,0.430555556,0.75,0.31,Alkene,0.0,-0.10173312586118755
CC(=CC(C)(C)C(C)(C)C)C(C)(C)C,2.617534943,1.088709677,2.06,0.81,Alkene,0.0,140.13880008179035
C=1(C(=CC=CC1)C(=O)OCCOC)C(=O)OCCOC,19.05172414,3.758992806,22.1,4.18,Aromatic Ester,72.26450625405289,124.61952722606874
CCCCCCCCCCCCCC,2.139037433,0.974576271,1.6,0.69,Paraffin,0.0,146.35566726055035
CC(C)CCCCCCCCCCC,2.03480589,0.95035461,1.52,0.67,Paraffin,0.0,148.40844566186047
CCCCCCC(C)CCCCCC,1.989319092,0.891089109,1.49,0.63,Paraffin,0.0,136.2284594918631
CC(C)CCCCCCCCC(C)C,1.350993377,0.603085554,1.02,0.43,Paraffin,0.0,92.44690000953608
CCC(CC)CCCCC(CC)CC,1.75,0.79,1.33525,0.5688,Paraffin,0.0,129.3311623835453
CC(CC(C)(C)C(C)(C)C)C(C)(C)C,3.773824651,1.420911528,2.97,1.06,Paraffin,0.0,140.3822471889638
C(CCC(=O)OCCCCC)(=O)OCCCCC,6.560846561,2.227171492,6.2,2.0,Ester,169.99080000574233,156.07108262046995
C(CCCCC(=O)OCC(C)C)(=O)OCC(C)C,3.897216274,1.473922902,3.64,1.3,Ester,0.0,151.02735188608506
C(CCCCC(=O)OCC(C)C)(=O)OCC(C)C,3.897216274,1.462585034,3.64,1.29,Ester,0.0,149.63675141226136
C(CCC(=O)OCCC(C)C)(=O)OCCC(C)C,9.341825902,2.684563758,8.8,2.4,Ester,130.12257675105718,143.99326766305563
C(CCCCCCC)OCCOCCOCCO,13.84451544,4.352678571,13.0,3.9,Ether,259.45245610092184,168.24293335621095
CC(OCCOCCOCCOCCOCCOC)C,15.53062985,4.701627486,18.0,5.2,Ether,255.06325729974176,171.43367872763065
C(CCC)OCCOCCOCCOCCOCCO,20.64896755,6.172839506,21.0,6.0,Ether,281.7788865730897,173.30103785929714
CC(c1ccccc1)c2ccc(C)cc2,4.5,1.11,4.383,1.03341,Aromatic,0.0,38.78143440707649
C(Cc1ccccc1)Cc2ccccc2,3.62,1.3,3.51864,1.2064,Aromatic,0.0,141.4721422134403
CC(Cc1ccccc1)c2ccccc2,4.299065421,1.397379913,4.14,1.28,Aromatic,0.0,128.35667921742242
CCc1ccc(Cc2ccccc2)cc1,2.48,1.07,2.3932,0.98761,Aromatic,0.0,158.13667540979668
CCCc1ccccc1c2ccccc2,4.570837642,1.428571429,4.42,1.32,Aromatic,0.0,124.44619269848393
CCc1cccc(Cc2ccccc2)c1,2.69,1.12,2.59854,1.03488,Aromatic,0.0,155.4037037474965
CCC(c1ccccc1)c2ccccc2,3.7,1.22,3.6112,1.13826,Aromatic,0.0,123.53689969861227
CCc1ccccc1Cc2ccccc2,3.41,1.22,3.33839,1.14192,Aromatic,0.0,137.94350830714734
CC(C)c1ccccc1c2ccccc2,5.933952528,1.567567568,5.75,1.45,Aromatic,0.0,99.55137530863725
C1(=C(C=CC=C1)CC1=C(C=CC=C1)C)C,2.275077559,0.962162162,2.2,0.89,Aromatic,0.0,150.36893368703116
CC1=CC=C(C=C1)C(C)C1=CC=CC=C1,5.544147844,1.825993555,5.4,1.7,Aromatic,0.0,146.65766810994958
Cc1ccc(Cc2ccccc2)cc1C,4.81,1.54,4.70899,1.44144,Aromatic,0.0,134.1686474396506
CC(C)(c1ccccc1)c2ccccc2,4.56,1.41,4.4916,1.32822,Aromatic,0.0,123.14245421446566
C(C)C1=CC=C(C(=O)C2=CC=CC=C2)C=C1,6.074766355,2.235179786,6.5,2.3,Ether,225.50584097112073,169.18532332394878
CC=1C=C(C(=O)C2=CC=CC=C2)C=CC1C,6.116774791,2.408477842,6.6,2.5,Ether,295.80303308119323,176.40985539880094
CCCCCc1cccc2ccccc12,5.18363064,1.621029573,4.94,1.48,Aromatic,0.0,132.37929349739562
Cc1ccc(C)c(CC2CCCCC2)c1,7.59,1.72,7.11183,1.54112,Aromatic,0.0,71.5343612400797
CCCCCC1CCCc2ccccc12,4.28,1.38,3.91192,1.20612,Aromatic,0.0,123.72521685425602
C1CCC(C1)C2CCC(C2)C3CCCC3,3.24631101,1.435406699,2.86,1.2,Cyclic Paraffin,0.0,167.3200092138177
C1CCC(C1)C2CCC(C2)C3CCCC3,3.292410714,1.423570595,2.95,1.22,Cyclic Paraffin,0.0,166.28341290607938
C(C)OCCOCCOCCOCC,2.646502836,1.26252505,2.8,1.26,Ether,0.0,175.63850847357236
CCCCCCCC(C)c1ccccc1,2.59,1.05,2.18596,0.84105,Aromatic,0.0,138.72151050178934
CC1=CC=C(C=C1)CCCCCCCC,2.386255924,1.05721393,2.014,0.85,Aromatic,0.0,154.411996201083
CCCCCCCc1ccc(C)c(C)c1,5.331781141,1.210268949,4.58,0.99,Aromatic,0.0,-1.6445400176735347
CC1=C(C=C(C=C1)CCCCCCC)C,2.910360885,1.528117359,2.5,1.25,Aromatic,0.0,184.26110263366868
C1CCC(CC1)CCCC2CCCCC2,6.38,1.94,5.48042,1.58886,Cyclic Paraffin,0.0,131.49619116051446
CC(CC1CCCCC1)C2CCCCC2,6.42,1.86,5.5854,1.54566,Cyclic Paraffin,0.0,122.1732384542815
C(CC)C1C(CCCC1)C1CCCCC1,6.18,1.69,5.41986,1.41622,Cyclic Paraffin,0.0,104.74448430500942
CCC(C1CCCCC1)C2CCCCC2,6.4,1.81,5.6512,1.52945,Cyclic Paraffin,0.0,117.55118665957437
C1(CCCCC1)CC1CC(CCC1)CC,4.724409449,1.650943396,4.2,1.4,Cyclic Paraffin,0.0,145.14326755415325
C(C)(C)C1C(CCCC1)C1CCCCC1,6.52,1.89,5.76368,1.58949,Cyclic Paraffin,0.0,123.4788980591576
CC(C)(C1CCCCC1)C2CCCCC2,9.75,2.38,8.72625,2.03728,Cyclic Paraffin,37.481671554252245,112.51011945266059
CCCCCCCCCOc1ccccc1,4.029511918,1.338112306,3.55,1.12,Ester,0.0,122.49591757814181
C(CCC)C1C(CCCC1)CCCCC,2.709359606,1.322957198,2.2,1.02,Cyclic Paraffin,0.0,172.96607616251603
CC(CC)CC(CC)(C1CCCCC1)C,5.608591885,2.141057935,4.7,1.7,Cyclic Paraffin,246.2309508001565,162.7435460838
CCCCCCCCCC1CCCCC1,3.329192547,1.305483029,2.68,1.0,Cyclic Paraffin,0.0,144.12749804851455
CCCCCCCCCCCCCC=C,2.230971129,1.027777778,1.7,0.74,Alkene,0.0,152.02140997877154
CCCCCCC=CCCCCCCC,2.359108781,1.049723757,1.8,0.76,Alkene,0.0,148.51952502683446
CCCCCCCCCCC1CCCC1,2.969924812,1.26984127,2.37,0.96,Cyclic Paraffin,0.0,154.31272757207978
CC(C=C)CCCCCCCCCCC,2.102496715,0.970873786,1.6,0.7,Alkene,0.0,149.72580610906078
CCCCCCCCCCCCCCC,2.582781457,1.100981767,1.95,0.785,Paraffin,0.0,142.29800087038166
CC(C)CCCCCCCCCCCC,2.390438247,1.078431373,1.8,0.77,Paraffin,0.0,151.38542638406076
CCCCCCCCCCC(CC)CC,2.34,1.03,1.78542,0.74572,Paraffin,0.0,145.544340214652
CCC(CC)CCCCCC(CC)CC,1.97,1.21,1.51493,0.88088,Paraffin,0.0,189.8317926017478
CC(CCCCCCCCCCCCC)=O,2.836185819,1.41025641,2.32,1.1,Ether,0.0,177.15004530070854
CCCCCCCCCCCCCC(=O)OC,3.44,1.34,2.93088,1.08138,Ester,0.0,146.65201901967313
CC(C)CCCC(CCCC(CC)C)(O)C,52.28031146,7.502930832,47.0,6.4,Ether,105.30702677867635,104.59323090848766
C(CCCC(=O)OCCC(C)C)(=O)OCCC(C)C,11.82795699,3.287981859,11.0,2.9,Ester,157.31614242851478,147.7577647680932
CCCC(=O)OCC(COC(=O)CCC)OC(=O)CCC,5.398230088,1.671826625,5.49,1.62,Ester,0.0,135.28862393745015
C(CCCC)OCCOCCOCCOCCOCCO,26.8389662,7.692307692,27.0,7.4,Ether,281.6500789175095,174.25827305471614
C(COCCOCCOCCOCCOCCCCC)O,26.8389662,7.692307692,27.0,7.4,Ether,281.6500789175095,174.25827305471614
C1(CCCCC1)C1=CC2=CC=CC=C2C=C1,16.84836472,5.051546392,17.0,4.9,Aromatic,262.66085532352713,170.12701605026683
C1(CCCCC1)C1=CC=CC2=CC=CC=C12,15.56420233,4.752275025,16.0,4.7,Aromatic,260.67679469786486,170.61972768011026
C1(=CC=CC=C1)C(=CCC)C1=CC=CC=C1,7.237512742,2.444208289,7.1,2.3,Aromatic,187.96970642395434,161.11565038021126
CCC(Cc1ccccc1)c2ccccc2,5.02,1.41,4.78406,1.27182,Aromatic,0.0,98.49701517298496
CCCCc1ccccc1c2ccccc2,5.083857442,1.546052632,4.85,1.41,Aromatic,0.0,124.33151320091497
CCCC(c1ccccc1)c2ccccc2,4.35,1.36,4.1847,1.25256,Aromatic,0.0,121.07472381428776
C1(=CC=CC=C1)CC(CC1=CC=CC=C1)C,11.06639839,3.161222339,11.0,3.0,Aromatic,160.43122114209675,152.5657520392648
CC(Cc1ccccc1)Cc2ccccc2,5.42,1.49,5.38748,1.41401,Aromatic,0.0,105.5021418873691
CC(C)Cc1ccccc1c2ccccc2,6.0,1.46,5.7,1.32422,Aromatic,0.0,70.764496731353
C1(=CC=CC=C1)CC(C)(C)C1=CC=CC=C1,4.806687565,1.728665208,4.6,1.58,Aromatic,0.0,154.37046008613652
CCC(C)c1ccccc1c2ccccc2,7.07,1.57,6.77306,1.43812,Aromatic,0.0,57.58097662605982
C1(=CC=CC=C1)C(C(C)C)C1=CC=CC=C1,11.43451143,3.152173913,11.0,2.9,Aromatic,146.1058416143636,147.7577647680932
CCc1ccc(cc1)C(C)c2ccccc2,4.755970924,1.334056399,4.58,1.23,Aromatic,0.0,97.47513348764595
C(C)C1=CC=C(C=C1)C(C)C1=CC=CC=C1,5.919003115,1.952277657,5.7,1.8,Aromatic,0.0,149.5365375120548
CC(C)c1ccc(Cc2ccccc2)cc1,3.09,1.23,3.00657,1.14759,Aromatic,0.0,154.2898778316044
CCC(C)(c1ccccc1)c2ccccc2,7.5,1.77,7.3575,1.66203,Aromatic,0.0,89.17891979302362
CC(c1ccccc1)c2cc(C)ccc2C,4.423868313,1.901181525,4.3,1.77,Aromatic,0.0,175.76219552240013
C1CCC(C1)C2=CC=CC=C2C3CCCC3,17.59834369,4.896626768,17.0,4.5,Aromatic,227.21851195170967,161.80391664556433
C1CCC(C1)c2ccccc2C3CCCC3,17.0,4.5,16.422,4.167,Aromatic,194.39006672541282,156.09507815077387
C1(=CC=CC=C1)C1CC2CCCCC2CC1,9.165808445,3.007518797,8.9,2.8,Aromatic,214.48209479135446,164.0427727922389
CC1=C(C(=CC(=C1)C)C)C(C1=CC=CC=C1)=O,4.913294798,1.803607214,5.1,1.8,Ether,0.0,162.03901306509962
CCCCCCc1ccc2ccccc2c1,4.582441113,1.489361702,4.28,1.33,Aromatic,0.0,131.6824830944303
CC(=C)C1C(CC(CC1)C)C1=CC=CC=C1,3.76344086,1.578354002,3.5,1.4,Aromatic,0.0,167.07992981211572
C(C)(C)C1C=CC(C2=CC=CC=C12)C(C)C,10.71811361,3.023516237,10.0,2.7,Aromatic,146.63699219758635,147.64213416525413
C(CCCCCC)C=1C=C2CCCC2=CC1,6.16,1.7,5.544,1.4637,Aromatic,0.0,109.5660426663088
C1CCC(C1)C(C2CCCC2)C3CCCC3,6.067172264,1.823329558,5.6,1.61,Cyclic Paraffin,0.0,130.9868296440808
CCC(CC1CCCCC1)C2CCCCC2,7.81,1.98,7.029,1.683,Cyclic Paraffin,0.0,102.2433969002033
CCCCCCCCCCc1ccccc1,2.921615202,1.225,2.46,0.98,Aromatic,0.0,152.92283457281465
C(CCC)C1=C(C=CC=C1)CCCCCC,3.062426384,1.333333333,2.6,1.08,Aromatic,0.0,162.54047237395102
CCCCCCCCC(C)c1ccccc1,2.92,1.11,2.47032,0.89022,Aromatic,0.0,130.58571692250587
CC1=C(C=C(C=C1)C)CCCCCCCC,1.76056338,0.874384236,1.5,0.71,Aromatic,0.0,162.65947113337887
C1CCC(CC1)CCCCC2CCCCC2,7.56,2.18,6.50916,1.79632,Cyclic Paraffin,86.44829800899167,131.1667586915459
CCCCC1CCC(CC1)C2CCCCC2,6.48,1.68,5.65056,1.39944,Cyclic Paraffin,0.0,92.2715732208834
CC(CC1CCCCC1)CC2CCCCC2,7.08,1.97,6.09588,1.6154,Cyclic Paraffin,0.0,117.78609974400024
CC(CCC1CCCCC1)C2CCCCC2,8.78,2.26,7.62104,1.87806,Cyclic Paraffin,47.34095926148907,115.9454337834888
CCCC(C1CCCCC1)C2CCCCC2,10.92045455,2.458628842,9.61,2.08,Cyclic Paraffin,9.648276291490316,100.62559714030948
CCC(C)(C1CCCCC1)C2CCCCC2,13.65,2.72,12.29865,2.34736,Cyclic Paraffin,-17.587939698492473,86.92850677323906
CCCCOC(=O)c1ccccc1C(=O)OCCCC,9.78,2.31,10.06362,2.26842,Aromatic Ester,14.045757312482,114.12983483616149
C1(=CC=C(C=C1)C(=O)OCCCC)C(=O)OCCCC,17.64705882,4.298245614,21.0,4.9,Aromatic Ester,158.74345066202216,153.38243289811368
C=1(C(=CC=CC1)C(=O)OCC(C)C)C(=O)OCC(C)C,17.61252446,1.755102041,18.0,1.72,Aromatic Ester,0.0,-243.0983066255926
C=1(C(=CC=CC1)C(=O)OCC(C)C)C(=O)OCC(C)C,17.61252446,1.755102041,18.0,1.72,Aromatic Ester,0.0,-243.0983066255926
C(C=1C(C(=O)OC(C)CC)=CC=CC1)(=O)OC(C)CC,28.20512821,5.535714286,33.0,6.2,Aromatic Ester,137.77805542734376,140.71284162135922
C(C1=CC=C(C(=O)OCC(C)C)C=C1)(=O)OCC(C)C,20.33898305,5.840707965,24.0,6.6,Aromatic Ester,261.7436948685192,172.5572604166091
C(C1=CC(C(=O)OCC(C)C)=CC=C1)(=O)OCC(C)C,29.16666667,5.826086957,35.0,6.7,Aromatic Ester,147.70934005973947,145.1705691873316
C(CCCC)C1CCC(CC1)CCCCC,2.843016069,1.326397919,2.3,1.02,Cyclic Paraffin,0.0,168.16726731383176
C(CCC)C1C(CCCC1)CCCCCC,2.825552826,1.332470893,2.3,1.03,Cyclic Paraffin,0.0,169.56489663154738
CCCCCCCCCCC1CCCCC1,3.962732919,1.464052288,3.19,1.12,Cyclic Paraffin,0.0,140.967457689709
C(=C)C(CCCC)CCC=CCCCCC,2.451612903,1.06122449,1.9,0.78,Alkene,0.0,145.31019411813537
CCCCCCCCCCCCCCC=C,2.630208333,1.157024793,2.02,0.84,Alkene,0.0,151.57597489172701
CCCCCC=CCCCCCCCCC,2.727272727,1.190150479,2.1,0.87,Alkene,0.0,152.80537494083669
CCCCCCCCCCCC1CCCC1,3.146696529,1.272084806,2.81,1.08,Cyclic Paraffin,0.0,152.4716871638799
CC(C)(C=CC(CCCCCCCC)C)C,2.857142857,1.23119015,2.2,0.9,Alkene,0.0,152.62291006514687
CCCCCCCCCCCCCCCC,2.934210526,1.25,2.23,0.9,Paraffin,0.0,150.5897048095909
CC(C)CCCCCCCCCCCCC,2.919418758,1.229050279,2.21,0.88,Paraffin,0.0,147.2813796077404
CCCCCCC(CCC)CCCCCC,2.664041995,1.026352288,2.03,0.74,Paraffin,0.0,117.59307302017642
CC(CCCCC)CCCCCCCCC,2.879581152,1.227586207,2.2,0.89,Paraffin,0.0,150.36893368703116
CCCCC(CC)CCC(CC)CCCC,2.41,0.99,1.8557,0.7227,Paraffin,0.0,130.00982394538462
CCC(CC)(CC)CCC(CC)(CC)CC,5.21,1.65,4.00649,1.20945,Paraffin,0.0,120.01822653858513
CCCCCCCC(CO)CCCCCCC,19.0776699,2.774936061,15.72,2.17,Ether,-189.89254626382234,-5.388420821278743
CCCCCCCCCC(CO)CCCCC,18.49331713,2.774936061,15.22,2.17,Ether,-169.63687616707278,4.720441528526408
CCCCCCCCCCC(CO)CCCC,18.83353584,2.813299233,15.5,2.2,Ether,-166.51406211275471,5.653057562000214
CCCCCCCCCCCC(CO)CCC,17.09599028,2.762148338,14.07,2.16,Ether,-125.75020311695064,25.687133965003113
CCCCCCCCCCCCC(CC)CO,18.10449575,2.928388747,14.9,2.29,Ether,-101.277149111089,34.38277113846965
CCCCCCCCC(CO)CCCCCC,19.25880923,2.787723785,15.85,2.18,Ether,-191.10057341520914,-5.727831931843383
C(C(=O)OCCCCCCC)(=O)OCCCCCCC,10.38961039,3.299203641,9.6,2.9,Ester,215.81959852209718,161.37062772796423
C(CCCCCCCCC(=O)OCCC)(=O)OCCC,10.17130621,3.153153153,9.5,2.8,Ester,195.52765843782672,158.0159865688372
C(CCCCC(=O)OCCCCC)(=O)OCCCCC,8.360128617,2.699662542,7.8,2.4,Ester,184.37745032497338,157.34499005264416
C(CCCCCCC(=O)OCCCC)(=O)OCCCC,4.635193133,1.687289089,4.32,1.5,Ester,0.0,153.58899826740017
CCCCCCOCCOCCOCCCCCC,7.450523865,2.926829268,6.4,2.4,Ether,326.48798720736,174.84434440519732
C(c1ccccc1)c2cccc3ccccc23,10.9,2.4,12.535,2.664,Aromatic,-8.581752484191485,115.37199458214164
CC(C)c1ccc2ccc3ccccc3c2c1,23.9,2.9,26.1466,3.0566,Aromatic,-296.16613418530335,1.9340470753738543
C(CCc1ccccc1)CCc2ccccc2,5.0,1.62,4.715,1.4418,Aromatic,0.0,134.0237852831461
C(CCC)C1=CC=C(C=C1)CC1=CC=CC=C1,4.555084746,1.769911504,4.3,1.6,Aromatic,0.0,163.75090434125588
CCCCC(c1ccccc1)c2ccccc2,6.33,1.59,6.03249,1.45008,Aromatic,0.0,89.20053908795254
C(C1=CC=CC=C1)C(CC1=CC=CC=C1)CC,6.90376569,1.894852136,6.6,1.73,Aromatic,0.0,120.68356723155736
CC(CC(C1=CC=CC=C1)C1=CC=CC=C1)C,13.66982124,3.736263736,13.0,3.4,Aromatic,174.88189239348196,152.5875452256308
C1(=CC=CC=C1)C(CC(C)C)C1=CC=CC=C1,13.66982124,3.736263736,13.0,3.4,Aromatic,174.88189239348196,152.5875452256308
CC=1C(=C(C=CC1)C1=CC=C(C=C1)C)C(C)C,10.49317943,3.278688525,10.0,3.0,Aromatic,206.8357224952962,161.70236278084465
CC1=CC=C(C=C1)CC(C)C1=CC=C(C=C1)C,5.109489051,1.633986928,4.9,1.5,Aromatic,0.0,136.4636424003179
CC(=CC1=CC=CC2=CC=CC=C12)CC(C)C,11.56677182,3.282275711,11.0,3.0,Aromatic,165.00947599237946,152.5657520392648
CC(=C(C(C)C)C1=CC=CC2=CC=CC=C12)C,12.48699272,3.571428571,12.0,3.3,Aromatic,184.1843434248035,156.48313686570822
CC1CC(=C(CC1)C(C)C)C1=CC=C(C=C1)C,9.041394336,2.961275626,8.3,2.6,Aromatic,210.53150483750642,161.5728546211169
C(CCCCCC)C=1C=C2CCCCC2=CC1,5.543237251,22.01622248,5.0,19.0,Aromatic,2453.1439916975023,219.12645931172403
CCCCCCCC1CCCc2ccccc12,9.2,2.1,8.9792,1.9614,Aromatic,-32.07331042382581,97.47258948977225
CC(CC=CC1=CC=CC=C1)CCC=C(C)C,5.131128848,1.909307876,4.5,1.6,Aromatic,0.0,158.8425841890113
CC(CCCC(C)C)C1CCC2=CC=CC=C12,13.40782123,3.617269545,12.0,3.1,Aromatic,164.12221015345887,148.06965335927543
C1(=CC=CC=C1)C(C)=CCCCCCCCC,3.078556263,1.333333333,2.9,1.2,Aromatic,0.0,165.80286317718154
CC(CC=C(CCCCC)C1=CC=CC=C1)C,4.423748545,1.707317073,3.8,1.4,Aromatic,0.0,158.0011138564999
CCCCCCCCCCCc1ccccc1,3.428232503,1.373283396,2.89,1.1,Aromatic,0.0,151.98078568491442
CCCCCCCCCC(C)c1ccccc1,4.68,1.31,3.96396,1.05717,Aromatic,0.0,78.94488959481228
C1(CCCCC1)CCCCCC1CCCCC1,7.934655776,2.53968254,6.8,2.08,Cyclic Paraffin,166.8869160542298,151.60194178251368
CCCCC(C1CCCCC1)C2CCCCC2,13.6,2.45,11.9136,2.0531,Cyclic Paraffin,-109.54140404259935,49.557076424972706
CC(C)CC(C1CCCCC1)C2CCCCC2,16.7,2.16,14.6626,1.81224,Cyclic Paraffin,-416.726520840135,-87.00869721802883
CCCCCCCCCCCC1CCCCC1,4.636251541,1.630012937,3.76,1.26,Cyclic Paraffin,0.0,140.39800909140394
CCCCCCCCCCCCCCCC=C,3.082901554,1.299589603,2.38,0.95,Paraffin,0.0,151.68894543048802
CCCCCCCC=CCCCCCCCC,3.037974684,1.263297872,2.4,0.95,Paraffin,0.0,150.44930810187589
CCCCCCCCCCCCC1CCCC1,4.086956522,2.083879423,3.29,1.59,Cyclic Paraffin,654.8168456090781,185.76597630180947
CCCCCCCC(C)(C)CCCCCCC,3.467532468,1.299589603,2.67,0.95,Paraffin,0.0,132.85099238373667
CCCCCCCCCCCCCC(C)(C)C,3.564593301,1.347607053,2.98,1.07,Paraffin,0.0,141.89148209565462
CCCCCCCCCCC(CCC)CCC,3.32,1.22,2.56636,0.8967,Paraffin,0.0,125.11009225555662
CCCCC(CCCC)(CCCC)CCCC,5.418848168,1.418636996,4.14,1.02,Paraffin,0.0,50.89607370242234
C(CCC)C(CCCC)(CCCC)CCCC,4.319371728,1.613351878,3.3,1.16,Paraffin,0.0,143.11161471185395
CCCCCCC(CCC)(CCC)CCCC,4.073634204,1.2125,3.43,0.97,Paraffin,0.0,83.8848533585666
CC(C)CCC(CC(CCC(C)C)(C)C)(C)C,3.58974359,1.349527665,2.8,1.0,Paraffin,0.0,136.92151040117093
C(CCCCCCCCCCCC)(=O)OCCCC,4.62633452,1.867995019,3.9,1.5,Ester,0.0,165.1546359172341
C(CCCCCCCCC)(=O)OCCCCCCC,4.245283019,1.732673267,3.6,1.4,Ester,0.0,164.11016629863747
C(CCCCCCCC)(=O)OCCCCCCCC,3.785488959,1.546961326,3.6,1.4,Ester,0.0,164.11016629863747
C(CCCCCCCCCCCCCC)(=O)OCC,4.0,1.475237092,4.0,1.4,Ester,0.0,151.67533112276107
C(CCCCCCCC)(=O)OC(CCCCCC)C,7.363420428,2.512562814,6.2,2.0,Ester,199.94601921663528,156.07108262046995
CCCCCCCCCCCCCC(=O)OC(C)C,4.2,1.58,3.5196,1.25926,Ester,0.0,149.8043315735847
CCCCCCCCCCCCCCCC(=O)OC,4.65,1.68,3.8967,1.33896,Ester,0.0,147.1781946137085
CCCCCCCCCCCCCC(=O)OCCC,4.48,1.65,3.78112,1.32495,Ester,0.0,149.3521424231268
C(CC)(=O)OCC(CCCCCCC)CCCCC,6.823529412,2.348578492,5.8,1.9,Ester,190.62814591755875,155.9170465038294
C(CCCCCC)C(C(=O)OC)CCCCCCC,6.885919836,2.267818575,6.7,2.1,Ester,156.72525083483356,154.68472950596828
CC(CCCCCCCCCCCCC(=O)OC)C,7.055214724,2.255639098,6.9,2.1,Ester,139.75393965603362,151.39831016145914
CC(CC(=O)OC(CC(C)(C)C)CCCCC)(C)C,5.245901639,1.84544406,4.8,1.6,Ester,0.0,151.23474922922128
C(CCCCCCCC(=O)OCC(C)C)(=O)OCC(C)C,10.8577633,3.075170843,10.0,2.7,Ester,151.54353406828986,147.64213416525413
CC(OCCCC)COC(COC(COCCCC)C)C,13.57904947,4.166666667,14.0,4.1,Ether,241.24030834038348,167.52666328885545
CCCCOCCOCCOCOCCOCCOCCCC,15.12455516,5.189990732,17.0,5.6,Ester,330.22091457723866,180.61254799486392
CCC1c2ccccc2C(CC)c3ccccc13,31.43712575,3.053830228,31.5,2.95,Aromatic,-448.9654060759403,-77.17603507106196
CCCC(Cc1ccccc1)Cc2ccccc2,7.13,1.65,6.88045,1.52955,Aromatic,0.0,76.84545075909062
C(CCCc1ccccc1)CCc2ccccc2,6.119402985,1.953125,5.74,1.75,Aromatic,0.0,143.8157298295854
C1(=CC=CC=C1)CCCCCCC1=CC=CC=C1,6.353944563,1.796875,5.96,1.61,Aromatic,0.0,120.86130436656055
CCCCCC(c1ccccc1)c2ccccc2,6.95,1.75,6.5608,1.58025,Aromatic,0.0,97.9001364130624
CC(CC(C1=CC=CC=C1)C1=CC=CC=C1)(C)C,15.88877855,4.257528557,16.0,4.1,Aromatic,189.56361027188183,156.5010577990291
C1(CCCCC1)CCC=1C=C2CCCCC2=CC1,17.72679875,5.211726384,17.0,4.8,Aromatic,258.85612874002686,168.24243308379522
CCCCCCCCc1ccc2ccccc2c1,6.02,1.86,5.5685,1.65168,Aromatic,0.0,137.1053108503966
CCCCCC(CC)c1ccc2ccccc2c1,9.01,1.99,7.97385,1.70145,Aromatic,0.0,78.96705529634687
CCCCCCC(C)c1cccc2ccccc12,8.38,1.8,7.77664,1.6056,Aromatic,0.0,64.4204211448758
CCCCC(CC)Cc1cccc2ccccc12,13.11,1.93,12.25785,1.73314,Aromatic,0.0,-42.50537655791334
C1(CCCCC1)C1CC(CCC1)C1CCCCC1,38.13651138,4.576271186,35.2,4.05,Cyclic Paraffin,-57.62690665448786,36.15747914811118
C1(CCCCC1)C1C(CCCC1)C1CCCCC1,38.79310345,4.949381327,36.0,4.4,Cyclic Paraffin,4.944333283698228,57.974256989746294
C1(CCCCC1)C1CCC(CC1)C1CCCCC1,20.8047105,6.141248721,21.2,6.0,Cyclic Paraffin,276.33693367581054,172.70240152604205
C(CCCCCCC)C=1C=C2CCCCC2=CC1,6.792873051,2.555168409,6.1,2.2,Aromatic,269.36553872332286,169.7220872643763
C(CCCCCCC)C1CCCC2=CC=CC=C12,14.39645626,4.398148148,13.0,3.8,Aromatic,247.99641440372332,165.62458683369562
CCCCCCCCC1CCCc2ccccc12,11.06312292,2.303240741,9.99,1.99,Aromatic,-50.463508761809095,79.98185658143109
C(CCC)C=1C=C2CCCCC2=CC1CCCC,6.805708013,2.520045819,6.2,2.2,Aromatic,254.91121241904375,168.3081923722446
CC(CC1CCC(C2=CC=CC=C12)CC(C)C)C,16.6481687,4.287369641,15.0,3.7,Aromatic,176.62440771178666,149.61940910903115
CC(C)(C)C=1C=C2C(C(C(C2=CC1)(C)C)C)(C)C,10.06355932,2.657807309,9.5,2.4,Aromatic,97.45493410265634,134.290471474861
CCCCCCCCCCCCc1ccccc1,4.002375297,1.535580524,3.37,1.23,Aromatic,0.0,151.41670477036013
CCCCCCc1ccc(CCCCCC)cc1,5.301775148,1.550868486,4.48,1.25,Aromatic,0.0,107.19433334875673
C(CCCCC)C1=CC=C(C=C1)CCCCCC,4.615384615,1.861042184,3.9,1.5,Aromatic,0.0,165.1546359172341
C(CCCC1CCCCC1)CCC2CCCCC2,10.24,2.69,8.68352,2.19235,Cyclic Paraffin,98.15838611650123,129.40201665218314
CCCCCCC1CCC(CC1)C2CCCCC2,9.8,2.27,8.4672,1.87048,Cyclic Paraffin,-0.36338294589082343,95.54889096549621
CCCC(CC1CCCCC1)CC2CCCCC2,12.5,2.38,10.75,1.95636,Cyclic Paraffin,-88.52639296187672,57.16843870509737
CCC1(CCCCC1)CCC2(CC)CCCCC2,12.0,3.51,10.692,2.99052,Cyclic Paraffin,190.0508098209162,154.99536617087495
CCCCCCCCC1CCCC2CCCCC12,6.81,1.86,5.84298,1.5252,Cyclic Paraffin,0.0,110.7148857625329
CCCCC(CC)CC1CCCC2CCCCC12,8.11,1.79,6.99082,1.47496,Cyclic Paraffin,0.0,59.2384183838696
CCCCC(C)(CC)C1CCCC2CCCCC12,10.81,1.95,9.44794,1.62825,Cyclic Paraffin,0.0,14.992630301009541
CC(CC)C1CCC(C2CCCCC12)C(CC)C,10.54313099,3.337041157,9.9,3.0,Cyclic Paraffin,216.47049995167004,162.59968667357492
CCCCOCCOCCOCCOCCCC,2.655954631,1.161866931,2.81,1.17,Ether,0.0,165.64915416588363
C(C1=CC(C(=O)OCCCCC)=CC=C1)(=O)OCCCCC,13.07759372,3.723887375,15.0,4.1,Aromatic Ester,190.2098098436806,162.0589281330899
C(C=1C(C(=O)OCCCCC)=CC=CC1)(=O)OCCCCC,20.33898305,4.694419841,24.0,5.3,Aromatic Ester,156.89404175149943,150.803442939477
C(C=1C(C(=O)OCCCCC)=CC=CC1)(=O)OCCCCC,20.33898305,4.690265487,24.0,5.3,Aromatic Ester,156.49457718586478,150.803442939477
C(CCCC)OC(=O)C1=CC=C(C=C1)C(=O)OCCCCC,27.64227642,6.101694915,34.0,7.2,Aromatic Ester,178.24115391690552,155.946770730614
C(CCCCC(=O)OC1CCCCC1)(=O)OC1CCCCC1,22.13114754,6.239316239,27.0,7.3,Ester,259.5317813954931,173.22509297362276
C1(=CC(=CC=C1)C(=O)OCCC(C)C)C(=O)OCCC(C)C,24.15875755,5.395683453,28.0,6.0,Aromatic Ester,168.35167442321458,151.87472183293275
C(C)C1C(C(C(C(C1CC)CC)CC)CC)CC,13.35266821,4.058323208,11.51,3.34,Cyclic Paraffin,232.58210379438216,161.71974020910335
C(C)C(CC)=CCCCCCCC=C(CC)CC,2.23880597,1.150326797,1.8,0.88,Alkene,0.0,174.28842175010806
C=CCCCCCCCCCCCCCCC=C,4.071246819,1.604278075,3.2,1.2,Alkene,0.0,153.91403672773745
CCCCCCCCCCCCCCCCC=C,3.595360825,1.45183175,2.79,1.07,Alkene,0.0,151.7305624925375
CC(=CCCCCCCC)CCCCCCCC,2.051282051,1.063257066,1.6,0.79,Paraffin,0.0,172.0878479482064
C(CC)C(=CCCCCCC)CCCCCCC,2.171136654,1.127516779,1.7,0.84,Alkene,0.0,174.07165879959382
CC(CCCCCC)C=CC(CCCCCC)C,2.884615385,1.188369153,2.4,0.94,Paraffin,0.0,148.29255450077756
CCCCCCCCCCCCCC1CCCC1,4.332579186,1.6152019,3.83,1.36,Cyclic Paraffin,0.0,152.27334965376113
CCCCCCCCCCCCCCCCCC,4.025974026,1.555252387,3.1,1.14,Paraffin,0.0,148.85227167525045
CCCCCCCCCCCCCCCC(C)C,3.093994778,1.198347107,2.37,0.87,Paraffin,0.0,132.41764398695054
CC(CCCCCCCC)CCCCCCCC,4.25257732,1.623815968,3.3,1.2,Paraffin,0.0,149.75892557449026
C(CC)C(CCCCCCC)CCCCCCC,3.851091142,1.617250674,3.0,1.2,Paraffin,0.0,161.93866728476522
CCCC(CCC)CCCCC(CCC)CCC,3.470967742,1.198910082,2.69,0.88,Paraffin,0.0,109.30342178756744
C(CCC)C(CCCC)C(CCCC)CCCC,2.824133504,1.214574899,2.2,0.9,Paraffin,0.0,152.62291006514687
CCC(CC)CCCCCCCCC(CC)CC,3.705128205,1.495956873,2.89,1.11,Paraffin,0.0,153.6396063031113
CC(CC)(CCCC(CCCC(CC)(C)C)C)C,4.890604891,2.027027027,3.8,1.5,Paraffin,318.77539110673473,167.79561204890936
CC(C)(CC(CCCCC(CC(C)(C)C)C)C)C,3.473053892,1.511335013,2.9,1.2,Paraffin,0.0,165.80286317718154
C(\C=C/C(=O)OCCCCCCC)(=O)OCCCCCCC,14.95726496,5.022321429,14.0,4.5,Ester,314.66010347198267,175.83089333633143
C(CCCCCCCCC(=O)OCCCC)(=O)OCCCC,14.06926407,4.195011338,13.0,3.7,Ester,229.65544725032987,162.77986255162241
C(CCCCCCCCC(=O)OCCCC)(=O)OCCCC,14.06926407,4.195011338,13.0,3.7,Ester,229.65544725032987,162.77986255162241
C(CCCCC(=O)OCCCCCC)(=O)OCCCCCC,11.26760563,3.241650295,12.0,3.3,Ester,168.1922317114122,156.48313686570822
CCCCCCC(c1ccccc1)c2ccccc2,8.377801494,1.970884658,7.85,1.76,Aromatic,0.0,93.03825100689417
C=1(C(=CC=CC1)C(=O)OCCCC)C(=O)OCC1=CC=CC=C1,22.62443439,3.947368421,25.0,4.2,Aromatic Ester,37.64216010937368,108.76320565567089
CCCCCCC(=CCCCCC)c1ccccc1,4.6875,1.487303507,4.05,1.23,Aromatic,0.0,122.4024738786814
C1(=CC=CC=C1)C(=CCCCCC)CCCCCC,3.356481481,1.451027811,2.9,1.2,Aromatic,0.0,165.80286317718154
CCCCCCC(CCCCCC)c1ccccc1,5.69047619,1.6,4.78,1.28,Aromatic,0.0,100.68675441725286
CCCCCCCC1CCC(CC1)C2CCCCC2,17.9,2.86,15.394,2.35664,Cyclic Paraffin,-118.09836065573762,37.26518374508211
CCCCCCC(C1CCCCC1)C2CCCCC2,18.49486887,2.687277051,16.22,2.26,Cyclic Paraffin,-205.24406031686323,4.531731691387819
CC(CCC)C1=C(C=CC(=C1)C(CCC)C)CCC,3.608847497,1.463414634,3.1,1.2,Aromatic,0.0,157.97481982153062
C(C)C(CCC(C)C)(CCC(C)C)C1=CC=CC=C1,5.328798186,2.016607355,4.7,1.7,Aromatic,225.53847816425838,162.7435460838
CCCCCCCCCCCCOC(=O)c1ccccc1,7.33,2.15,7.30801,2.05325,Aromatic Ester,90.23319615912204,140.6673372298477
CCCCCCC(CCCCCC)C1CCCCC1,7.212713936,1.838046272,5.9,1.43,Cyclic Paraffin,0.0,89.63241216520953
C(CCC)C(CCCC)(CCCC)C1CCCCC1,19.58384333,5.263157895,16.0,4.1,Cyclic Paraffin,225.0360615567527,156.5010577990291
C(CCCCCC)C1C(CCC1)CCCCCCC,2.93398533,1.357234315,2.4,1.06,Cyclic Paraffin,0.0,168.95550642802496
C1(CCCC1)CC(CCCCCC)CCCCCC,5.111111111,1.777777778,4.14,1.28,Cyclic Paraffin,0.0,128.35667921742242
CCCCCCCCCCCCCC1CCCCC1,6.210268949,1.982097187,5.08,1.55,Cyclic Paraffin,0.0,137.78450623084015
CCCCCCCCCCCCCCCCCC=C,4.174135723,1.621983914,3.26,1.21,Alkene,0.0,152.92252701802505
C(CCCCCCC\C=C\C\C=C\CCCCC)(=O)OC,5.278884462,1.979166667,5.3,1.9,Ester,0.0,165.2457973895485
C(CCCCC)C(=CCCCCC)CCCCCC,2.295918367,0.963855422,1.8,0.72,Alkene,0.0,135.14152700180364
C(CCCCC)C(=CCCCCC)CCCCCC,2.295918367,1.151271754,1.8,0.86,Alkene,0.0,171.05049417998757
CC(=CC)CCCCCCCCCCCCCCC,2.538071066,1.264980027,2.0,0.95,Alkene,0.0,173.44975773941113
CCCCCCCCCCCCCCCCCCC,4.650259067,1.737346101,3.59,1.27,Paraffin,0.0,148.6547022058174
CCCCCCCCCCCCCCC1CCCC1,5.462392109,1.948387097,4.43,1.51,Cyclic Paraffin,0.0,151.56860434481445
CCCCCCC(CCCCCC)CCCCCC,3.33,1.02,2.57742,0.74766,Paraffin,0.0,53.34623581224176
CC(CCCCC)CCCCCCCCCCCC,4.64516129,1.759133965,3.6,1.3,Paraffin,0.0,152.48178651118616
CCCCCCCCCCC(CCCC)CCCC,4.17,1.46,3.24426,1.08332,Paraffin,0.0,130.49330979750962
CCCC(CCC)CCCCCC(CCC)CCC,3.78,1.73,2.94462,1.28366,Paraffin,0.0,173.1466953042626
C(CCC)C(CCCC)(CCCCCC)CCCC,7.088607595,2.387267905,5.6,1.8,Paraffin,181.0829118022699,151.67082073912258
CC(C)CCCC(CCCC(CCCC(C)C)C)C,4.577373212,1.593406593,3.52,1.16,Paraffin,0.0,132.7551756039458
CC(C)CCCC(CCC(CC(C)C)CC(C)C)C,2.673147023,1.150895141,2.2,0.9,Paraffin,0.0,152.62291006514687
C(CCCCCCCCCCCCCC)(=O)OCCCC,5.353535354,2.010582011,5.3,1.9,Ester,218.2375344072484,165.2457973895485
C(CCCCCCCCCCCCCCC)(=O)OC(C)C,5.197132616,1.967418546,4.35,1.57,Ester,0.0,159.8397918411158
C(C)C(CC)=CCCCCCCCCCCCCCC,2.575587906,1.21922626,2.3,1.04,Alkene,0.0,170.9072651355675
C(CCCCCCC\C=C/C\C=C/CCCCC)(=O)OC,3.685419059,1.556091677,3.21,1.29,Ester,0.0,164.97996261555886
C(CCCCCCCCCCCCCCCCC)(=O)OC,5.870588235,2.057001239,4.99,1.66,Ester,171.27971632711723,152.51197279795286
CCCCCCCC\C=C/CCCCCCCC(=O)OC,4.807916182,1.811505508,4.13,1.48,Ester,0.0,156.8537994141347
CCCCCCCCCCc1ccc2ccccc2c1,7.870472009,2.242562929,7.17,1.96,Aromatic,88.13800258627593,134.61270515634317
CCCCCCCCCCc1cccc2ccccc12,10.1,2.41,9.2718,2.13044,Aromatic,30.654775243131922,112.97847519189673
CCCCCCc1cccc2ccc(CCCC)cc12,10.04,2.12,9.19664,1.86348,Aromatic,-71.27096701564787,76.94844872196862
CCCCCCC(CCC)c1ccc2ccccc2c1,14.6,2.53,13.3444,2.22387,Aromatic,-119.76391507500634,51.244145394707004
CCCCCCc1cc2ccccc2cc1CCCC,11.19,2.16,10.2948,1.90728,Aromatic,-116.91152464903692,58.474046136744306
CC1=CC2=CC=C(C=C2C=C1CCCCCCCC)C,13.4310532,2.760180995,12.37,2.44,Aromatic,1.7630866347943066,96.49315732697718
CCCCCCCCc1cc2cc(C)ccc2cc1C,5.92,2.39,5.45232,2.11276,Aromatic,317.2782638351259,174.71924646214916
CCCCCCCCc1cccc2c(C)ccc(C)c12,13.01,2.43,12.20338,2.18214,Aromatic,-91.70748929785063,65.74549446252288
C(C)C(CCCCCC)(C)C1=CC=CC2=CC=CC=C12,42.1377184,9.178228388,41.0,8.6,Aromatic,208.23841040325186,159.5864915454816
C(C)C(CCCCCC)(C)C1=CC=CC2=CC=CC=C12,42.1377184,9.178228388,41.0,8.6,Aromatic,208.23841040325186,159.5864915454816
C(CCCC)C1=CC=C(C=C1)C1CCC(CC1)CCC,8.194871795,2.408993576,7.99,2.25,Aromatic,116.29092468226494,145.08509168105775
C1(CCCCC1)C(CC1CCCCC1)C1CCCCC1,16.73640167,6.179775281,16.0,5.5,Cyclic Paraffin,380.3123067051692,182.66954599634067
CCCCCCC1CCCc2ccc(CCCC)cc12,9.83,2.02,8.7487,1.717,Aromatic,-104.76307390130115,59.91274815148236
C(CCCCCCCCC)C=1C=C2CCCCC2=CC1,8.706411699,2.517647059,7.74,2.14,Aromatic,119.14603010280939,140.54314908245198
CCCCCCc1cc2CCCCc2cc1CCCC,12.93,2.2,11.57235,1.881,Aromatic,-190.6793048973145,20.89460632860684
C(CCCC)C=1C=C2CCCCC2=CC1CCCCC,9.698996656,3.364269142,8.7,2.9,Aromatic,266.97950839568546,169.76553929728863
CCCCCCCCC1CCCc2c(C)ccc(C)c12,14.08,2.61,12.79872,2.26809,Aromatic,-69.37289382964711,67.94286423173088
CC1(CCC2=CC(=C(C=C12)C(C)C)C(CCCC)C)C,8.163265306,2.452025586,8.0,2.3,Aromatic,129.2972784448499,148.44366503255807
CCCCCCCCCCCCCCc1ccccc1,5.343601896,1.875776398,4.51,1.51,Aromatic,0.0,149.28601440702724
CCCCCCCc1ccccc1CCCCCCC,7.4,1.94,6.253,1.56752,Aromatic,0.0,105.19379919902588
C(CCCCCC)C1=CC=C(C=C1)CCCCCCC,9.360189573,2.722772277,7.9,2.2,Aromatic,137.97368757304062,142.72869368224016
C1(=CC=CC=C1)C(CCCCCC)CCCCCCC,6.349206349,2.2172949,6.0,2.0,Aromatic,186.74790870127572,159.55431427461667
C1(=CC=CC=C1)C(CCC)CCCCCCCCCC,6.342494715,2.212389381,6.0,2.0,Aromatic,185.45325179884912,159.55431427461667
C(C)C1=CC=C(C=C1)C(CCCCCCCCCC)C,9.445100354,2.966625464,8.0,2.4,Aromatic,189.60300329474845,154.72646940568202
CCCCCCCCC1CCC(CC1)C2CCCCC2,9.16,2.69,7.8776,2.21656,Cyclic Paraffin,139.34528460845138,144.3396115501655
C1(CCCCC1)CCCCCCCCC1CCCCC1,5.402542373,2.428256071,5.1,2.2,Cyclic Paraffin,435.5330729146078,183.20022418348893
CC(CC1=CC=CC=C1)(CCCCCCC)CC(C)C,7.558139535,2.557856273,6.5,2.1,Aromatic,198.92306686845257,157.92632943943798
C(CCC)C1=C(C=C(C=C1)C(CCC)C)C(CCC)C,3.917050691,1.56626506,3.4,1.3,Aromatic,0.0,159.58643833325195
CCCCCCCCC1CC2CC(C)CCC2CC1C,9.55,2.06,8.18435,1.68714,Cyclic Paraffin,-69.23441573832659,69.94746303755605
C(CCCCCCCCC)C1CC2CCCCC2CC1,10.31578947,2.832722833,8.82,2.32,Cyclic Paraffin,123.82004392327545,137.93370561965764
CCCCCCCCC1CCCC2C(C)CCC(C)C12,9.11,2.08,7.86193,1.71392,Cyclic Paraffin,-34.90214352283318,84.51613921810153
CCCCCCC1CC2CCCCC2CC1CCCC,12.17,2.18,10.50271,1.80286,Cyclic Paraffin,-160.28687647184753,30.31824192115147
C1(CCCCC1)C(CC)(C(CC)(C)C1CCCCC1)C,21.83406114,6.484641638,20.0,5.7,Cyclic Paraffin,282.6008740003142,172.2354561431008
C(C1=CC(C(=O)OCCCCCC)=CC=C1)(=O)OCCCCCC,18.8034188,4.804270463,22.0,5.4,Aromatic Ester,192.9301476135844,160.3298305998742
C1(=CC=C(C=C1)C(=O)OCCCCCC)C(=O)OCCCCCC,38.01652893,7.931034483,46.0,9.2,Aromatic Ester,187.31314975732903,157.67790910656763
C1(=CC=C(C=C1)C(=O)OCCCCCC)C(=O)OCCCCCC,38.01652893,7.931034483,46.0,9.2,Aromatic Ester,187.31314975732903,157.67790910656763
C(C=1C(C(=O)OCC(CCCC)CC)=CC=CC1)(=O)OCCCC,36.63003663,8.380952381,40.0,8.8,Aromatic Ester,215.9461344453982,163.46117409870646
C(C=1C(C(=O)OCC(CC)CC)=CC=CC1)(=O)OCC(CC)CC,43.72093023,8.139534884,47.0,8.4,Aromatic Ester,162.46707782925992,146.17550037400278
CC(CCCC(C)C)C1CCC(CC1)CCCC(C)C,7.1863581,2.522068096,5.9,2.0,Cyclic Paraffin,218.2254927716286,161.27467651993481
CCCCCCCCCCCCCCC1CCCCC1,7.169117647,2.179487179,5.85,1.7,Cyclic Paraffin,107.93011114069871,135.69876157549888
CCCCCCCCCCCCCCCCCCC=C,4.637146371,1.735218509,3.77,1.35,Alkene,0.0,153.03428687926507
C(CCCCCCC\C=C/C\C=C/CCCCC)(=O)OCC,4.032258065,1.688781665,3.5,1.4,Ester,0.0,167.07992981211572
CCCCCCCCCCCCCCCC(CC)=CC,3.966836735,1.420911528,3.11,1.06,Alkene,0.0,132.63555905651828
CC(=C)CCCCCCCCCCCCCCCCC,2.802547771,1.32,2.2,0.99,Alkene,0.0,168.83227153652683
C=1(C(=CC=CC1)C(=O)OCCOCCCC)C(=O)OCCOCCCC,15.3256705,4.183266932,16.0,4.2,Aromatic Ester,193.54349688778953,159.292888568224
CCCCCCCCCCCCCCCCCCCC,5.335051546,1.91576087,4.14,1.41,Paraffin,0.0,148.4178965909579
CCCCCCCCCCCCCCCC1CCCC1,5.707865169,1.964705882,5.08,1.67,Cyclic Paraffin,0.0,151.31729854099865
C(CCCCCCC\C=C/CCCCCCCC)(=O)OCC,4.795321637,1.84501845,4.1,1.5,Ester,0.0,159.74028611701982
CCCCCCCCCCCC(CCCC)CCCC,5.791505792,1.937669377,4.5,1.43,Paraffin,0.0,139.38802199877006
CCCCCCCCCCCCCC(CCC)CCC,4.692307692,1.621621622,3.66,1.2,Paraffin,0.0,134.05722283198673
CCCCCCCCCCCCCCCC(CC)CC,4.086845466,1.430481283,3.2,1.07,Paraffin,0.0,129.88411893854055
C(CCC)C(CCCC)CCC(CCCC)CCCC,4.871794872,1.480484522,3.8,1.1,Paraffin,0.0,103.28097067525415
CCCCCCC(CCC)C(CCC)CCCCCC,4.98,1.42,3.89436,1.05932,Paraffin,0.0,84.35600535441245
C(CCC)C(CCCCC)(CCCCCCCC)CC,9.493670886,3.046357616,7.5,2.3,Paraffin,205.5103555164563,155.56293080060885
CC(C)CCCC(CCCCC(CCCC(C)C)C)C,5.342820181,1.773533424,4.13,1.3,Paraffin,0.0,132.35814117550967
CCCCCCC(C)C(C)C(C)C(C)CCCCCC,5.09,1.45,4.06691,1.1049,Paraffin,0.0,88.90097868830449
CC(C)(CCCCCCCCCCCCC(C)(C)C)C,10.0,3.163841808,9.3,2.8,Paraffin,206.01186010692388,160.04086750082354
CC(C)CCCC(C(CCC(CCCC(C)C)C)C)C,3.652968037,1.438848921,3.2,1.2,Paraffin,0.0,153.91403672773745
CC(C)(CC(CCC(CCC(CC(C)(C)C)C)C)C)C,5.534105534,2.162162162,4.3,1.6,Paraffin,268.89373842126986,163.75090434125588
C(CCCCCCCCC)(=O)OCCCCCCCCCC,7.20188902,2.592592593,6.1,2.1,Ester,240.55777054862529,164.2682595555765
C(CCCCCCCCCCCCCCC)(=O)OC(CC)C,11.87648456,3.735990037,10.0,3.0,Ester,234.6341857032334,161.70236278084465
C(CCC)(=O)OCCCCCCCCCCCCCCCC,5.043859649,1.949541284,4.6,1.7,Ester,0.0,164.93717490361266
C(CCCCCCCCCCC)(=O)OCC(CCCC)CC,9.950248756,3.023983316,10.0,2.9,Ester,177.9422186062551,157.54580574691317
CC(C(=O)OC)C(C(CCCCCCCCCCCC)C)C,9.741550696,2.916666667,9.8,2.8,Ester,164.0691395312478,154.95005868841304
C(CCCCCCCCCCCCCCCCCC)OC,6.768558952,2.391799544,6.2,2.1,Ether,211.46016595895213,162.70099435190096
C(CCCCC(=O)OCCCCCCC)(=O)OCCCCCCC,14.77377655,4.238921002,16.0,4.4,Ester,215.2102800536186,164.29962500949648
C(CCCCCCCCC(=O)OCCCCC)(=O)OCCCCC,17.21014493,4.824976348,19.0,5.1,Ester,227.6542572204666,165.85166430459884
C(C1=CC=CC=C1)C(CC1=CC=CC=C1)CCCCCC,19.03695409,4.900816803,17.0,4.2,Aromatic,198.9041781662214,153.90221576725563
C1(=CC=CC=C1)C(CCCCCCCC)C1=CC=CC=C1,41.94470925,9.235352532,44.0,9.3,Aromatic,211.3373441700531,161.87847459022714
CC(C)C1=CC=C(C=C1)CC(C)C1=CC=C(C=C1)C(C)C,7.231404959,2.262931034,7.0,2.1,Aromatic,129.91657506662858,149.73879334671938
CCCCCCCCCCCCCCCc1ccccc1,6.152019002,2.069825436,5.18,1.66,Aromatic,147.12539613916175,147.87148137258495
CCCCCCCCCC1CCC(CC1)C2CCCCC2,24.1,3.49,21.0393,2.92113,Cyclic Paraffin,-93.21379936450292,40.580613642880536
C1(CCCCC1)C(C(CCCCCC)C)C1CCCCC1,11.13585746,4.181184669,10.0,3.6,Cyclic Paraffin,349.9378458414451,179.3402144973295
CCCCCCCCCCCC1CCCC2CCCCC12,11.93023256,2.900485437,10.26,2.39,Cyclic Paraffin,86.35980291001437,122.59281042516328
C(CCCC=CCC=CCC=CCC=CCC=CCC)(=O)OC,5.799812909,2.05078125,6.2,2.1,Ester,176.76752800963556,162.70099435190096
C(CCCC=CCC=CCC=CCC=CCCCCC)(=O)OC,6.08365019,2.184707051,6.4,2.2,Ester,202.4477874415777,165.44732755326146
C(CCC)C1C(CCC1)CCCCCCCCCCCC,3.9408867,1.546391753,3.2,1.2,Cyclic Paraffin,0.0,153.91403672773745
C(CCCCCCC)C1C(CCC1)CCCCCCCC,4.034229829,1.66453265,3.3,1.3,Cyclic Paraffin,0.0,163.0309184086953
C(CCCCCCC)C1C(CCC1)CCCCCCCC,4.034229829,1.66453265,3.3,1.3,Cyclic Paraffin,0.0,163.0309184086953
CCCCCCCCCCCCCCCC1CCCCC1,8.208588957,2.412903226,6.69,1.87,Cyclic Paraffin,116.63426794878431,135.2595903562546
CC(CCC(CCC(C)C)(CC(C)C)C1CCCCC1)C,12.68742791,3.869407497,11.0,3.2,Cyclic Paraffin,226.48155903330178,160.7541009711935
C(CCCCC)C(CCCCCC)=CCCCCCCC,3.020496224,1.352874859,2.8,1.2,Alkene,0.0,169.56457794840972
CCCCCCCC\C=C/CCCCCCCC(=O)OCCC,5.772833724,2.1631644,4.93,1.75,Ester,232.785203001543,161.72386043389466
CCCCCCCCCCCCCCCCCCCCC,5.526992288,2.135135135,4.3,1.58,Paraffin,256.1309126580803,162.0119117607131
CCCCCCCCCCCCCCCCC1CCCC1,7.142857143,2.371134021,5.8,1.84,Cyclic Paraffin,171.3437370073933,150.99801281214744
CCCCCCCC(CCCCCC)CCCCCCC,5.596919127,1.662162162,4.36,1.23,Paraffin,0.0,108.04917475223787
CC(CCCCCCCCC)CCCCCCCCCC,5.769230769,1.962365591,4.5,1.46,Paraffin,0.0,143.45672884910485
CC(C)C(CCCCCCCCCCCCCCCC)C,6.385696041,2.147651007,5.0,1.6,Paraffin,155.90795509637644,146.00766455825772
CC(C)CC(CC(CCCCCCCCCCCC)C)C,5.699614891,1.875843455,4.44,1.39,Paraffin,0.0,135.5322476210881
CC(C)CC(CCCCCCCCCCCC)CC(C)C,4.114285714,1.556886228,3.6,1.3,Paraffin,0.0,152.48178651118616
C(CCCCCCCCCCCCC)(=O)OCCCCCCC,8.028335301,2.839506173,6.8,2.3,Ester,247.0508571865988,165.19102937611538
C(C)(=O)OCCCCCCCCCCCCCCCCCCC,7.2,2.393340271,7.2,2.3,Ester,174.12572964877845,159.73991112201884
CCCCCCCCCCCCCCCCCC(=O)OC(C)C,6.64,2.24,5.644,1.81664,Ester,167.62087288384103,152.20201542505697
C(C)C(C(=O)OC(CC)(CC)CC)(CCCCCCCC)CC,24.64065708,5.920344456,24.0,5.5,Ester,200.41503728466338,155.15980161028264
C(CCCCCc1ccccc1)CCCCc2ccccc2,9.912663755,2.808219178,9.08,2.46,Aromatic,133.75345303907005,144.25410432760873
CCCCCCCCCCCCc1cccc2ccccc12,12.86,3.01,11.68974,2.62171,Aromatic,80.86309523809521,122.47173470804901
CCCCCCCCCCCCc1ccc2ccccc2c1,9.83,2.35,8.88632,2.04685,Aromatic,24.59016393442631,110.53353625125806
CCCCCCc1ccc2cc(CCCCCC)ccc2c1,12.31,2.95,11.12824,2.55175,Aromatic,85.0077279752705,124.1242105848548
CCCCCCC(CCCCC)c1ccc2ccccc2c1,20.05,3.26,18.1653,2.84598,Aromatic,-57.65069551777445,65.0697376972251
CCCCCCCCC(CCC)c1ccc2ccccc2c1,17.49,3.09,15.84594,2.69757,Aromatic,-34.573863636363726,76.99953717399654
CCCCCCc1cc2ccccc2cc1CCCCCC,15.2,2.98,13.8168,2.6075,Aromatic,3.577926015767142,93.82417860628392
C(CCCCCCCCCCC)C1CCCC2=CC=CC=C12,29.06976744,7.757575758,25.0,6.4,Aromatic,257.3009739097707,167.286843218644
CCCCCCc1cc2CCCCc2cc1CCCCCC,9.76,2.24,8.7352,1.92192,Aromatic,-8.89998980528086,97.1256669804374
C(CCC)C1=C(C=C2CCCCC2=C1)CCCCCCCC,13.38240214,4.403244496,12.0,3.8,Aromatic,283.38304110278153,171.6878630514697
C1CCC(C1)CCC(CCC2CCCC2)CCC3CCCC3,19.2,3.24,16.9536,2.74752,Cyclic Paraffin,-40.95883272537766,68.63349753931479
CC(CCCC=1C=C2CCCCC2=CC1CCCC(C)C)C,24.66367713,6.651108518,22.0,5.7,Aromatic,248.98828418793363,165.70162459250022
C(CCCCC)C(=CCCC1=CC=CC=C1)CCCCCC,4.739884393,1.93236715,4.1,1.6,Aromatic,0.0,168.52112345933233
CCCCCCCCCCCCCCCCc1ccccc1,7.022538553,2.269326683,5.92,1.82,Aromatic,146.65812204810166,146.68352712176852
C(CCCCCCC)C1=CC=C(C=C1)CCCCCCCC,7.218934911,2.592592593,6.1,2.1,Aromatic,238.96003869182513,164.2682595555765
C(CCCCCC1CCCCC1)CCCCC2CCCCC2,16.13,4.48,13.62985,3.64672,Cyclic Paraffin,211.54366630231578,156.95593680880063
C1(=CC=CC=C1)C(CCCCCC)CCCCCCCCC,8.775510204,2.771855011,8.6,2.6,Aromatic,178.79747504866856,158.1685283727489
CCCCCCCCCCCC(CCCC)c1ccccc1,7.57,2.03,7.46402,1.91429,Aromatic,37.58364764569892,123.7388321929816
CCCCCCCCCC(C1CCCCC1)C2CCCCC2,22.2,2.6,21.1788,2.379,Cyclic Paraffin,-389.7776043698789,-58.19323194178122
CCCCCCCCCCCCc1cc(ccc1C)C(C)C,9.86,2.39,8.36128,1.94068,Aromatic,35.43808570648726,107.90234581290856
CCCCCCC(CCC)C1CCC(CC1)C2CCCCC2,34.27,3.97,29.67782,3.29907,Cyclic Paraffin,-164.17462000706962,-0.3260501398589497
C(CCCCCCCCC)C1=C(C=C(C=C1C)C(C)(C)C)C,16.33605601,4.495747266,14.0,3.7,Aromatic,208.60544638174937,156.26102650924142
CC(CC(CCCCCCC)(CC(C)C)C1=CC=CC=C1)C,7.675675676,2.924634421,7.1,2.6,Aromatic,303.1482947696702,174.6814187162873
CCCCCCCCC(CCC)C1CCC2CCCCC2C1,17.02,3.25,14.5521,2.66175,Cyclic Paraffin,18.13471502590672,89.76138220989193
C(CC)C(CCCCCCCC)C1CC2CCCCC2CC1,8.187134503,2.93040293,7.0,2.4,Cyclic Paraffin,260.4552614191497,167.53298469060073
CC(C)(C)C(C(C1CCCCC1)C(C)(C)C)C1CCCCC1,13.46801347,4.795321637,12.0,4.1,Cyclic Paraffin,338.64258428743085,178.1460750891543
CC(CCOCCCCOCCC(CC(C)(C)C)C)CC(C)(C)C,18.86792453,5.509355509,19.0,5.3,Ether,262.77341516690757,169.4166545936873
C(CCCC=CCC=CCC=CCC=CCCCCC)(=O)OCC,2.906976744,1.516683519,3.0,1.5,Ester,0.0,187.17762004846355
C(C1=CC=C(C(=O)OCCCCCCC)C=C1)(=O)OCCCCCCC,22.589053,5.781391147,26.0,6.4,Aromatic Ester,218.7005140754285,164.52633002820966
C1(CCCCC1)CCOCCCCCCOCCC1CCCCC1,18.77934272,6.256109482,20.0,6.4,Ether,329.57100794686784,180.8291509675211
C(CCCCC)C(CCCC1CCCCC1)CCCCCC,16.62707838,4.968944099,14.0,4.0,Cyclic Paraffin,258.7016787296951,165.037675781755
CCCCCCCCCCCCC1CC(CCC1C)C(C)C,11.17,2.57,9.14823,2.00974,Cyclic Paraffin,32.34802007808139,100.59490031544705
CCCCCCCCCCCCCCCCC1CCCCC1,9.325980392,2.670157068,7.61,2.04,Cyclic Paraffin,127.57682793344041,133.99063999090012
CC(C)CCC(CCC(C)C)CC1CC(CCC1C)C(C)C,20.77,2.72,17.01063,2.1216,Cyclic Paraffin,-273.151471643934,-44.7223291213009
C(C)C(CCCC)=CCCCCCCC=C(CCCC)CC,2.60960334,1.203501094,2.5,1.1,Alkene,0.0,169.70216998918158
CC(=C)CCCCCCCCCCCCCCCCC(C)=C,2.947761194,1.114023591,2.37,0.85,Alkene,0.0,126.11040831146673
C(CCCCCC)C(=CCCCCCC)CCCCCCC,3.783102144,1.710526316,3.0,1.3,Alkene,0.0,172.9093080109146
C(CCCCCC)C(=CCCCCCC)CCCCCCC,3.783102144,1.710526316,3.0,1.3,Alkene,0.0,172.9093080109146
CC(C)(CCC=C(CCCC(C)(C)C)CCCC(C)(C)C)C,15.29411765,4.422604423,13.0,3.6,Alkene,225.40116077065767,159.68106851208438
CCCCCCCCCCCCCCCCCCCCCC,6.418485237,2.307692308,5.0,1.71,Paraffin,215.4444295538006,156.88477498029107
CCCCCCCCCCCCCCCC(CCC)CCC,6.25,2.140921409,4.85,1.58,Paraffin,166.27664447960456,147.7733276592332
CCCCCCCC(CCCCCCC)CCCCCCC,8.310038119,1.837549933,6.54,1.38,Paraffin,0.0,50.09862901283776
CCCCC(CCCC)CCCCC(CCCC)CCCC,6.82,1.82,5.38098,1.37228,Paraffin,0.0,96.77087014757576
CCCCCC(CCCCC)C(CCCCC)CCCCC,6.767295597,1.789473684,5.38,1.36,Paraffin,0.0,93.96530824566122
C(C)C(CCCC)CCCCCCCCC(CCCC)CC,5.357142857,1.983663944,4.8,1.7,Paraffin,0.0,160.52267773565097
CC(CCCCCC)CCCCCCC(CCCCCC)C,5.444444444,1.974448316,4.9,1.7,Paraffin,0.0,158.27516937433637
CC(CCCCCC)CCCCCCC(CCCCCC)C,5.444444444,1.974448316,4.9,1.7,Paraffin,0.0,158.27516937433637
CC(C)CC(CC(CCCCCCCCCCCCC)C)C,6.478873239,2.083333333,5.06,1.55,Paraffin,123.72339644398158,138.3599839230269
C1(CCCCC1)CCOC(C)CCC(C)OCC(CCCC)CC,37.35632184,9.571286142,39.0,9.6,Ether,255.37749206611483,172.16382356818315
C(C)C(COC1CCC(CC1)OCC(CCCC)CC)CCCC,19.86754967,5.643564356,21.0,5.7,Ether,254.3438796240323,168.9819886699977
CC(C)CCC(C(CCC(C)C)CCC(C)C)CCC(C)C,4.447268107,1.733333333,3.5,1.3,Paraffin,0.0,156.06943588559156
C(C(C)C)C(CC(C)C)CCCCC(CC(C)C)CC(C)C,4.545454545,1.721854305,3.6,1.3,Paraffin,0.0,152.48178651118616
C(C(C)C)C(CC(C)C)CCCCC(CC(C)C)CC(C)C,4.545454545,1.721854305,3.6,1.3,Paraffin,0.0,152.48178651118616
CC(C)(CCCC(CCCC(C)(C)C)CCCC(C)(C)C)C,8.762886598,3.234501348,6.8,2.4,Paraffin,298.6492350769534,170.00337814270392
CCC(C)(C)CCC(C)(C)CCC(C)(C)CCC(C)(C)CC,20.91,3.56,16.64436,2.71272,Paraffin,-4.947460595446644,68.53064939788717
C(CCCCCCCCCCCCCCCCC)(=O)OCCCC,7.524752475,2.691511387,7.6,2.6,Ester,243.8056606418901,169.3239663690402
C(CCCCCCCCCCCCC)(=O)OC(CCCCCC)C,16.68653159,4.905660377,14.0,3.9,Ester,249.70497752796297,162.34648069931487
C(CCCCCCCCCCCCCCCCC)(=O)OCC(C)C,16.66666667,4.850746269,14.0,3.9,Ester,243.6274167800254,162.34648069931487
C(CCCCCCCCCCCCCCCCC)(=O)OC(C)(C)C,32.32323232,7.263157895,32.0,6.9,Ester,199.70205297703166,156.27665279117218
CC(CCC(=O)OC)CCCC(CCCC(CCCCCC)C)C,11.8694362,3.523316062,12.0,3.4,Ester,197.10664079591058,160.1045517183463
C(CCC(=O)OCCCCCCCCC)(=O)OCCCCCCCCC,26.6075388,7.035755479,24.0,6.1,Ester,247.26120135397844,165.78368656510224
C(CCCCCCCCC(=O)OCCCCCC)(=O)OCCCCCC,26.17230098,7.011494253,24.0,6.1,Ester,251.5026449596052,165.78368656510224
C(CCCCC(=O)OCCCCCCCC)(=O)OCCCCCCCC,21.957914,5.815061964,24.0,6.1,Ester,231.09537157051975,165.78368656510224
C(CCCCC(=O)OCC(CCCC)CC)(=O)OCC(CCCC)CC,7.711771177,2.275862069,7.01,1.98,Ester,105.31073314744262,139.61549906749022
CCCCCCCCCOCCCCOCCCCCCCCC,15.82591494,5.041152263,16.0,4.9,Ether,289.5446429510571,174.19445857049243
CC(CCCC)OCCCCCCCCCCOC(CCCC)C,28.1124498,7.322175732,28.0,7.0,Ether,245.14001783814072,167.46996031025603
CC(CCCCCC)OCCCCCCOC(CCCCCC)C,28.79841112,7.445708376,29.0,7.2,Ether,243.9997989003624,167.5617505839362
C(C)C(CCCCCC)OCCCCCCOC(CCCCCC)CC,29.1750503,7.547169811,29.0,7.2,Ether,245.1740293361116,167.5617505839362
C(CCC=CCC=CCC=CCC=CCC=CCC=CCC)(=O)OC,7.635694572,2.492809204,8.3,2.6,Ester,173.1347484545223,161.5728546211169
C(CCCCCCCCCCCCCCC)OC1=C(C=CC=C1)OC,10.13363029,3.476245655,9.1,3.0,Ether,266.39833296022755,169.6612503109846
C(CCCCCCCCCCCCCCCCC)C1CCCC1,9.783728115,3.444564047,9.5,3.2,Cyclic Paraffin,279.9214545293583,172.6951000929989
CCCCCCCCC(CCCCCCCC)C1CCCCC1,9.13,2.06,7.50486,1.61916,Cyclic Paraffin,-44.34700165916093,76.12296711173377
C(CCCCCCCCCCCC=CCC=CCCCCC)(=O)OC,8.775313404,2.914572864,9.1,2.9,Ester,214.90634552425797,166.07215315233594
CCCCCCCCCCCCCCCCCCCCCCC,7.512820513,2.533512064,5.86,1.89,Paraffin,194.81689173054866,153.97369461261016
CCCCCCCCC(CCCCCC)CCCCCCCC,7.053571429,2.067114094,5.53,1.54,Paraffin,80.91852059710337,122.9937010784952
CCCCC(CCCC)CCCCCC(CCCC)CCCC,8.02,2.11,6.35986,1.60149,Paraffin,38.99960256628624,107.82767516590886
CC(C)CC(CC(CCCCCCCCCCCCCC)C)C,7.461734694,2.275769746,5.85,1.7,Paraffin,119.3186979501941,135.69876157549888
C(CCCCCCCCCCC)(=O)OC(CCCCCCCCC)C,20.23809524,5.479452055,17.0,4.4,Ester,232.80976587612898,159.35354061537257
C(CCCCCCCCCCCCCCCCCCCCC)(=O)OC,6.888361045,2.867737948,5.8,2.32,Ester,372.4687782858431,178.94202504864464
C(CCCCCCCCCCCCCCC)(=O)OCCCCCCC,10.47058824,3.558282209,8.9,2.9,Ester,265.49804942829246,167.92665191361314
C(CCCC)(=O)OCCCCCCCCCCCCCCCCCC,8.708708709,3.027139875,8.7,2.9,Ester,248.38098268202532,169.76553929728863
CCCCC(CC)COC(=O)CCCCCC(=O)OCC(CC)CCCC,9.02,2.55,8.2082,2.2236,Ester,113.12531522802848,139.71868388440828
C1(=CC=CC=C1)C=CCCCCCCCCCC(CCC)CCC,12.08459215,3.567681007,12.0,3.4,Aromatic,197.2081222584577,160.1045517183463
CC1=C(C=C(C=C1)CCCCCCCCCCCCCCCC)C,4.733727811,1.736972705,4.0,1.4,Aromatic,0.0,151.67533112276107
CCCCCCCCCCCCCCCCCCC1CCCCC1,11.83823529,3.883870968,9.66,3.01,Cyclic Paraffin,262.3554384622427,165.11089334073066
CCCCCCCCCOCCCCOCCCCCCCCC,15.82591494,5.041152263,16.0,4.9,Ether,289.5446429510571,174.19445857049243
C(CCCCCCC)OCCCCCCOCCCCCCCC,16.6015625,5.182926829,17.0,5.1,Ether,284.2124228274563,173.56683157050225
CC(CCCC)OCCCCCCCCCCOC(CCCC)C,28.1124498,7.322175732,28.0,7.0,Ether,245.14001783814072,167.46996031025603
C(C)C(COCCCCCCOCC(CCCC)CC)CCCC,30.06012024,7.724425887,30.0,7.4,Ether,244.6606540420765,167.66498979774082
C(C)C(COC(C)CCC(C)OCC(CCCC)CC)CCCC,23.39776195,6.256627784,23.0,5.9,Ether,240.46789148819224,165.72868591793957
CC(CCOCCCCOCCC(CC(C)(C)C)C)CC(C)(C)C,18.86792453,5.509355509,19.0,5.3,Ether,262.77341516690757,169.4166545936873
CCCCCCCCCCCCCCCCCCCCCCCC,7.124681934,2.740641711,5.6,2.05,Paraffin,299.40548511759994,169.24920693378235
CCCCCCCCCCCCCCCC(CCCC)CCCC,8.501920615,2.634408602,6.64,1.96,Paraffin,158.79746545952577,144.85432164122992
CCCCCCCCCCCC(CCCCCC)CCCCCC,12.60759494,2.46701847,9.96,1.87,Paraffin,-60.15850567157207,59.358387010069805
CCCCCCCCCCCCCCCCCCCCC(C)(C)C,10.83333333,3.27540107,8.45,2.45,Paraffin,191.39989177749766,151.8151873909162
C(CC)C(CCCCCCCC)C(CCCCCCCC)CCC,7.182320442,2.537485582,6.5,2.2,Paraffin,223.83019138211756,164.00076927911428
CC(C)CC(CC(CCCCCCCCCCCCCCC)C)C,8.564167726,2.493333333,6.74,1.87,Paraffin,119.75904315804763,134.1970744060724
C(C(C)C)C(CC(C)C)CCCCCCCCCCCCCCC,6.835443038,2.516556291,5.4,1.9,Paraffin,250.43483200512696,163.41547586104792
C(CCC)C(CCCCCC)CC(CCCCCC)(C)CCCC,14.33296582,3.325688073,13.0,2.9,Paraffin,101.16132873906342,127.34898825185641
CCCCCC(CCC(CCC(C)C)CCC(C)C)CCC(C)C,5.576679341,2.122015915,4.4,1.6,Paraffin,241.50620937259805,161.31360504154438
CCCCC(CC)CC(C(C)C)C(CC(CC)CCCC)C(C)C,7.196029777,2.207792208,5.8,1.7,Paraffin,114.93627779964328,136.93853902050586
CC(C)CCC(CCC(CCC(C)C)CCC(C)C)CCC(C)C,4.965357968,1.813784764,4.3,1.5,Paraffin,0.0,154.15640281320827
C(C)C(CC)CCCCCCCCCCCCCCCCCCCCC,10.89533417,3.215223097,8.64,2.45,Paraffin,177.20723393232902,149.35932403617807
C(CCCCCCC)C(CCCCCCCC)CCCCCCCCCCCCCCC,15.9625,4.172099087,12.77,3.2,Paraffin,177.35882780630573,145.98266248916246
C(Cc1ccccc1)C(CCc2ccccc2)=CCc3ccccc3,16.46706587,3.312564901,16.5,3.19,Aromatic,45.803096953858734,112.37569641693467
C(CC(CCCc1ccccc1)c2ccccc2)Cc3ccccc3,46.28,5.49,45.86348,5.25942,Aromatic,16.797498244942272,62.62528693749104
C(Cc1ccccc1)C(CCc2ccccc2)CCc3ccccc3,24.14829659,3.558091286,24.1,3.43,Aromatic,-76.32538474605238,64.00443191153809
C1CCC(C1)CCCC(CCc2ccccc2)CCc3ccccc3,16.99905927,3.028237585,18.07,3.11,Aromatic,-37.197159327385926,91.50568069122914
C1(=CC=CC=C1)C(=CCCCCCCCCCCC)C1=CC=CC=C1,36.78606002,9.246231156,38.0,9.2,Aromatic,248.3066763812848,170.46965883259878
CCCCCCC(CCCc1ccccc1)CCCc2ccccc2,17.22,3.21,15.56688,2.7927,Aromatic,3.4994697773065053,90.20673777939649
C1(CCCCC1)CCC(CCCC1CCCC1)CCC1=CC=CC=C1,27.77167947,4.7597254,25.3,4.16,Aromatic,84.08603153188304,104.98701393349657
C1CCC(C1)CCCC(CCCC2CCCC2)CCc3ccccc3,19.17400881,3.681192661,17.41,3.21,Aromatic,56.15065575775095,105.43065522359686
CCCCCCCCCCCCCCCc1cccc2ccccc12,18.82352941,3.19025522,16.96,2.75,Aromatic,-44.274474004924485,68.83620961308952
C1(CCCCC1)CC=C(CCC1CCCCC1)CCC1CCCCC1,8.988888889,8.244803695,8.09,7.14,Cyclic Paraffin,1119.5357155574566,211.41893259958732
C1CCC(C1)CCCC(CCCC2CCCC2)=CCCC3CCCC3,19.12260967,4.449648712,17.0,3.8,Alkene,150.60910099252627,140.1943057795953
CCCCCCCCCCCCCCCc1cccc2CCCCc12,18.73997709,3.819691578,16.36,3.22,Aromatic,88.24753053101301,115.61697794639177
C1CCC(CC1)CCC(CCCC2CCCC2)CCC3CCCCC3,63.54401806,7.159624413,56.3,6.1,Cyclic Paraffin,57.50170625685793,65.46158228915837
CCCCCCCCCCCCCCCCC1CCc2ccccc12,14.57337884,3.455621302,12.81,2.92,Aromatic,113.89513749993137,130.59158471470045
C1CCC(CC1)CCC(CCCC2CCCC2)CCCC3CCCC3,33.16582915,4.785788924,33.0,4.58,Cyclic Paraffin,33.48857548114672,84.8345693118396
C1CCC(C1)CCCC(CCCC2CCCC2)CCCC3CCCC3,25.1826484,4.504181601,22.06,3.77,Cyclic Paraffin,83.67474289514969,104.39798580967731
C(=CCCCCCCCCCCCCCC)C1=C(C=C(C=C1C)C)C,5.141129032,1.67539267,5.1,1.6,Aromatic,0.0,143.34957555863951
C(CCCCCCCCCCCCCCCCCC)C1=CC=CC=C1,9.869513642,2.673267327,8.32,2.16,Aromatic,107.38557596728197,132.5469823864787
CC1=CC=C(C=C1)CCCCCCCCCCCCCCCCCC,9.144893112,2.867830424,7.7,2.3,Aromatic,182.12312159721546,152.73820794325755
CCCCCCCCCCCCCCCCCCc1ccc(C)cc1,10.1,3.02,8.5042,2.42204,Aromatic,170.42720316130715,149.40558597866175
CCCCCCCCCC(CCCCCCCC)c1ccc(C)cc1,14.37054632,3.017456359,12.1,2.42,Aromatic,37.66983354915906,98.3461540120696
CCCCCCCCC(CCCCCCCC)CCc1ccccc1,9.074733096,2.385093168,7.65,1.92,Aromatic,69.82265507251896,120.4738249496479
CCCCCCCCC(CCC1CCCCC1)CCC2CCCCC2,31.49882904,4.847001224,26.9,3.96,Cyclic Paraffin,57.64848993396667,83.41185447094105
C(CCCCCCCCCCCCCCC)C1=CC(=CC(=C1C)C)C,6.8,2.083333333,6.8,2.0,Aromatic,100.68941282892096,145.3000742020235
C1(=CC=CC=C1)C(CCC)CCCCCCCCC(CCC)CCC,11.95219124,3.638253638,12.0,3.5,Aromatic,214.45032713862858,163.3995709494189
CCCCCCCCCCCCCCCC1CCCC2CCCCC12,19.56775701,4.075887393,16.75,3.33,Cyclic Paraffin,107.17908923291792,119.04548863205659
CCCCCCCCC(CCCC1CCCC1)CCCC2CCCC2,15.49112426,3.449131514,13.09,2.78,Cyclic Paraffin,95.30018168831205,117.93005925442071
C1(CCCC1)CCCC(CCCCCCCC)CCCC1CCCC1,14.9112426,3.498759305,12.6,2.82,Cyclic Paraffin,113.02033916093937,126.29227556086963
C1(CCCCC1)C(CCCCCCCCCCCC)C1CCCCC1,17.59834369,6.027987083,17.0,5.6,Cyclic Paraffin,341.17421261092693,180.61254799486392
CCCCCCCCCCCCCCCCC1CCC2CCCCC12,17.20379147,3.970406905,14.52,3.22,Cyclic Paraffin,129.98852941088322,131.89147611587322
C1(CCCCC1)CCCCCCCCCCCCCCCCCCC,15.9901599,4.993597951,13.0,3.9,Cyclic Paraffin,278.9318393412941,168.24293335621095
CCCCCCCCC(CCCCCCCC)CCC1CCCCC1,14.26829268,3.162612036,11.7,2.47,Cyclic Paraffin,72.3199317084577,109.23747678553995
C(CCCCCCCCCCCCCCC)C1C(CC(C(C1)C)C)C,6.749740395,2.159827214,6.5,2.0,Cyclic Paraffin,129.9820251011474,150.74395424797416
C1(CCCCC1)C(CCC)CCCCCCCCC(CCC)CCC,23.42158859,6.382978723,23.0,6.0,Cyclic Paraffin,248.7733254802199,167.27331757576803
C1(CCCC1)CCCC(CCCCCCCC)CCCCCCCC,10.73529412,2.831402831,8.76,2.2,Cyclic Paraffin,109.76530093410449,128.83569888067373
CCCCCCCCC(CCCCCCCC)CCCC1CCCC1,11.06617647,2.77992278,9.03,2.16,Cyclic Paraffin,88.91946663793537,120.41249417342712
CCCCCCCCC(CCCCCCCC)=CCCCCCCC,7.365119197,2.204724409,5.87,1.68,Alkene,103.91284743579263,132.78344748319682
CCCCCCCCC(CCCCCCCC)CCCCCCCC,8.694550063,2.44,6.86,1.83,Paraffin,101.17606444928575,127.10231629314472
C(CCCC)C(CCCCCCCCC)CCCCCCCCCC,11.02661597,3.693931398,8.7,2.8,Paraffin,264.51728091401645,166.01881318370965
C(CCCCC)C(CCCCCC)(CCCCCC)CCCCCC,27.74922919,7.066381156,27.0,6.6,Paraffin,235.05750864047872,164.69546970044206
C(CCCC)(=O)OCC(COC(CCCC)=O)(COC(CCCC)=O)COC(CCCC)=O,16.8,3.54,16.8504,3.38424,Ester,81.5126050420168,121.38002266274638
CCCCCCCCCCCCC=C(c1ccccc1)c2ccccc2,18.19672131,3.447098976,16.65,3.03,Aromatic,32.073593214114375,99.16058080086756
C1(=CC=CC=C1)C(=CCCCCCCCCCCCC)C1=CC=CC=C1,16.17486339,3.754266212,14.8,3.3,Aromatic,122.3560365311246,133.74052198068887
CCCCCCCCCCCCCC(c1ccccc1)c2ccccc2,16.96132597,3.61849711,15.35,3.13,Aromatic,91.52072929338031,119.06198077942088
CCCCCCCCCCCCCCCCCCCCc1ccccc1,10.29,3.02,8.6436,2.42808,Aromatic,162.4188963016957,147.9417641319136
CCCCCCCCCCCCCCCC(CCCC)c1ccccc1,14.20738975,3.229813665,11.92,2.6,Aromatic,87.1921750782691,117.82255113695406
CCCCCCCCCCCCCCCCC(CCC)c1ccccc1,13.5952381,3.163771712,11.42,2.55,Aromatic,90.87587010895231,120.16848653775797
CCCCCCCCCCCCCCCCCC(CC)c1ccccc1,12.71428571,3.114143921,10.68,2.51,Aromatic,104.57048085418411,126.71798881992736
CCCCCCCCCCCCCCCCCCC(C)c1ccccc1,12.44630072,3.374689826,10.43,2.72,Aromatic,152.97622439881127,143.98427234018902
CCCCCCCCCCc1ccc(CCCCCCCCCC)cc1,12.1547619,3.208489388,10.21,2.57,Aromatic,133.97354008056496,137.16184091336845
CCCCCCCCCCc1cccc(CCCCCCCCCC)c1,10.95,2.39,9.198,1.91439,Aromatic,-14.14793922300046,85.50863169034932
CCCCCCCCCCCC(CCCCCCC)c1ccc(C)cc1,15.95238095,3.2625,13.4,2.61,Aromatic,48.42749967845661,99.56099887609543
CCCCCCCCCCCCCCCCCCc1cc(C)ccc1C,13.99,2.72,11.77958,2.19504,Aromatic,-29.791816223977037,75.5392056057974
CCCCCCCCCCCCCC(C1CCCCC1)C2CCCCC2,34.69150175,5.04842615,29.8,4.17,Cyclic Paraffin,52.71819663921442,78.67937000154598
CCCCCCCC1CCC(CC1)C2CCC(CCCCCCC)CC2,34.95,4.95,30.23175,4.11345,Cyclic Paraffin,38.88154997798321,72.36486641179897
CC1CCC(CC1)C(CCCCCCCCCCC)C1CCC(CC1)C,41.72494172,5.582524272,35.8,4.6,Cyclic Paraffin,53.83233267598844,71.65721556955253
C1(CCCC1)C1C(CCC1)CCCCCCCCCCCCCCCC,14.39858491,3.665436654,12.21,2.98,Cyclic Paraffin,146.39071130298115,140.07751500717075
CCCCCCCCCCCCCCCCC1CCCC2(CCCC2)C1,17.23529412,4.125615764,14.65,3.35,Cyclic Paraffin,146.78575240434566,137.4717196477057
C(C)C(CC1CCC(C2CCCCC12)CC(CCCC)CC)CCCC,10.40462428,3.48977136,9.0,2.9,Cyclic Paraffin,254.5821295943118,167.00132423168185
C=1(C(=CC=CC1)C(=O)OCCCCCCCCC)C(=O)OCCCCCCCCC,42.84221526,11.95652174,41.0,11.0,Ester,288.3960168347995,178.75465306488792
C(C=1C(C(=O)OCCCCCCCCC)=CC=CC1)(=O)OCCCCCCCCC,42.84221526,11.95652174,41.0,11.0,Aromatic Ester,288.3960168347995,178.75465306488792
C(C)(=O)O.OC(CCCCCCCCCCC(=O)OC1=CC=CC=C1)CCCCCC,22.54237288,4.761904762,26.6,5.4,Aromatic Ester,134.8553213099429,143.43528042896617
C=1(C(=CC=CC1)C(=O)OCCCCCCC(C)C)C(=O)OCCCCCCC(C)C,26.17,4.13,25.1232,3.81199,Aromatic Ester,11.2745881976651,85.63835846082674
CCCCCCCCCCC1CCCC(CCCCCCCCCC)C1,14.65,2.76,11.96905,2.15556,Cyclic Paraffin,-40.93771868439474,66.0161546123831
CCCCCCCCCCC1CCC(CCCCCCCCCC)CC1,16.27764128,3.946360153,13.25,3.09,Cyclic Paraffin,143.60340458791723,136.21246747137354
C(CCCCCCCCCCC)C1CCC(CC1)CCCCCCCC,9.290953545,3.443877551,7.6,2.7,Cyclic Paraffin,312.0544455734391,173.16729420713708
CCCCCCCCCCCCCCCCCCCCC1CCCCC1,15.4,4.03,12.551,3.14743,Cyclic Paraffin,172.0324774197996,145.4226830968223
CCCCCCCCCCCCCCCCCCC1CC(C)CCC1C,15.04,2.86,12.3328,2.23652,Cyclic Paraffin,-24.32786885245898,71.56191096215542
CCCCCCCCCCCC(CCCCCCC)C1CCC(C)CC1,17.05953827,3.197452229,14.04,2.51,Cyclic Paraffin,4.74094524530613,80.05292447412688
CCCCCCCCCCCCCC(CCCCCC)C1CCCCC1,15.67695962,3.506988564,13.2,2.76,Cyclic Paraffin,100.59245560506824,115.12051307982075
CCCCCCCCCCCCCCCC(CCCC)C1CCCCC1,16.98181818,3.621346887,14.01,2.85,Cyclic Paraffin,91.563839235903,112.94621812545905
CCCCCCCCCCCCCCCCCC(CC)C1CCCCC1,15.08474576,3.730964467,12.46,2.94,Cyclic Paraffin,140.23991824269194,135.35264332419268
CCCCCCCCCCCC(CCCCCCCC)C1CCCCC1,15.71081409,3.371356147,12.93,2.66,Cyclic Paraffin,76.0830198132989,110.1397832046087
CCCCCCCCCCCCCCCCC(CCC)C1CCCCC1,16.47699758,3.640960809,13.61,2.88,Cyclic Paraffin,103.93215661923342,119.52506819302577
CCCCCCCCCCCCCCCCCCC(C)C1CCCCC1,16.41990291,3.599088838,13.53,3.16,Cyclic Paraffin,99.85341602746466,137.4060521962483
C1(CCCC1)CCCCCCCCCCCCCCCCCCCCC,10.93366093,3.650385604,8.9,2.84,Cyclic Paraffin,260.60114768981407,165.65077043507418
CCCCCCCCCCC(CCCCCCCCCC)C1CCCC1,12.13154689,2.951653944,9.96,2.32,Cyclic Paraffin,90.86618204919112,120.7751707413107
C(CCC)C(CCCC)=CCCCCCCC=C(CCCC)CCCC,5.302096178,2.179487179,4.3,1.7,Alkene,320.6084290943819,171.3483110717458
CCCCCCCCCCCCCCCC(C1CCCC1)C2CCCC2,14.44555445,3.145833333,14.46,3.02,Cyclic Paraffin,63.99300233614168,120.41277272246658
CCCCCCCCCCCC(CCCC)CCCCCCCCCC,10.16434893,2.642762284,8.04,1.99,Paraffin,90.18177269739495,120.56674662544886
CCCCCCCCCCCCCC(CCCC)CCCCCCCC,10.34134008,2.762284197,8.18,2.08,Paraffin,109.1994574593756,127.44694391231309
CCCCCCCCCCC(CCCCC)CCCCCCCCCC,9.810366625,2.662251656,7.76,2.01,Paraffin,107.2116704345193,128.20448192699587
CCCCCCCCCCCCCC(CCCCCC)CCCCCC,10.36569987,2.757255937,8.22,2.09,Paraffin,107.4374709062102,127.71327205302407
CCCCCCCCCCCCCCCCCC(CCCC)CCCC,11.22166247,2.947368421,8.91,2.24,Paraffin,116.02489237079216,129.98541300823575
CCCCCCCCCCCCCCCC(CCCC)CCCCCC,10.70617907,2.828947368,8.49,2.15,Paraffin,110.21075026962286,128.74461217338597
CCCCCCCCCCCCCCCCCCCCCC(CC)CC,11.33669609,3.12335958,8.99,2.38,Paraffin,144.05972192326888,139.96033983665473
CCCCC(CCCC)CCCCCCCCC(CCCC)CCCC,11.78616352,2.741721854,9.37,2.07,Paraffin,54.78077501989229,103.9945429712631
CCCCCC(CCCCC)CCCCC(CCCCC)CCCCC,11.52392947,2.658730159,9.15,2.01,Paraffin,43.027082399352494,100.59350334101549
CCCCCCCCCCC(CCCCCCCCCC)C(CC)CC,10.18796992,2.588235294,8.13,1.98,Paraffin,76.01867546096823,117.60764332453992
C(CC)C(CCCCCCCCC)C(CCCCCCCCC)CCC,9.181141439,3.100775194,7.4,2.4,Paraffin,236.24727000335332,162.4981607629763
C(C)C(CCCCCCCCCC)(CCCCCCCCCCCC)C,26.2295082,6.818181818,24.0,6.0,Paraffin,239.05653479636572,164.22782969611322
CCCCCCCCCCC(CCCCCCCCCC)CC(C)(C)C,11.41414141,2.787318362,9.04,2.11,Paraffin,78.57824234930736,114.91973595419795
CCCCCCCCCCCCCC(CC(CC)CC)CC(CC)CC,11.57697121,2.787958115,9.25,2.13,Paraffin,73.12435843238731,113.32327804467094
C1(CCCCC1)CCCC(CCCC1CCCCC1)CCC1CCCCC1,29.96670366,9.562211982,27.0,8.3,Cyclic Paraffin,329.3944197689941,182.01894425676
CCCCCCCCCCCCC1C(CCC1C2CCCC2)C3CCCC3,27.96127563,4.732461356,24.55,3.98,Cyclic Paraffin,79.18433531498542,99.86036343347135
C1(=CC=CC=C1)C(=CCCCCCCCCC)CCCCCCCCCC,11.37647059,3.094944513,9.67,2.51,Aromatic,137.59553158602228,139.92762897990747
CCCCCCCCCCC(=CCCCCCCCCC)c1ccccc1,10.23,2.37,8.6955,1.92207,Aromatic,12.323456106341785,98.03133010797283
C(CCCCCCCCCCCCCCCCCCCC)C1=CC=CC=C1,13.80952381,3.387096774,11.6,2.73,Aromatic,120.28908528312509,131.39049865192348
CCCCCCCCCCC(CCCCCCCCCC)c1ccccc1,14.48931116,3.283767038,12.2,2.65,Aromatic,90.01237465137034,118.37114191846658
CC1=C(C(=CC(=C1)C)C)CCCCCCCCCCCCCCCCCC,14.01,3.7,11.88048,3.0044,Aromatic,160.6068667391576,144.5203647265816
C(CCCCCCCCC)C(CCC1CCCCC1)CCC1CCCCC1,24.44703143,7.61789601,21.0,6.3,Cyclic Paraffin,312.99327072476115,177.03003227900436
C(CCCCCCCCC)C(CCC1CCCCC1)CCC1CCCCC1,24.44703143,7.61789601,21.0,6.3,Cyclic Paraffin,312.99327072476115,177.03003227900436
CCCCCCCCCCCCCCCCCCC1C(C)CC(C)CC1C,20.3410475,3.987261146,16.7,3.13,Cyclic Paraffin,84.57700573167149,106.31521983317234
CCCCCCCCCCC(CCCCCCCCCC)CC1CCCC1,13.26007326,3.303571429,10.86,2.59,Cyclic Paraffin,120.50314959914141,130.4518910478753
C1(CCCC1)CC(CCCCCCCCCC)CCCCCCCCCC,12.62515263,3.367346939,10.34,2.64,Cyclic Paraffin,146.66179223109202,140.17187395048597
C(CCCCCCC)C(CCCCCCCC)CCCCCCCCCC,6.625,2.080624187,5.3,1.6,Paraffin,111.74059359262053,137.94744138595885
CCCCCC(CCCCC)CCCCCC(CCCCC)CCCCC,13.7,2.88,10.9052,2.2032,Paraffin,24.72491909385117,92.41387454690144
C(CC(CCCc1ccccc1)=CCCc2ccccc2)Cc3ccccc3,24.44897959,4.031746032,23.96,3.81,Aromatic,21.193228369410622,93.60194122893995
C(CC(CCCc1ccccc1)CCCc2ccccc2)Cc3ccccc3,31.51546392,4.527896996,30.57,4.22,Aromatic,10.555753928131773,77.24326364823727
CCCCCCCCCCCCCCC=C(c1ccccc1)c2ccccc2,21.02310231,4.246575342,19.11,3.72,Aromatic,106.17370602008367,122.30378607204992
CCCCCCCCCCCCCCCC(c1ccccc1)c2ccccc2,21.10244989,4.324009324,18.95,3.71,Aromatic,112.24082979544077,122.92160760793233
C(CCCCCCCCCCCCCCCCC)C1CC2=CC=CC=C2CC1,33.98169336,6.523297491,29.7,5.46,Aromatic,149.14425592336596,133.51787514939548
C(CCCCCCCCCCCCCCCCC)C=1C=C2CCCCC2=CC1,27.00228833,5.824436536,23.6,4.91,Aromatic,167.4841651090428,142.46446548673939
C1(=CC=CC=C1)CCCCCCCCCCCCCCCCCCCCCC,14.12745098,3.282674772,14.41,3.24,Aromatic,99.01503780144715,133.91359416380112
CCCCCCCCCCC(CCCCCCCCCC)Cc1ccccc1,10.54,2.84,8.92738,2.30892,Aromatic,117.60556605297957,135.4775827181332
C(CCC)C(CCCCCCCCCCCCCCCCC)C1=CC=CC=C1,14.1509434,4.2997543,12.0,3.5,Aromatic,241.79567017556127,163.3995709494189
CCCCCCCCC1CCC(CC1)C2CCC(CCCCCCCC)CC2,25.71,5.11,22.13631,4.23108,Cyclic Paraffin,130.42526476548932,126.54579042211051
CCCCCCCCCCCCCC(CC1CCCCC1)CC2CCCCC2,37.80516432,5.201958384,32.21,4.25,Cyclic Paraffin,44.879727963290186,69.53588211357712
CCCCCCCCCCCCCCCC(C1CCCCC1)C2CCCCC2,29.75834292,5.149342891,25.86,4.31,Cyclic Paraffin,101.19191012435545,109.19795037125888
C1(CCCC1)C1C(CCC1)CCCCCCCCCCCCCCCCCC,8.041958042,2.905569007,6.9,2.4,Cyclic Paraffin,264.90967546880415,168.77221609968856
C(C=1C(C(=O)OCCCCCCCC(C)C)=CC=CC1)(=O)OCCCCCCCC(C)C,39.89495798,5.549450549,37.98,5.05,Aromatic Ester,62.40250626475283,85.19047155573699
C=1(C(=CC=CC1)C(=O)OCCCCCCCC(C)C)C(=O)OCCCCCCCC(C)C,39.89495798,5.549450549,37.98,5.05,Aromatic Ester,62.40250626475283,85.19047155573699
CCCCCCCCCCCCCCCCCCCCCCC1CCCCC1,18.9,4.55,15.5925,3.60815,Cyclic Paraffin,164.53793771196317,141.94592420318054
C1(CCCCC1)CC(CCCCCCCCCC)CCCCCCCCCC,16.82867558,3.891001267,13.85,3.07,Paraffin,127.33381054461002,129.46331599360525
CCCCCCCCCCC(CCCCCCCCCC)CC1CCCCC1,17.58201701,3.700887199,14.47,2.92,Cyclic Paraffin,92.14457846072419,113.26860375299248
C(CCCCCCCC)C(CC=CCCCCCC)CCCCCCCCC,13.44364012,4.081632653,13.0,3.8,Alkene,232.99834072760754,165.62458683369562
C(CCCCCCCC)C(CC=CCCCCCC)CCCCCCCCC,13.44364012,4.081632653,13.0,3.8,Alkene,232.99834072760754,165.62458683369562
CC(C)(CC(CC=C(CCC(CC(C)(C)C)C)CCC(CC(C)(C)C)C)C)C,17.46231156,3.412384717,13.9,2.59,Alkene,42.13120291884332,90.9087927679034
CCCCCCCCCCCCCCCCCCCCCCCCCCCC,11.08005083,3.774834437,8.72,2.85,Paraffin,277.42695170555106,167.75679552444458
CCCCCCCCCC(CCCCCCCCC)CCCCCCCCC,10.99246231,3.003952569,8.75,2.28,Paraffin,133.3992913874852,135.84208121354789
CCCCCCCCCCCC(CCCCCCCC)CCCCCCCC,11.53266332,2.939632546,9.18,2.24,Paraffin,105.89000998752141,125.65737591145499
CCCCCCCCCCCCCCCC(CCCCCC)CCCCCC,12.8,3.23,10.2016,2.46449,Paraffin,120.4247881214657,129.5808756100825
C(CCCCCCC)C(CCCCCCCCC)CCCCCCCCCC,16.33165829,4.960835509,13.0,3.8,Paraffin,265.51743519099966,165.62458683369562
C(CC)C(CCCCCCCCCC)C(CCCCCCCCCC)CCC,9.147095179,2.827763496,7.4,2.2,Paraffin,172.4963921182431,150.53186893950397
CC(CCC(CCC(C)CC(C)(C)C)CCC(C)CC(C)(C)C)CC(C)(C)C,23.65914787,3.776315789,18.88,2.87,Paraffin,-15.20987883468482,59.41746144003133
CCCCCCCCCCCCCCCCCC(=O)OCCCCCCCCCC,12.95,3.76,11.17585,3.12832,Ester,199.9288278781814,156.51137035946016
C(CCC(=O)OCCCCCCCCCCCC)(=O)OCCCCCCCCCCCC,42.28121927,12.21995927,43.0,12.0,Ester,299.8819277676448,181.67201005752656
C(CCCCCC)C(CCCCCC)(CCCCCCCC)CCCCCCC,48.44720497,11.48387097,39.0,8.9,Paraffin,240.57851192814684,166.1412584526141
CC1=CC=C(C(=C1)C(=CCCCCCCCCC)CCCCCCCCCC)C,5.418138987,2.208588957,4.6,1.8,Aromatic,313.815864186917,171.8609715620809
CCCCCCCCCCC(=CCCCCCCCCC)c1cc(C)ccc1C,16.50577125,3.289617486,15.73,3.01,Aromatic,39.99610437530701,106.95360501264241
CCCCCCCCCCC(CCCCCCCCCC)c1cc(C)ccc1C,24.20803783,4.261083744,20.48,3.46,Aromatic,63.63440754607732,96.52841823402777
CCCCCCCCCCC(CCCCCCCCCC)C1CC(C)CCC1C,23.99758454,4.219143577,19.87,3.35,Cyclic Paraffin,60.39170097653434,93.74106518504378
CCCCCCCCCCC(CCCCCCCCCC)CC1CC(C)CC1C,14.04907975,3.239795918,11.45,2.54,Cyclic Paraffin,93.2115997241607,118.9388637811595
C(CCCCCCCC)C(CCCCCCCCC)CCCCCCCCCC,18.79699248,5.46875,15.0,4.2,Paraffin,260.47176365446325,164.606398400015
C(CCCC(=O)OCCCCCCCCCCCC)(=O)OCCCCCCCCCCCC,48.27586207,13.22482197,49.0,13.0,Ester,285.7837588239885,180.24321191697976
CCCCC(=CCCCCCCC=C(CCCC)c1ccccc1)c2ccccc2,26.93,4.49,24.85639,4.00059,Aromatic,60.33864788036092,99.07590554114138
CCCCCCCCCCCCCCCCC=C(c1ccccc1)c2ccccc2,22.2,4.78,20.1798,4.19684,Aromatic,140.44758563863797,136.2146143695851
CCCCCCCCCCCCCCC=C(Cc1ccccc1)Cc2ccccc2,28.18181818,4.840909091,25.73,4.26,Aromatic,88.41918911046986,107.51659802538937
CCCCCCCCCCCCCCCC(Cc1ccccc1)Cc2ccccc2,25.54545455,4.099905749,28.1,4.35,Aromatic,15.554445856718402,98.75638874991665
CCCCC(CCCCCCCCC(CCCC)c1ccccc1)c2ccccc2,32.35,4.84,29.01795,4.18176,Aromatic,48.70722433460074,84.09196905952786
C(CCC)C(=CCCCCCCCCCCCCCC)C1=CC=CC2=CC=CC=C12,49.88913525,12.58581236,45.0,11.0,Aromatic,260.91352020238384,173.8912148594208
C(CCCCCCCCCCCCCCCCCCCCCCC)C1=CC=CC=C1,7.658157603,2.774566474,6.9,2.4,Aromatic,258.38679997903336,168.77221609968856
C1(CCCCC1)CC(CCCCCCCCCCCCCCC)CC1CCCCC1,33.48729792,10.05988024,29.0,8.4,Aromatic,308.4485961017733,179.16580055571796
CCCCCCCCCCCCCC(CCCCCCCC)CCCCCCCC,13.875,3.424836601,11.1,2.62,Paraffin,124.2096272074005,129.6498902877801
CC(C)CCCC(C)CCCC(C)CCCCC(C)CCCC(C)CCCC(C)C,18.91959799,4.126984127,15.06,3.12,Paraffin,120.68899849804164,121.13560097761554
C(CCCCCCCCCCCCCCC)(=O)OCCCCCCCCCCCCCC,20.53475936,6.270627063,19.2,5.7,Ester,291.4437445148271,174.8170523471565
C(CCCCCCCCCCCCCCCCCCCCCCCCCCC)(=O)OCC,21.23142251,6.147091109,20.0,5.6,Ester,268.73448285081105,170.74351571728195
C(C)OC(C(=C(CCCCCCCCCCCCC)O)CCCCCCCCCCCC)=O,46.53567735,12.87553648,45.0,12.0,Ester,287.9384230628392,179.5357951412739
C(CCCCCCCCC(=O)OCCCCCCCCCC)(=O)OCCCCCCCCCC,47.99107143,17.66784452,43.0,15.0,Ester,383.085698774281,192.31364969014197
C(CCCCC(=O)OCCCCCCCCCCCC)(=O)OCCCCCCCCCCCC,49.04904905,15.46391753,49.0,15.0,Ester,331.1244944731314,187.67732623699308
CCCCCCCCCCC(=CCCCCCCCCC)c1cccc2ccccc12,33.50503919,5.173611111,29.92,4.47,Aromatic,74.60904317630957,95.07482318023975
CCCCCCCCCCC(CCCCCCCCCC)c1cccc2CCCCc12,43.79428571,5.928994083,38.32,5.01,Aromatic,67.268987599928,81.77018795305025
C(CCCCCCCCCCCCCCCCCCCCCCCC)C1=CC=CC=C1,8.268156425,3.023255814,7.4,2.6,Aromatic,280.1276937425101,171.48576991401612
CCCCCCCCCCCCC(CCCCCCCCCCCC)c1ccccc1,21.12038141,4.349442379,17.72,3.51,Aromatic,114.35874670114474,121.49948830287978
CCCCCCCCCCC(CCCCCCCCCC)C1CCCC2CCCCC12,43.76018626,6.121212121,37.59,5.05,Cyclic Paraffin,78.8699541706824,86.87929162621413
CCCCCCCCCCCCC(CCCCCCCCCCCC)C1CCCCC1,22.52415459,4.571788413,18.65,3.63,Cyclic Paraffin,118.56946050716566,120.95795102927808
C(CCCCCCCCC)C(=CCCCCCCCCC)CCCCCCCCCC,8.122362869,2.947598253,7.7,2.7,Paraffin,270.5430200608144,172.15996468615663
C(CCCCCCCCC)C(CCCCCCCCCC)CCCCCCCCCC,14.09261577,3.613666229,11.26,2.75,Paraffin,146.1946290656953,136.53477356879645
C(CCC)C(=CCCCCCCCCCCCCCCCC)C1=CC2=CC=CC=C2C=C1,55.43237251,17.1624714,50.0,15.0,Aromatic,327.6326643236388,186.902943690268
CC(C)CC(C(CC(C)C)(C1=CC=C(C=C1)C(C)(C)C)C)(C1=CC=C(C=C1)C(C)(C)C)C,44.63437797,10.85883514,47.0,11.0,Aromatic,245.4257899526137,171.45302627638878
CCCCCCCCCCCC(CCCCCCCCCC)c1cccc2ccccc12,37.4,5.58,33.3608,4.82112,Aromatic,80.01220256253816,95.1535425217665
CCCCCCCCCCCCCCCCCCCCCCc1ccc2CCCCc2c1,21.3,5.85,18.5736,4.9374,Aromatic,244.8420921974,164.38596548633114
CCCCCCCCCCCCCCCCC=C(CCCC)c1ccc2CCCCc2c1,46.0,6.84,40.204,5.78664,Aromatic,103.16624671543539,106.24797601460853
C(CCC)C(CCCCCCCCCCCCCCCCCCCCC)C1=CC=CC=C1,20.09456265,5.651105651,17.0,4.6,Aromatic,250.57804681578037,164.09292509592478
CCCCCCCCCCCCCCCCCCCCCCC1CCC2CCCCC2C1,27.66,7.6,23.7876,6.308,Cyclic Paraffin,265.91578588732636,169.38710811011308
C(CCC)C(CC1CC2CCCCC2CC1)CCCCCCCCCCCCCCCC,25.76112412,7.393939394,22.0,6.1,Cyclic Paraffin,279.67895303795206,171.68488949858235
CCCCCCCCCCCCCCCC(CCCCCCCC)CCCCCCCC,17.6875,3.989569752,14.15,3.06,Paraffin,124.3379531613066,125.99935624246314
CCCCCCCCCCCC(CCCCCCCCCC)CCCCCCCCCC,15.72319202,3.745123537,12.61,2.88,Paraffin,129.4133611704471,130.1452985327515
C(CCC)C(CCCCCCCCCCCCCCCCC)C1CCC2(CC1)CCCCC2,39.53488372,13.25301205,34.0,11.0,Cyclic Paraffin,350.04593172622225,187.19964524296125
C(CCCCCC)(=O)OCC(COC(CCCCCC)=O)(COC(CCCCCC)=O)COC(CCCCCC)=O,21.4,4.37,20.5868,4.05099,Ester,113.05727005492523,128.04037660779676
CCCCCCCCCCCCCCCCCC(CCCCCCCC)CCCCCCCC,20.29962547,4.519480519,16.26,3.48,Paraffin,140.56675057369307,131.17048399626614
CCCCCCCCCCCCCC(CCCCCCCCCC)CCCCCCCCCC,18.59627329,4.241245136,14.97,3.27,Paraffin,137.1216212279193,130.7237963683163
C1(CCCCC1)C(CCCCCCCCCCCCCC)CCCCCCCCCCCCCC,31.27864897,6.118090452,25.93,4.87,Cyclic Paraffin,147.3792518034538,131.00503670130865
C1(=CC=CC=C1)C(CCCCCCCCCCCCCC)CCCCCCCCCCCCCC,22.81959379,5.840597758,19.1,4.69,Aromatic,219.68716195213642,156.6053677964034
CCCCCCCCCCCCCCC(CCCCCCCCCCCCCC)C1CCCCC1,32.27985525,5.879396985,26.76,4.68,Cyclic Paraffin,127.3238755912532,120.39515952485581
CCCCCCCCCCCCCCCC(CCCC)CCCCCCCCCCCCCCC,23.4029484,5.229007634,19.05,4.11,Paraffin,164.3058314380345,139.45230859764595
C(CCCCCC)C(CCCCCCCCC)(CCCCCCCCCC)CCCCCCCC,27.4352651,5.300127714,22.25,4.15,Paraffin,128.66051140075695,122.45492613448297
CCCCCCCCCCCCCCCCCCCCC=C(CCCC)c1ccc2ccccc2c1,35.97,6.32,31.54569,5.38464,Aromatic,126.50368001577007,124.37280382218665
C(CCCCCCCCCC)C(CCCCCCCCCCCC)CCCCCCCCCCCC,20.1119403,4.954721863,16.17,3.83,Paraffin,185.922327508364,146.70844614096285
CCCCCCCCCCCCC(CCCCCCCCCCC)CCCCCCCCCCCC,21.1318408,4.734799483,16.99,3.66,Paraffin,149.79274114410225,134.31757263687112
C(CCCCCCC)(=O)OCC(COC(CCCCCCC)=O)(COC(CCCCCCC)=O)COC(CCCCCCC)=O,26.8,5.11,25.4332,4.69098,Ester,120.73138375414712,127.14565013475878
CCCCCCCCCCCCCC(CCCCCCCCCCCC)CCCCCCCCCCCC,24.44168734,5.393548387,19.7,4.18,Paraffin,164.90526967036865,138.297129317227
CCCCCCCCCCCCCCCCC(CCCCCCCCCCCCCCCC)C1CCCCC1,35.07,5.88,29.1081,4.66872,Cyclic Paraffin,110.27518726514295,108.56668278615207
