,SMILES,MolObject,MutationList,HeavyAtoms,ID,MolMass,Predecessor,Score,Density100C,DViscosity40C,DViscosity100C,DVI,Toxicity,SCScore,Density40C,SimilarityScore,ThermalConductivity_40C,ThermalConductivity_100C,HeatCapacity_40C,HeatCapacity_100C,ViscNormalisedScore_40C,ViscNormalisedScore_100C,HCNormalisedScore_40C,HCNormalisedScore_100C,TCNormalisedScore_40C,TCNormalisedScore_100C,DVINormalisedScore,TotalScore,NichedScore
1,C=C(CCCCCC)OC(=O)CCCCCCCC,<rdkit.Chem.rdchem.Mol object at 0x0000021625196C70>,"['ReplaceBond', None, 'RemoveFragment']",19,Generation_1_Molecule_1,268.441,[None],,0.8503641,1.6267349,0.5266,24.497058760545855,,,0.91330284,0.9150246327168271,0.16139814,0.15143295,6.021458,6.168365,0.5212719440460205,0.5212719440460205,0.40691113,0.40691113,0.47872806,0.47872806,0.999999969755614,3.813822239195311,4.167999530101804
2,CCCCC(CCCC)CCCC(CCCC)CCCC,<rdkit.Chem.rdchem.Mol object at 0x0000021625196C00>,"['RemoveAtom', 'RemoveAtom', 'ReplaceBond']",21,Generation_1_Molecule_2,296.58299999999997,[None],,0.749199,1.5817183,0.38601127,-408.89698305067986,,,0.81300294,0.9281856873206584,0.12828657,0.12060446,6.2323213,6.3830523,0.5321569442749023,0.5321569442749023,0.5733844,0.5733844,0.46784306,0.46784306,0.9999998962893966,4.1467687046542645,4.467606817580337
3,COCCCCCCCCCCCCCCC1CCCc2ccccc21,<rdkit.Chem.rdchem.Mol object at 0x0000021625196B90>,"['ReplaceAtom', 'Glycolate', 'Glycolate']",26,Generation_1_Molecule_3,358.61,[None],,0.9105364,3.2635589,1.5291036,182.94630876581226,,,0.8875529,0.9305881638826381,0.15781859,0.14898786,6.297201,6.460048,0.12548720836639404,0.12548720836639404,0.62460613,0.62460613,0.8745128,0.8745128,0.9999999966149289,4.2492122616295775,4.566157647976995
4,CCCCCCCCCC,<rdkit.Chem.rdchem.Mol object at 0x0000021625197220>,"[None, 'RemoveFragment', None]",10,Generation_1_Molecule_4,142.286,[None],,0.6683248,-0.35311282,-0.99665487,0,,,0.7145234,0.9114443400037686,0.1263058,0.11229931,5.7680244,5.8715916,1.0,1.0,0.20682898,0.20682898,0.0,0.0,0.9999999656030274,3.413657928878937,3.7453279142254834
5,CCCCCCCCCCOCOCOCCCCCCCCc1ccc(C)c(C)c1,<rdkit.Chem.rdchem.Mol object at 0x0000021625197140>,"['Glycolate', 'Esterify', 'RemoveAtom']",31,Generation_1_Molecule_5,434.705,[None],,0.9793232,3.0724607,1.5441431,187.92544317706015,,,0.90143424,0.9120758224178911,0.18051395,0.17617266,6.489846,6.6533074,0.171694815158844,0.171694815158844,0.77669656,0.77669656,0.8283052,0.8283052,0.9999999974589603,4.553393122993018,4.992340561031519
6,CCCCC(CC)C(C)OC(=O)CCCC1CCC(C)CC1,<rdkit.Chem.rdchem.Mol object at 0x0000021625196CE0>,"['AddAtom', 'RemoveFragment', 'RemoveFragment']",22,Generation_1_Molecule_6,310.522,[None],,0.8791487,2.1391594,0.71384305,90.85400100853417,,,0.91400373,0.9211928076265715,0.12931967,0.123350285,6.158949,6.321189,0.3973674178123474,0.3973674178123474,0.51545805,0.51545805,0.6026326,0.6026326,0.9999999810040232,4.030916075783992,4.375757216526189
7,CCCCCC(C1CCCCC1)C1CCCCC1,<rdkit.Chem.rdchem.Mol object at 0x0000021625197370>,"['RemoveFragment', None, 'ReplaceBond']",18,Generation_1_Molecule_7,250.46999999999997,[None],,0.8354325,2.5276484,0.7754406,77.3579284965534,,,0.8803848,0.9095458851580408,0.12677859,0.11905967,5.928738,6.1032414,0.3034306764602661,0.3034306764602661,0.33371004,0.33371004,0.6965693,0.6965693,0.9999999787162542,3.6674200679610967,4.032144092789616
8,C=CCCCCCCOCOCOCCCCCCCCC,<rdkit.Chem.rdchem.Mol object at 0x0000021625196D50>,"['Glycolate', None, None]",22,Generation_1_Molecule_8,314.51,[None],,0.96348333,1.920853,0.6908037,107.27491588349123,,,0.92980444,0.9075155434906717,0.20425528,0.20050709,6.199452,6.321331,0.45015400648117065,0.45015400648117065,0.54743457,0.54743457,0.549846,0.549846,0.9999999837875928,4.094869120597895,4.512175190793288
9,CCCCc1cc2c(cc1CCCCCOCC)CCCC2,<rdkit.Chem.rdchem.Mol object at 0x00000216251971B0>,"['ReplaceAtom', None, 'AddAtom']",22,Generation_1_Molecule_9,302.502,[None],,0.9056859,2.9874413,1.4948173,187.17607312487496,,,0.93395686,0.9215058440112631,0.12340325,0.11843224,6.050592,6.2037435,0.19225245714187622,0.19225245714187622,0.42991182,0.42991182,0.80774754,0.80774754,0.9999999973319317,3.859823641493156,4.188604626414045
10,CCCCCCCCCCCCCCCOCOCCCCCC,<rdkit.Chem.rdchem.Mol object at 0x0000021625197060>,"['Glycolate', None, None]",24,Generation_1_Molecule_10,342.60799999999995,[None],,0.9919061,2.547148,1.5297154,197.69717239186872,,,0.9963349,0.908277739195508,0.19018324,0.18782395,6.337929,6.461897,0.29871559143066406,0.29871559143066406,0.65676,0.65676,0.7012844,0.7012844,0.9999999991154019,4.313519953796798,4.749119974708868
11,CC(C)CCCCCCCCCCCCCCCCOC(=O)c1ccccc1C(=O)OCCCCCCCC(C)C,<rdkit.Chem.rdchem.Mol object at 0x0000021625196FF0>,"[None, None, 'AddFragment']",41,Generation_1_Molecule_11,572.915,[None],,0.9133036,3.7825286,1.8577935,188.93497479504578,,,0.9240409,0.9161594456617553,0.16194773,0.15271126,6.737132,6.897217,0.0,0.0,0.9719251,0.9719251,1.0,1.0,0.9999999976300896,4.94385015727517,5.396277013445138
12,CCCCCCCCCCC(CCCCCCCCC)CCCCCCOCOCCCCC,<rdkit.Chem.rdchem.Mol object at 0x0000021625196DC0>,"['Glycolate', None, 'RemoveFragment']",34,Generation_1_Molecule_12,482.878,[None],,0.975142,2.8901436,1.7128279,197.91526856954357,,,0.97976965,0.9119962477637975,0.18825617,0.18477497,6.6828146,6.829552,0.2157791256904602,0.2157791256904602,0.9290422,0.9290422,0.7842209,0.7842209,0.9999999991523723,4.8580844393836955,5.326868889313583
13,CCCCC(C)(C)COC(=O)CCCCCCCCCCC(=O)OCC(C)(C)CCOC,<rdkit.Chem.rdchem.Mol object at 0x00000216251973E0>,"['ReplaceAtom', None, 'RemoveAtom']",32,Generation_1_Molecule_13,456.70799999999997,[None],,0.9219557,2.8576477,1.3709301,182.76810350396724,,,0.9787296,0.9235666771333815,0.18795238,0.17691095,6.5348096,6.685239,0.22363662719726562,0.22363662719726562,0.81219447,0.81219447,0.7763634,0.7763634,0.9999999965847206,4.624388929766483,5.007098073438426
14,CCCCCOC(=O)CC1CCC(C2CCC(CCCC)CC2)CC1,<rdkit.Chem.rdchem.Mol object at 0x0000021625197300>,"['Esterify', None, 'AddFragment']",25,Generation_1_Molecule_14,350.587,[None],,0.9377612,3.121054,1.4358512,180.3851169678045,,,1.0187607,0.9270275906432076,0.13568047,0.12788413,6.244989,6.3995194,0.15994489192962646,0.15994489192962646,0.58338535,0.58338535,0.8400551,0.8400551,0.9999999961807717,4.166770692820786,4.494764486922897
15,CC(C)=CCCC(C)C(C)CCC(C)CCCC(C)C,<rdkit.Chem.rdchem.Mol object at 0x0000021625197290>,"['ReplaceBond', None, 'RemoveAtom']",20,Generation_1_Molecule_15,280.53999999999996,[None],,0.7846595,1.3041155,0.31570593,-753.1318760473507,,,0.81250995,0.942524685901895,0.10536442,0.10078925,6.1611924,6.3110647,0.5992814302444458,0.5992814302444458,0.51722926,0.51722926,0.40071857,0.40071857,0.9999998379368743,4.034458355965134,4.280480306045873
16,CC(C)c1ccc(CC(C)c2ccc(C(C)C=O)cc2)cc1,<rdkit.Chem.rdchem.Mol object at 0x0000021625196AB0>,"['AddAtom', None, 'ReplaceAtom']",22,Generation_1_Molecule_16,294.438,[None],,1.0088847,2.802934,1.2821414,177.51214139980482,,,0.9849027,0.9447373076103509,0.13405305,0.13055342,5.997274,6.1536803,0.23686641454696655,0.23686641454696655,0.38781804,0.38781804,0.7631336,0.7631336,0.9999999956937631,3.775636072620948,3.996493038018329
17,CCCC=CCCCCCCCCCCCCCCCc1ccc(C)cc1,<rdkit.Chem.rdchem.Mol object at 0x0000021625196F80>,"['ReplaceBond', None, 'AddAtom']",27,Generation_1_Molecule_17,370.66499999999996,[None],,0.81964713,2.2970023,1.0133953,167.36176944174946,,,0.8477762,0.9266725742312356,0.16594738,0.15407401,6.370059,6.514695,0.35920101404190063,0.35920101404190063,0.68212634,0.68212634,0.640799,0.640799,0.9999999939731363,4.364252680473686,4.709595170758404
18,CCCCCCOC(=O)c1ccc(C(=O)OCCOC(=O)CCCCCC)cc1,<rdkit.Chem.rdchem.Mol object at 0x00000216251974C0>,"['Esterify', None, 'ReplaceBond']",29,Generation_1_Molecule_18,406.519,[None],,1.1576409,3.3255143,1.5508143,182.84727184014008,,,1.128824,0.9102553262827817,0.20388491,0.1925726,6.3369217,6.4372826,0.11050635576248169,0.11050635576248169,0.6559649,0.6559649,0.88949364,0.88949364,0.9999999965981408,4.311929818566219,4.737055300928463
19,CCCCCCCCCCCCCCOCCCOC(=O)CCCCCCCCC(=O)OCC1(C)CCCCC1,<rdkit.Chem.rdchem.Mol object at 0x00000216251970D0>,"[None, 'Glycolate', 'Glycolate']",40,Generation_1_Molecule_19,566.908,[None],,0.98848516,3.6542742,1.9846247,194.99797644324727,,,0.9377564,0.9068806023362,0.18921049,0.17454664,6.737847,6.889274,0.031011998653411865,0.031011998653411865,0.97248936,0.97248936,0.968988,0.968988,0.9999999986578513,4.944978712647109,5.452734020232026
20,CCC(C)CCCC(C)(O)CCCC(CC)CCCCC(C)C,<rdkit.Chem.rdchem.Mol object at 0x00000216251975A0>,"['AddFragment', None, 'RemoveAtom']",23,Generation_1_Molecule_20,326.609,[None],,0.89079255,2.7387655,1.1370361,164.3395441626826,,,0.9175633,0.9390069401897393,0.12709092,0.12015,6.28695,6.4447,0.25238239765167236,0.25238239765167236,0.6165131,0.6165131,0.7476176,0.7476176,0.9999999934608278,4.23302614034956,4.507981740256594
21,CC(C)CCOC(=O)CCC(C)(C)CC(C)(C)CCC(C)C,<rdkit.Chem.rdchem.Mol object at 0x0000021625197680>,"['Esterify', None, None]",22,Generation_1_Molecule_21,312.53799999999995,[None],,0.8856848,1.9039524,0.62037736,61.811992507428215,,,0.95000136,0.9349163005729313,0.123915374,0.1133335,6.2281256,6.370493,0.454240620136261,0.454240620136261,0.570072,0.570072,0.5457594,0.5457594,0.9999999760810055,4.140143966597668,4.428357879802205
22,CC(C)CCOC(=O)CCCCCCCC(=O)OCC(C)C(C)C,<rdkit.Chem.rdchem.Mol object at 0x0000021625197530>,"['AddAtom', None, 'ReplaceAtom']",24,Generation_1_Molecule_22,342.52,[None],,0.9551756,2.1538262,0.97593737,169.14312711846253,,,0.97917104,0.9232108019563787,0.15986082,0.15739118,6.22483,6.3929567,0.3938210606575012,0.3938210606575012,0.5674703,0.5674703,0.60617894,0.60617894,0.9999999942751008,4.134940618512161,4.4788694085357275
23,CCC=CCCCCCCCCC(C1CCCCC1)C1CCCCC1,<rdkit.Chem.rdchem.Mol object at 0x0000021625197450>,"['RemoveAtom', 'RemoveAtom', 'RemoveAtom']",25,Generation_1_Molecule_23,346.643,[None],,0.85688937,3.1293302,1.6089342,189.88324680492107,,,0.91144985,0.9245732103965276,0.13514307,0.12866028,6.297318,6.4601235,0.1579437255859375,0.1579437255859375,0.62469834,0.62469834,0.8420563,0.8420563,0.9999999977908346,4.249396679576418,4.596062952931496
24,CCCCCCCOC(=O)CCCCCCC(=O)OCc1ccccc1,<rdkit.Chem.rdchem.Mol object at 0x00000216251977D0>,"['Esterify', None, 'AddFragment']",26,Generation_1_Molecule_24,362.50999999999993,[None],,1.0949761,2.408613,1.0114664,161.37142309699487,,,1.1048597,0.9044611754260445,0.18122742,0.17266707,6.23882,6.374406,0.3322134017944336,0.3322134017944336,0.5785151,0.5785151,0.6677866,0.6677866,0.9999999929576906,4.1570302177578,4.596140034202839
25,C=CCCCCCCCCCCCCCC,<rdkit.Chem.rdchem.Mol object at 0x0000021625196E30>,"['AddFragment', 'AddFragment', 'AddAtom']",16,Generation_1_Molecule_25,224.432,[None],,0.72508776,0.6885977,-0.18014571,0,,,0.76746446,0.9044708949088655,0.14616509,0.13536604,5.9220586,6.06747,0.7481139302253723,0.7481139302253723,0.32843664,0.32843664,0.25188607,0.25188607,0.9999999656030274,3.656873251373444,4.043107712981644
26,CCCCCCCCCCCCCCC(CCCCCCCC)CCCCCCCCCCCCC,<rdkit.Chem.rdchem.Mol object at 0x00000216251976F0>,"[None, 'ReplaceBond', 'AddAtom']",36,Generation_1_Molecule_26,506.98799999999994,[None],,0.77182966,2.8768895,1.4323438,186.19862281657151,,,0.8028467,0.9128262582655643,0.15954329,0.14791888,6.772693,6.9240975,0.2189839482307434,0.2189839482307434,1.0,1.0,0.78101605,0.78101605,0.9999999971662406,4.99999999716624,5.477493610521898
27,CCCCCCCCCCCCC(OC(=O)OCCC(C)C)C(=O)OCCC(C)C,<rdkit.Chem.rdchem.Mol object at 0x0000021625197610>,"['ReplaceAtom', None, 'AddAtom']",30,Generation_1_Molecule_27,428.654,[None],,0.95726824,2.9059448,1.2393758,170.01842300718067,,,0.91821146,0.9064493478811343,0.1834604,0.17675298,6.4672484,6.605645,0.2119584083557129,0.2119584083557129,0.75885594,0.75885594,0.7880416,0.7880416,0.9999999944234754,4.517711872246352,4.983965053101648
28,CCC(=O)OCCCCCCCCCCCCc1cc(C(C)C)ccc1C,<rdkit.Chem.rdchem.Mol object at 0x0000021625197990>,"['Esterify', 'RemoveFragment', 'Esterify']",27,Generation_1_Molecule_28,374.609,[None],,0.8878312,2.7525156,1.2400182,175.3488670263598,,,0.9442158,0.9162376349725253,0.15858929,0.1488948,6.36443,6.503606,0.24905765056610107,0.24905765056610107,0.6776823,0.6776823,0.75094235,0.75094235,0.9999999953270586,4.3553645564079915,4.75353160595569
29,CCCCCC(C)CCCCCCC(=O)OCCCC,<rdkit.Chem.rdchem.Mol object at 0x0000021625197BC0>,"['AddAtom', 'AddFragment', 'AddAtom']",20,Generation_1_Molecule_29,284.484,[None],,0.909081,1.4974487,0.37876606,-377.18724930539395,,,0.92133915,0.8945640372446155,0.15437807,0.1428403,6.1423063,6.262207,0.5525333881378174,0.5525333881378174,0.502319,0.502319,0.4474666,0.4474666,0.9999999016646302,4.004637858283893,4.4766363184224875
30,C=C(C)c1ccc(Cc2ccccc2)cc1,<rdkit.Chem.rdchem.Mol object at 0x0000021625197AE0>,"[None, 'ReplaceBond', 'ReplaceBond']",16,Generation_1_Molecule_30,208.30399999999997,[None],,0.9571724,1.4503534,0.50195426,43.51947605077871,,,0.96899277,0.9434917934545021,0.13465022,0.12473666,5.574969,5.7173433,0.5639210641384125,0.5639210641384125,0.054414432,0.054414432,0.43607894,0.43607894,0.9999999729801738,3.1088288379718385,3.295024778741497
31,CC(CC1CCCCC1)C1CC=CC1,<rdkit.Chem.rdchem.Mol object at 0x0000021625197920>,"[None, 'RemoveAtom', None]",14,Generation_1_Molecule_31,192.346,[None],,0.8363698,1.079608,0.07740646,-5899228823.33297,,,0.88861126,0.9460938188603923,0.12552175,0.117085434,5.5877514,5.7774167,0.6535674631595612,0.6535674631595612,0.064506084,0.064506084,0.34643254,0.34643254,0.0,2.129012167453766,2.250318229558085
32,CC(C)c1ccc(CCc2ccc(C(C)C)cc2)cc1,<rdkit.Chem.rdchem.Mol object at 0x0000021625197840>,"[None, 'RemoveAtom', None]",20,Generation_1_Molecule_32,266.428,[None],,0.91313905,2.1692243,0.85021144,142.65109073711312,,,0.92909133,0.9411387464752771,0.1344315,0.12588085,5.908484,6.0808983,0.39009779691696167,0.39009779691696167,0.3177197,0.3177197,0.6099022,0.6099022,0.9999999897843382,3.6354393856888794,3.862809175909728
33,COCCCCC(C)c1ccccc1,<rdkit.Chem.rdchem.Mol object at 0x0000021625197760>,"[None, 'ReplaceAtom', None]",14,Generation_1_Molecule_33,192.302,[None],,0.87232476,1.1283425,0.21631902,-5147.724009398457,,,0.8901028,0.9197097465633342,0.15429638,0.14022,5.6074333,5.7499137,0.6417834460735321,0.6417834460735321,0.08004468,0.08004468,0.35821655,0.35821655,0.9999990929934056,3.1600884516808065,3.4359627735696643
34,CCCC=CC1CCCCC1CCCC,<rdkit.Chem.rdchem.Mol object at 0x0000021625197C30>,"[None, 'ReplaceBond', 'ReplaceAtom']",15,Generation_1_Molecule_34,208.38899999999998,[None],,0.7886003,1.148744,-0.11310902,0,,,0.834251,0.9350791868875901,0.12747933,0.118459865,5.7879014,5.9455314,0.6368503570556641,0.6368503570556641,0.22252154,0.22252154,0.36314964,0.36314964,0.9999999656030274,3.445043052608643,3.6842260002336964
35,CC(C)CCC(CCC(C)C)C(CCC(C)C)C(O)CC(C)C,<rdkit.Chem.rdchem.Mol object at 0x0000021625197A00>,"['AddAtom', None, 'ReplaceAtom']",23,Generation_1_Molecule_35,326.609,[None],,0.8573634,2.3447146,0.9826622,159.95422704647692,,,0.8980539,0.948295050176622,0.1041855,0.09693277,6.2978973,6.452082,0.34766411781311035,0.34766411781311035,0.62515575,0.62515575,0.6523359,0.6523359,0.9999999927174565,4.250311486591053,4.482055965386958
36,CC(C)CCCCCCCCCCOC(=O)CCCCCCCC(=O)OCC1(C)CCCCC1,<rdkit.Chem.rdchem.Mol object at 0x0000021625197D10>,"['RemoveAtom', None, 'ReplaceBond']",34,Generation_1_Molecule_36,480.77399999999994,[None],,0.9671929,3.4483094,1.8147367,192.56333172069904,,,0.9361546,0.9125917746640287,0.15706724,0.1486754,6.6054816,6.761296,0.0808144211769104,0.0808144211769104,0.867989,0.867989,0.9191856,0.9191856,0.9999999982451457,4.735978005561735,5.189590939832094
37,CCCC=CCc1ccc2c(c1)CCC2,<rdkit.Chem.rdchem.Mol object at 0x00000216251978B0>,"[None, 'RemoveAtom', 'Esterify']",15,Generation_1_Molecule_37,200.325,[None],,0.9204393,1.436522,0.22861184,-6920.097638832512,,,0.9653628,0.9384459048955163,0.14160448,0.13312559,5.5845313,5.744797,0.5672654807567596,0.5672654807567596,0.06196388,0.06196388,0.43273452,0.43273452,0.9999987925518358,3.12392654969581,3.3288296463328044
38,CCCCCCCCOCCC(=O)OCC(=O)CCCCCC,<rdkit.Chem.rdchem.Mol object at 0x0000021625197A70>,"['AddAtom', None, None]",23,Generation_1_Molecule_38,328.49299999999994,[None],,0.9344005,2.4078813,0.9825172,156.39132740891455,,,0.98384506,0.9114408606551876,0.17743604,0.16643983,6.1694937,6.310689,0.3323904275894165,0.3323904275894165,0.52378297,0.52378297,0.6676096,0.6676096,0.9999999921134964,4.047565929155732,4.440843179058428
39,CCCCCC(Cc1ccccc1)Cc1ccccc1,<rdkit.Chem.rdchem.Mol object at 0x0000021625197B50>,"['RemoveAtom', 'Esterify', 'AddAtom']",20,Generation_1_Molecule_39,266.428,[None],,0.89718664,2.3160446,0.81582177,118.85046988631666,,,0.9087975,0.9073041717666774,0.15739158,0.14965291,5.8975763,6.084854,0.35459649562835693,0.35459649562835693,0.3091083,0.3091083,0.6454035,0.6454035,0.9999999857498075,3.6182165599418545,3.987876031581078
40,CC(C)CC(C)OC(=O)CCCCOCCCC(=O)OC(C)CC(C)C,<rdkit.Chem.rdchem.Mol object at 0x0000021625197ED0>,"['ReplaceAtom', 'AddFragment', 'AddAtom']",26,Generation_1_Molecule_40,372.546,[None],,0.9620626,2.3774126,1.0092407,162.63611625850922,,,0.94905746,0.9304534402671509,0.17699724,0.17212786,6.3138604,6.3822002,0.33975768089294434,0.33975768089294434,0.6377584,0.6377584,0.6602423,0.6602423,0.9999999931720733,4.275516741600418,4.595089401112683
41,CCCCCCC(C)CCC(CCCCCC)CC(C)CCCCCC,<rdkit.Chem.rdchem.Mol object at 0x00000216251B4200>,"['RemoveFragment', None, None]",26,Generation_1_Molecule_41,366.718,[None],,0.8021226,2.2751842,0.8947075,146.2108361194685,,,0.8187229,0.9262742667186923,0.13299288,0.12678511,6.4433346,6.590155,0.36447662115097046,0.36447662115097046,0.7399763,0.7399763,0.6355234,0.6355234,0.9999999903877639,4.479952564164009,4.836529228037555
42,CCCCCCC(C)CCCCCCC(C)CCCCC,<rdkit.Chem.rdchem.Mol object at 0x0000021625197F40>,"['RemoveAtom', 'AddAtom', 'Esterify']",21,Generation_1_Molecule_42,296.58299999999997,[None],,0.8036197,1.374602,0.4796509,36.634213819606,,,0.85713625,0.9183532554307884,0.13425262,0.12763807,6.234989,6.3816233,0.5822377800941467,0.5822377800941467,0.5754907,0.5754907,0.41776222,0.41776222,0.9999999718130277,4.150981398052041,4.520026878006618
43,CCCCC(CC)CCC(C)OC(=O)CCOCC(=O)OC(C)CCC(CC)CCCC,<rdkit.Chem.rdchem.Mol object at 0x0000021625197E60>,"['ReplaceAtom', None, None]",32,Generation_1_Molecule_43,456.70799999999997,[None],,1.0007144,2.936428,1.4012946,182.76346451031839,,,0.93443257,0.9267010339257148,0.18351524,0.17909342,6.520417,6.675221,0.20458757877349854,0.20458757877349854,0.8008319,0.8008319,0.7954124,0.7954124,0.9999999965839343,4.6016638244800525,4.965640110474859
44,CCCCCC=CCCCC(=CCCCCCCCCC)CCCCCCCCCC,<rdkit.Chem.rdchem.Mol object at 0x0000021625196F10>,"['ReplaceBond', None, 'AddFragment']",31,Generation_1_Molecule_44,432.82099999999997,[None],,0.87477434,2.4816518,1.2251016,182.90845787165472,,,0.9222719,0.9364701114328731,0.14775945,0.14118308,6.569693,6.711841,0.3145526647567749,0.3145526647567749,0.83973444,0.83973444,0.68544734,0.68544734,0.9999999966085126,4.679468866771476,4.996922816481051
45,CCCCCCC(CCCOC)c1ccc2ccccc2c1,<rdkit.Chem.rdchem.Mol object at 0x0000021625197DF0>,"['ReplaceAtom', None, 'AddAtom']",22,Generation_1_Molecule_45,298.47,[None],,0.9190737,3.1074183,1.2990711,169.35940090265774,,,0.9738461,0.9059780666335489,0.18617472,0.17695011,6.0483155,6.1926937,0.16324198246002197,0.16324198246002197,0.42811462,0.42811462,0.836758,0.836758,0.9999999943117621,3.8562292399744513,4.25642670832364
46,Cc1ccc(C2CCCCC2)c(O)c1,<rdkit.Chem.rdchem.Mol object at 0x00000216251B40B0>,"[None, 'ReplaceAtom', 'RemoveFragment']",14,Generation_1_Molecule_46,190.286,[None],,0.89224434,3.1140616,1.3858713,176.8891646417954,,,0.95378447,0.9488362044558506,0.12812561,0.12014809,5.506045,5.6699724,0.1616356372833252,0.1616356372833252,0.0,0.0,0.83836436,0.83836436,0.9999999955881601,2.99999999558816,3.1617680496378555
47,CCCC(C)CCCCc1ccc(C)cc1,<rdkit.Chem.rdchem.Mol object at 0x0000021625197D80>,"[None, 'AddAtom', None]",16,Generation_1_Molecule_47,218.384,[None],,0.80628717,1.1756812,0.058075238,0,,,0.8411086,0.9139781877939569,0.13273704,0.12307271,5.80338,5.9492965,0.6303369104862213,0.6303369104862213,0.23474167,0.23474167,0.3696631,0.3696631,0.9999999656030274,3.4694833113500216,3.796024191479027
48,CCCCCC(=O)OCCc1cccc2ccccc12,<rdkit.Chem.rdchem.Mol object at 0x00000216251B42E0>,"['Esterify', 'AddFragment', None]",20,Generation_1_Molecule_48,270.37199999999996,[None],,1.088386,2.3066583,0.8302679,124.94923769893461,,,1.1024743,0.9098234682340844,0.19986424,0.18674594,5.8933616,6.0366554,0.35686618089675903,0.35686618089675903,0.30578077,0.30578077,0.6431338,0.6431338,0.9999999867836321,3.6115615235725724,3.969518977766542
49,CCCCOCCCOC(=O)c1ccc(C)cc1,<rdkit.Chem.rdchem.Mol object at 0x00000216251B4430>,"['ReplaceAtom', None, 'AddAtom']",18,Generation_1_Molecule_49,250.33800000000002,[None],,1.0153911,2.0348287,0.7761926,131.38860031791666,,,1.1257083,0.9157072021764369,0.16488692,0.15325284,5.8606763,6.008578,0.42259472608566284,0.42259472608566284,0.27997625,0.27997625,0.5774053,0.5774053,0.9999999878751922,3.559952485357492,3.8876536920276035
50,CCCCCCCCCCCC(CCCCCCOCCC)C1CCCC2CCCCC21,<rdkit.Chem.rdchem.Mol object at 0x00000216251B4190>,"['ReplaceAtom', None, 'RemoveFragment']",32,Generation_1_Molecule_50,448.82,[None],,0.9018478,3.1844265,1.886134,198.55100226322116,,,0.94743717,0.9128344459445192,0.13780043,0.13562924,6.574241,6.710376,0.1446213722229004,0.1446213722229004,0.8433251,0.8433251,0.8553786,0.8553786,0.9999999992601378,4.68665015623493,5.1341732085773835
51,CCCCCCCCCCCC(CCCCCCCCCC)C1CCCC2CCCCOC(=O)CCC21,<rdkit.Chem.rdchem.Mol object at 0x000002167FF20200>,"['Esterify', 'ReplaceAtom', 'AddAtom']",37,Generation_2_Molecule_51,518.9110000000001,[None],,0.91707426,3.4765837,1.8781177,194.25127161868303,,,0.9489382,0.8946999772748261,0.14026426,0.13098505,6.6725717,6.8485045,0.07397764921188354,0.07397764921188354,0.92095554,0.92095554,0.92602235,0.92602235,0.9999999985312745,4.841911076030664,5.411770648277739
52,CCCCC=CCC(CCCCCCCCCCC)C1CCCC2CCCCC21,<rdkit.Chem.rdchem.Mol object at 0x00000216251B73E0>,"[None, 'RemoveFragment', 'RemoveAtom']",29,Generation_2_Molecule_52,402.751,[None],,0.84577715,3.0660653,1.5166334,186.62165216256693,,,0.9370856,0.9083533320604549,0.13184974,0.1242981,6.4794674,6.6276083,0.17324119806289673,0.17324119806289673,0.7685026,0.7685026,0.8267588,0.8267588,0.9999999972379499,4.5370051833188825,4.994758122400904
53,CCCCCCCCCCC(CCCCCCCCCC)C1CCCC2CCCCC21,<rdkit.Chem.rdchem.Mol object at 0x000002167FF20BA0>,"['RemoveAtom', None, None]",31,Generation_2_Molecule_53,432.82099999999997,[None],,0.825561,3.5499518,1.5970706,180.697717725287,,,0.8591678,0.8544106318694694,0.1382153,0.12975167,6.541866,6.696524,0.05623716115951538,0.05623716115951538,0.81776524,0.81776524,0.94376284,0.94376284,0.9999999962337619,4.63553046803552,5.425412904674274
54,CCCCCCCCCCC(CCCCCCCCCC(CC)CCCCCC)C1CCCC2CCCCC21,<rdkit.Chem.rdchem.Mol object at 0x00000216251B49E0>,"['AddFragment', 'RemoveAtom', None]",39,Generation_2_Molecule_54,545.037,[None],,0.8374336,3.634606,1.7974683,188.9315608427397,,,0.8548211,0.8872433282526695,0.13895687,0.13418758,6.7366066,6.9018054,0.03576785326004028,0.03576785326004028,0.9715102,0.9715102,0.96423215,0.96423215,0.9999999976295109,4.943020341410028,5.571211621444115
55,CCCCCCCCCCCC(CCCOCCCCCCCCC)C1CCCC2CCCCC21,<rdkit.Chem.rdchem.Mol object at 0x00000216251B4E40>,"['Glycolate', 'Esterify', 'ReplaceAtom']",35,Generation_2_Molecule_55,490.901,[None],,0.92077726,3.367291,1.9116968,196.7751331895708,,,0.94775444,0.8896631676028538,0.13919285,0.13312756,6.670562,6.8176484,0.10040473937988281,0.10040473937988281,0.9193688,0.9193688,0.89959526,0.89959526,0.9999999989591036,4.838737605961362,5.43884222946878
56,CCCCCCCCCCCC(CCCCCCCCCC)C1CCCC2C(C)CCCC21,<rdkit.Chem.rdchem.Mol object at 0x00000216251B4F20>,"[None, 'AddAtom', 'AddAtom']",33,Generation_2_Molecule_56,460.875,[None],,0.8330856,3.1418035,1.6210142,190.1848200062744,,,0.8594184,0.904316814539541,0.12622759,0.11913884,6.606185,6.7687497,0.15492761135101318,0.15492761135101318,0.8685443,0.8685443,0.8450724,0.8450724,0.9999999978419555,4.7370885589,5.2383064018465975
57,CCCCCCCCCCCC(CCCCCCCCCC)C1CCCCCCCCCC2CCCCC21,<rdkit.Chem.rdchem.Mol object at 0x0000021625197CA0>,"['AddFragment', 'RemoveAtom', 'ReplaceAtom']",38,Generation_2_Molecule_57,531.01,[None],,0.822351,3.5512526,1.7674005,189.09871508176184,,,0.85402185,0.8944931600694467,0.13890286,0.12633859,6.707017,6.889326,0.055922627449035645,0.055922627449035645,0.9481496,0.9481496,0.9440774,0.9440774,0.9999999976578458,4.896299240631174,5.473825244511691
58,CCCCCCCCCCCC(CCCCCCCCC)C1CCCC2CCCCC21,<rdkit.Chem.rdchem.Mol object at 0x00000216251B4C80>,"['RemoveAtom', 'ReplaceAtom', 'RemoveFragment']",31,Generation_2_Molecule_58,432.82099999999997,[None],,0.82563925,3.4733784,1.6089644,182.99732457944316,,,0.8591678,0.8510712041934517,0.13721,0.12892962,6.5417147,6.6962924,0.07475268840789795,0.07475268840789795,0.8176459,0.8176459,0.9252473,0.9252473,0.9999999966235767,4.6352918114276545,5.446420685588176
59,CCCCCCCCCC(CCCC)CC1CCCC2CCCCC21,<rdkit.Chem.rdchem.Mol object at 0x00000216251B4CF0>,"[None, 'RemoveFragment', 'ReplaceBond']",25,Generation_2_Molecule_59,348.659,[None],,0.8428109,2.8752706,1.256946,172.85892089927995,,,0.87563497,0.9301526828427825,0.13093744,0.12296132,6.317719,6.474917,0.21937543153762817,0.21937543153762817,0.64080465,0.64080465,0.78062457,0.78062457,0.9999999949049786,4.281609291703685,4.603125240275608
60,CCCCCCCCCCCCCCC(CCCCCCCCCCC)C1CCCC2CCCCC21,<rdkit.Chem.rdchem.Mol object at 0x00000216251B4DD0>,"['AddFragment', 'AddAtom', None]",36,Generation_2_Molecule_60,502.95599999999996,[None],,0.83334464,3.598412,1.8718212,192.25838699796287,,,0.86163235,0.856047236480286,0.14063616,0.12957667,6.725323,6.8766866,0.04451954364776611,0.04451954364776611,0.96260214,0.96260214,0.95548046,0.95548046,0.9999999981934534,4.925204275232028,5.753425822017067
61,CCCCCCCCCCCC(CCOC(=O)CCCCCCCCCC)C1CCCC2CCCCC21,<rdkit.Chem.rdchem.Mol object at 0x00000216251B4C10>,"[None, 'Esterify', 'ReplaceAtom']",37,Generation_2_Molecule_61,518.9110000000001,[None],,0.91521734,3.561907,1.8672924,192.64782537367054,,,0.9415097,0.9055728828949237,0.13938263,0.13034378,6.6914334,6.850042,0.05334639549255371,0.05334639549255371,0.9358466,0.9358466,0.9466536,0.9466536,0.9999999982594685,4.87169325177662,5.379681021590282
62,CCCCCCCCCCCCCCCC(CCCCCCCCCC)C1CCCC2CCCCC21,<rdkit.Chem.rdchem.Mol object at 0x00000216251B6420>,"['AddFragment', 'AddFragment', 'AddAtom']",36,Generation_2_Molecule_62,502.95599999999996,[None],,0.83308583,3.598412,1.8718212,192.25838699796287,,,0.86163235,0.861557524279946,0.14063616,0.12957667,6.725323,6.877251,0.04451954364776611,0.04451954364776611,0.96260214,0.96260214,0.95548046,0.95548046,0.9999999981934534,4.925204275232028,5.7166284739353985
63,CCCCCCCCCCCC(CCCOCCCCCC)C1CCCC2CCCCC21,<rdkit.Chem.rdchem.Mol object at 0x00000216251B4AC0>,"[None, 'ReplaceAtom', 'ReplaceAtom']",32,Generation_2_Molecule_63,448.82,[None],,0.9072969,3.1524668,1.8618907,198.34238343828096,,,0.9444836,0.8830318331244641,0.13901734,0.13386922,6.57367,6.710491,0.1523492932319641,0.1523492932319641,0.8428741,0.8428741,0.8476507,0.8476507,0.999999999224774,4.685748218714825,5.306431821529094
64,CCCCCCCCCCCC(CCCCOC(=O)CCCCCCCC)C1CCCC2CCCCC21,<rdkit.Chem.rdchem.Mol object at 0x00000216251B5070>,"['Esterify', 'RemoveFragment', None]",37,Generation_2_Molecule_64,518.9110000000001,[None],,0.9193535,3.558851,1.8982301,193.7060885401915,,,0.9403271,0.893397534404272,0.14062712,0.12908685,6.6915355,6.849782,0.054085373878479004,0.054085373878479004,0.9359272,0.9359272,0.9459146,0.9459146,0.9999999984388586,4.871854422915482,5.453176481132883
65,CCCCCCCCCCCC(CCCCCCCCCC)C1CCCC2C=CCCC21,<rdkit.Chem.rdchem.Mol object at 0x00000216251B5460>,"[None, 'ReplaceBond', 'AddAtom']",32,Generation_2_Molecule_65,444.832,[None],,0.8495407,3.4135377,1.7485322,190.659542290881,,,0.9141567,0.9060583013145599,0.13672651,0.13075697,6.571071,6.729342,0.08922219276428223,0.08922219276428223,0.8408224,0.8408224,0.9107778,0.9107778,0.9999999979224273,4.6816447952475615,5.167045860575605
66,CC=CCCCCCC(CCCCCCCCCCC)C1CCCC2CCCCC21,<rdkit.Chem.rdchem.Mol object at 0x00000216251B5380>,"[None, 'RemoveFragment', None]",30,Generation_2_Molecule_66,416.77799999999996,[None],,0.8324943,3.0790672,1.5659359,188.86846474375113,,,0.91478544,0.8737449016202082,0.13057275,0.12605962,6.495869,6.662682,0.17009735107421875,0.17009735107421875,0.7814516,0.7814516,0.82990265,0.82990265,0.9999999976188152,4.562903163436076,5.222237239925479
67,C=C(CCCC)CCCCCC(CCCCCCCCCCC)C1CCCC2CCCCC21,<rdkit.Chem.rdchem.Mol object at 0x00000216251B51C0>,"['RemoveAtom', 'ReplaceBond', 'Glycolate']",33,Generation_3_Molecule_67,458.859,[None],,0.8452995,3.3395774,1.7745657,192.85194278572143,,,0.90407485,0.659925597871611,0.12403719,0.11579724,6.60838,6.7718434,0.1071057915687561,0.1071057915687561,0.8702771,0.8702771,0.8928942,0.8928942,0.9999999982940693,4.740554211817934,7.183467692581024
68,CCCCCCCCCCCCCCCCCC(CCCCCCCCCCC)C1CCCC2CCCCC21,<rdkit.Chem.rdchem.Mol object at 0x00000216251B5690>,"['Esterify', 'AddAtom', 'Glycolate']",39,Generation_3_Molecule_68,545.037,[None],,0.8311141,3.7484944,1.8402826,188.7906858330413,,,0.86660534,0.6194608933829429,0.14226858,0.1301738,6.7396417,6.9018745,0.008229494094848633,0.008229494094848633,0.97390634,0.97390634,0.9917705,0.9917705,0.9999999976056306,4.947812674035379,7.987288183786453
69,CCC=CCCCCCC(CCCCCCCCCCC)C1CCCC2CCCCC21,<rdkit.Chem.rdchem.Mol object at 0x00000216251B5700>,"['AddFragment', 'Glycolate', 'Glycolate']",31,Generation_3_Molecule_69,430.80499999999995,[None],,0.8305673,3.0784628,1.5979543,190.37094198295227,,,0.91498905,0.6531184793810814,0.13218014,0.12688042,6.522139,6.68269,0.17024344205856323,0.17024344205856323,0.80219126,0.80219126,0.82975656,0.82975656,0.9999999978735057,4.604382512827119,7.049842652117879
70,CCC=CCCCCCCC(CCCCCCCCCCC)C1CCCC2CCCCC21,<rdkit.Chem.rdchem.Mol object at 0x00000216251B7530>,"['RemoveAtom', 'AddAtom', 'ReplaceBond']",32,Generation_3_Molecule_70,444.832,[None],,0.83293325,3.1553109,1.6946946,192.958868513199,,,0.89814675,0.6449435888116457,0.132749,0.12730685,6.5624676,6.72486,0.15166151523590088,0.15166151523590088,0.83403003,0.83403003,0.8483385,0.8483385,0.9999999983121948,4.6680600626279904,7.237935446771743
71,CCCCC=CCCCC(CCCCCCCCCCC)C1CCCC2CCCCC21,<rdkit.Chem.rdchem.Mol object at 0x00000216251B70D0>,"['RemoveAtom', 'ReplaceBond', 'Esterify']",31,Generation_3_Molecule_71,430.80499999999995,[None],,0.84778243,3.1557066,1.6043372,189.16161838574857,,,0.908427,0.6831451248770246,0.13247703,0.12698148,6.5235453,6.679609,0.15156584978103638,0.15156584978103638,0.80330145,0.80330145,0.84843415,0.84843415,0.9999999976685088,4.606602904849295,6.743227371605038
72,CCCCCCCCCCC(CCCC)C1CCCC2CCCCC21,<rdkit.Chem.rdchem.Mol object at 0x00000216251B55B0>,"['RemoveFragment', None, None]",25,Generation_3_Molecule_72,348.659,[None],,0.8403663,2.9139295,1.2849625,174.25558904822822,,,0.8659178,0.631181087525301,0.13255629,0.12529705,6.318205,6.477094,0.2100277543067932,0.2100277543067932,0.64118826,0.64118826,0.78997225,0.78997225,0.9999999951417331,4.282376522927988,6.784703482986297
73,CCCCCCCCCCC(CCCCOCCCCCCCCC)C1CCCC2CCCCC21,<rdkit.Chem.rdchem.Mol object at 0x00000216251B7220>,"['ReplaceBond', 'RemoveFragment', 'AddAtom']",35,Generation_3_Molecule_73,490.901,[None],,0.90691304,3.3500617,1.9196215,197.22470967485134,,,0.95010555,0.6994115390873403,0.13770778,0.13426247,6.670562,6.8176484,0.10457068681716919,0.10457068681716919,0.9193688,0.9193688,0.8954293,0.8954293,0.999999999035313,4.838737606037571,6.918298220174667
74,CCCCCCCCCCC(CCCCCCOCCCC)C1CCCC2CCCCC21,<rdkit.Chem.rdchem.Mol object at 0x00000216251B7140>,"['AddAtom', 'ReplaceBond', 'Glycolate']",32,Generation_3_Molecule_74,448.82,[None],,0.9076256,3.1767378,1.8780886,198.44313135990103,,,0.94763315,0.6619613067073077,0.13729292,0.13500413,6.574241,6.710376,0.14648056030273438,0.14648056030273438,0.8433251,0.8433251,0.85351944,0.85351944,0.9999999992418522,4.686650156216645,7.079945774366674
75,CCCCCCCCCCCC(CCCCCCCCC(=O)OCCCC)C1CCCC2CCCCC21,<rdkit.Chem.rdchem.Mol object at 0x00000216251B52A0>,"['ReplaceAtom', 'AddAtom', 'AddFragment']",37,Generation_3_Molecule_75,518.9110000000001,[None],,0.94834554,3.5460362,1.9525027,195.51819427017347,,,0.95888656,0.6768697014347811,0.13934955,0.13069768,6.6900177,6.850524,0.057184040546417236,0.057184040546417236,0.934729,0.934729,0.94281596,0.94281596,0.9999999987460353,4.869457958874819,7.194084693926885
76,CCCCCCCCCCCC(CCCCCOCCCC)C1CCCC2CCCCC21,<rdkit.Chem.rdchem.Mol object at 0x00000216251B7300>,"['AddAtom', 'AddAtom', None]",32,Generation_3_Molecule_76,448.82,[None],,0.9048808,3.1767378,1.8777629,198.43452429227457,,,0.9447266,0.6604663334989775,0.13729292,0.13500413,6.574241,6.710376,0.14648056030273438,0.14648056030273438,0.8433251,0.8433251,0.85351944,0.85351944,0.9999999992403932,4.686650156215186,7.095971313763325
77,CCCCCCCCCCCC(CCCCCCCOCC)C1CCCC2CCCCC21,<rdkit.Chem.rdchem.Mol object at 0x00000216251B5850>,"[None, 'RemoveFragment', 'AddAtom']",32,Generation_3_Molecule_77,448.82,[None],,0.9056097,3.1921272,1.8855138,198.43129457555273,,,0.94763315,0.6322862220228855,0.13707843,0.13348886,6.574306,6.710376,0.14275938272476196,0.14275938272476196,0.8433763,0.8433763,0.8572406,0.8572406,0.9999999992398457,4.686752556994362,7.412390771381897
78,CCCCCCCCCCCCCCCCCCCCC,<rdkit.Chem.rdchem.Mol object at 0x00000216251B54D0>,"[None, None, 'RemoveFragment']",21,Generation_3_Molecule_78,296.58299999999997,[None],,0.74049926,1.4620205,0.43144906,-105.40832391452619,,,0.77738017,0.8769444395932675,0.15141645,0.14161684,6.2351847,6.3809233,0.5610999464988708,0.5610999464988708,0.575645,0.575645,0.43890005,0.43890005,0.9999999477348749,4.151290006824535,4.733811880659087
79,CCCCCCCCCCC(CCCCCCCOCCC)C1CCCC2CCCCC21,<rdkit.Chem.rdchem.Mol object at 0x00000216251B5000>,"['AddFragment', 'RemoveAtom', 'RemoveFragment']",32,Generation_3_Molecule_79,448.82,[None],,0.9018478,3.1844265,1.886134,198.55100226322116,,,0.94743717,0.6482850443597358,0.13780043,0.13562924,6.574241,6.710376,0.1446213722229004,0.1446213722229004,0.8433251,0.8433251,0.8553786,0.8553786,0.9999999992601378,4.68665015623493,7.229304758778749
80,C=C(CCCCCC)CCCC(CCCCCCCCCCC)C1CCCC2CCCCC21,<rdkit.Chem.rdchem.Mol object at 0x00000216251B4BA0>,"['AddAtom', 'RemoveFragment', 'AddFragment']",33,Generation_3_Molecule_80,458.859,[None],,0.84761107,3.370896,1.7657683,192.02543258535462,,,0.9048905,0.6977126899458947,0.12403719,0.11590341,6.6068115,6.772263,0.09953296184539795,0.09953296184539795,0.86903894,0.86903894,0.90046704,0.90046704,0.9999999981539645,4.738077877105991,6.790872439876954
81,CCCCCCCCCCCC(CCCCCCCCCC)C1CCCC2CCCC=C21,<rdkit.Chem.rdchem.Mol object at 0x00000216251B57E0>,"[None, 'ReplaceBond', 'AddAtom']",32,Generation_3_Molecule_81,444.832,[None],,0.86531657,3.3791244,1.7499585,191.29147310653977,,,0.89497125,0.8239845693566507,0.13156551,0.12391579,6.571937,6.7304344,0.09754329919815063,0.09754329919815063,0.84150606,0.84150606,0.9024567,0.9024567,0.9999999980295483,4.6830121259058295,5.683373572835501
82,CCCCCCCCCCCC(C(=O)CCCCCCCCC)C1CCCC2CCCCC21,<rdkit.Chem.rdchem.Mol object at 0x00000216251B58C0>,"[None, 'AddAtom', 'AddFragment']",33,Generation_3_Molecule_82,460.831,[None],,0.87335485,3.3436322,1.9995974,199.32138332369513,,,0.90289557,0.7835932535550426,0.15484382,0.14289254,6.6042886,6.7559724,0.10612541437149048,0.10612541437149048,0.8670471,0.8670471,0.8938746,0.8938746,0.9999999993907279,4.734094142304546,6.041519781885162
83,CCCC=CCC(CCCCCCCCCC)C1CCCC2CCCCC21,<rdkit.Chem.rdchem.Mol object at 0x00000216251B53F0>,"[None, 'RemoveFragment', 'RemoveFragment']",27,Generation_3_Molecule_83,374.69699999999995,[None],,0.8448666,2.7435126,1.341132,183.79567981585654,,,0.9246816,0.7207170732604298,0.1353573,0.12702021,6.3961225,6.5433974,0.25123459100723267,0.25123459100723267,0.702703,0.702703,0.7487654,0.7487654,0.9999999967589088,4.4054059949888895,6.112531752660456
84,CCCCC=CCCCCC(CCCCCCCCCC)C1CCCC2CCCCC21,<rdkit.Chem.rdchem.Mol object at 0x00000216251B47B0>,"['RemoveAtom', 'RemoveAtom', 'RemoveFragment']",31,Generation_3_Molecule_84,430.80499999999995,[None],,0.8405165,3.1002853,1.5926553,189.70548465613135,,,0.90225077,0.6791993788269406,0.13246717,0.12694342,6.521471,6.682595,0.16496676206588745,0.16496676206588745,0.8016639,0.8016639,0.83503324,0.83503324,0.9999999977607016,4.6033277489203694,6.777579444891238
85,CCCCCCCCCCCCCCCCC(CCCCCCCCCCC)C1CCCC2CCCCC21,<rdkit.Chem.rdchem.Mol object at 0x00000216251B5930>,"['AddAtom', 'RemoveFragment', 'AddFragment']",38,Generation_3_Molecule_85,531.01,[None],,0.8321886,3.681206,1.8525358,190.31480623003688,,,0.8680341,0.6171878881453847,0.14234842,0.1301738,6.7335024,6.894316,0.024499833583831787,0.024499833583831787,0.96905947,0.96905947,0.97550017,0.97550017,0.9999999978639899,4.938118932495337,8.000997795556406
86,CCC=CCCCCCCC(CCCCCCCCCC)C1CCCC2CCCCC21,<rdkit.Chem.rdchem.Mol object at 0x00000216251B63B0>,"['Esterify', 'Glycolate', None]",31,Generation_3_Molecule_86,430.80499999999995,[None],,0.8305673,3.0784628,1.5979543,190.37094198295227,,,0.9147207,0.6489962892190093,0.13218014,0.12688042,6.522139,6.68269,0.17024344205856323,0.17024344205856323,0.80219126,0.80219126,0.82975656,0.82975656,0.9999999978735057,4.604382512827119,7.09462070787485
87,CCCCCC=CCCC(CCCCCCCCCCC)C1CCCC2CCCCC21,<rdkit.Chem.rdchem.Mol object at 0x00000216251B4900>,"[None, 'RemoveAtom', 'AddAtom']",31,Generation_3_Molecule_87,430.80499999999995,[None],,0.84159434,3.0866616,1.581313,189.4477175836535,,,0.9079576,0.7183424717902287,0.13282111,0.12698148,6.5238276,6.6791654,0.16826099157333374,0.16826099157333374,0.8035243,0.8035243,0.831739,0.831739,0.9999999977170065,4.607048628431423,6.413443182539233
88,CCCCCCCCCCCC(CCCCCCCCCC)C1CC(C)CC2CCCCC21,<rdkit.Chem.rdchem.Mol object at 0x00000216251B5770>,"[None, 'AddAtom', 'RemoveFragment']",33,Generation_3_Molecule_88,460.875,[None],,0.8291216,3.3627734,1.6487108,187.2454782893264,,,0.8594184,0.75044195673426,0.12716104,0.11973916,6.605777,6.7684183,0.10149705410003662,0.10149705410003662,0.868222,0.868222,0.89850295,0.89850295,0.9999999973436969,4.73644399377314,6.311539421896114
89,CCCCCCCCCCCC(CCCCCOC(=O)CCCCCCC)C1CCCC2CCCCC21,<rdkit.Chem.rdchem.Mol object at 0x00000216251B7370>,"['ReplaceAtom', 'AddAtom', 'Esterify']",37,Generation_3_Molecule_89,518.9110000000001,[None],,0.91944164,3.5706847,1.9126797,193.99253299711646,,,0.9383235,0.7014183736943655,0.13909492,0.13013272,6.691526,6.8499913,0.0512239933013916,0.0512239933013916,0.9359197,0.9359197,0.948776,0.948776,0.9999999984874148,4.8718394025935545,6.945696869806263
90,CC=CCCCCCCCC(CCCCCCCCCCC)C1CCCC2CCCCC21,<rdkit.Chem.rdchem.Mol object at 0x00000216251B6FF0>,"['RemoveFragment', 'AddAtom', 'AddAtom']",32,Generation_3_Molecule_90,444.832,[None],,0.83187217,3.156985,1.723232,193.97959775898318,,,0.90011907,0.6399904769547828,0.1332964,0.12732828,6.563522,6.724745,0.1512567400932312,0.1512567400932312,0.83486235,0.83486235,0.84874326,0.84874326,0.9999999984852223,4.669724701320305,7.29655341676316
91,C=C(CCCCCCCCC)CC(CCCCCCCCCC)C1CCCC2CCCCC21,<rdkit.Chem.rdchem.Mol object at 0x00000216251B6260>,"[None, 'AddAtom', 'Esterify']",33,Generation_3_Molecule_91,458.859,[None],,0.84083724,3.3578095,1.7108912,190.09508162878,,,0.90464836,0.7610789989830633,0.12403719,0.11590341,6.6077666,6.771229,0.10269731283187866,0.10269731283187866,0.86979294,0.86979294,0.8973027,0.8973027,0.9999999978267435,4.7395858742915875,6.227455862827007
92,CCCCCCCCC=CC(CCCCCCCCCCC)C1CCCC2CCCCC21,<rdkit.Chem.rdchem.Mol object at 0x00000216251B74C0>,"[None, 'ReplaceBond', 'ReplaceBond']",32,Generation_3_Molecule_92,444.832,[None],,0.850481,3.2959058,1.7126225,191.24031287430492,,,0.91346896,0.7774460477361261,0.13648538,0.12900382,6.5634613,6.723214,0.11766558885574341,0.11766558885574341,0.83481455,0.83481455,0.8823344,0.8823344,0.9999999980208759,4.669629095005739,6.006370613888134
93,CCCCCCCCC=CC(CCCCCCCCCC)C1CCCC2CCCCC21,<rdkit.Chem.rdchem.Mol object at 0x00000216251B6180>,"[None, 'RemoveAtom', 'Esterify']",31,Generation_3_Molecule_93,430.80499999999995,[None],,0.84183323,3.1241946,1.5719799,188.24548254288123,,,0.9176221,0.7794472026560135,0.13676895,0.1288267,6.52274,6.681737,0.159185528755188,0.159185528755188,0.8026656,0.8026656,0.8408145,0.8408145,0.9999999975132112,4.60533117999307,5.908458153804549
94,CCCCCCCCCCC(CCCCCCCCCC(C)C)C1CCCC2CCCCC21,<rdkit.Chem.rdchem.Mol object at 0x00000216251B50E0>,"['RemoveAtom', 'AddFragment', 'AddAtom']",33,Generation_3_Molecule_94,460.875,[None],,0.8229319,3.4922104,1.7788225,190.5363811577236,,,0.8590611,0.6302874431439969,0.13141717,0.12169518,6.606832,6.7688,0.07019913196563721,0.07019913196563721,0.8690551,0.8690551,0.92980087,0.92980087,0.9999999979015498,4.738110182571044,7.517379941660309
95,CCCCCCCCCCCC(CCCCCCCCCC)C1CCCOCOCOCCC2CCCCC21,<rdkit.Chem.rdchem.Mol object at 0x00000216251B6B90>,"[None, 'Glycolate', 'AddFragment']",39,Generation_3_Molecule_95,550.953,[None],,0.97460246,3.4560206,2.187676,201.9470658476812,,,0.9478384,0.7575413410075205,0.16764493,0.16814983,6.704988,6.891607,0.07894980907440186,0.07894980907440186,0.9465478,0.9465478,0.9210502,0.9210502,0.9999999998358171,4.893095612361757,6.459179648009706
96,CCCCCCCCCCC(CCCCCCCCCCCOC(=O)CC)C1CCCC2CCCCC21,<rdkit.Chem.rdchem.Mol object at 0x00000216251B59A0>,"['AddFragment', 'AddAtom', 'RemoveFragment']",37,Generation_3_Molecule_96,518.9110000000001,[None],,0.9135531,3.480477,1.8402404,192.9522921928283,,,0.9430063,0.6705789609750293,0.13992919,0.13068524,6.6915836,6.8499856,0.07303619384765625,0.07303619384765625,0.93596524,0.93596524,0.9269638,0.9269638,0.9999999983110799,4.871930478314437,7.26525996465889
97,CCCCCCCCCC=C(CCCCCCCCCC)C1CCCC2CCCCC21,<rdkit.Chem.rdchem.Mol object at 0x00000216251B7450>,"[None, 'RemoveAtom', 'Esterify']",31,Generation_3_Molecule_97,430.80499999999995,[None],,0.85950375,3.2323782,1.5256872,183.4447624436176,,,0.871613,0.8375885630370263,0.13232073,0.12333183,6.523882,6.6829586,0.1330265998840332,0.1330265998840332,0.80356723,0.80356723,0.8669734,0.8669734,0.9999999966994235,4.607134458102316,5.50047441120403
98,CCCCCCCCCCC(CCCCCCCCCCO)C1CCCC2CCCCC21,<rdkit.Chem.rdchem.Mol object at 0x00000216251B60A0>,"['AddAtom', 'ReplaceAtom', 'ReplaceBond']",32,Generation_3_Molecule_98,448.82,[None],,0.8724088,3.44729,1.9884344,197.76656603610635,,,0.8988069,0.6187453774560812,0.14268214,0.1321015,6.553928,6.6836104,0.08106094598770142,0.08106094598770142,0.8272881,0.8272881,0.91893905,0.91893905,0.9999999991271652,4.654576181492583,7.522603563730005
99,CCCCCCCCCCCC(OCCCCCCCCC)C1CCCC2CCCCC21,<rdkit.Chem.rdchem.Mol object at 0x00000216251B6490>,"[None, 'ReplaceAtom', 'Glycolate']",32,Generation_3_Molecule_99,448.82,[None],,0.9249076,3.0225813,1.9905728,202.915618931528,,,0.94902337,0.7918902071145931,0.138896,0.13108298,6.575433,6.714463,0.18375557661056519,0.18375557661056519,0.8442659,0.8442659,0.8162444,0.8162444,1.0,4.688531756401062,5.920684097716834
100,CCCCCCCCCCCC(CCCC(=O)CCCCCC)C1CCCC2CCCCC21,<rdkit.Chem.rdchem.Mol object at 0x00000216251B5230>,"['AddAtom', 'AddFragment', 'ReplaceBond']",33,Generation_3_Molecule_100,460.831,[None],,0.8790287,3.3511422,2.0399842,200.1450876056504,,,0.9039611,0.7012709079070328,0.15857667,0.14252368,6.602986,6.7523537,0.10430943965911865,0.10430943965911865,0.8660186,0.8660186,0.89569056,0.89569056,0.999999999530357,4.732037186152977,6.747801930463513
101,CCCCCCCCC=CCC(CCCCCCCCCC)C1CCCC2CCCCC21,<rdkit.Chem.rdchem.Mol object at 0x00000216251B5D90>,"[None, 'ReplaceBond', 'ReplaceAtom']",32,Generation_3_Molecule_101,444.832,[None],,0.8391466,3.3034296,1.7098777,191.0007041315158,,,0.9084088,0.7395718623091101,0.13324617,0.12783043,6.5627284,6.7237935,0.11584639549255371,0.11584639549255371,0.83423597,0.83423597,0.8841536,0.8841536,0.999999997980259,4.668471930391453,6.312397980928359
102,CCCCCCCCCCC(CCCCCCCC)C1CCCC2CCCCC21,<rdkit.Chem.rdchem.Mol object at 0x00000216251B4740>,"['ReplaceBond', 'AddAtom', 'Glycolate']",29,Generation_3_Molecule_102,404.76699999999994,[None],,0.8210164,3.2870634,1.5865152,185.64428029979132,,,0.858454,0.5972666604879707,0.13414778,0.12818678,6.495868,6.6671696,0.11980372667312622,0.11980372667312622,0.7814508,0.7814508,0.8801963,0.8801963,0.9999999970722719,4.562901613168768,7.6396389000532
103,CCCCCCCC=CCC(CCCCCCCCCC)C1CCCC2CCCCC21,<rdkit.Chem.rdchem.Mol object at 0x00000216251B4660>,"[None, 'RemoveAtom', 'AddAtom']",31,Generation_3_Molecule_103,430.80499999999995,[None],,0.8381625,3.2030864,1.5469759,185.29659920549113,,,0.92525125,0.741536438024887,0.1331634,0.12696645,6.5237455,6.679437,0.14010947942733765,0.14010947942733765,0.8034595,0.8034595,0.8598905,0.8598905,0.9999999970133352,4.60691904723001,6.212667120581059
104,CCCCCCCCCCC(CCCCCCC(O)CCCC)C1CCCC2CCCCC21,<rdkit.Chem.rdchem.Mol object at 0x00000216251B6880>,"[None, 'AddFragment', 'Esterify']",33,Generation_3_Molecule_104,462.847,[None],,0.89126587,3.3734667,2.0038087,199.0570159644738,,,0.90797544,0.6652110623865817,0.13599205,0.12722799,6.6062565,6.7569532,0.0989113450050354,0.0989113450050354,0.8686007,0.8686007,0.90108865,0.90108865,0.9999999993459141,4.737201451601163,7.121350980853322
105,CCCCCCCCCCCC(C(O)CCCCCCCCC)C1CCCC2CCCCC21,<rdkit.Chem.rdchem.Mol object at 0x00000216251B7290>,"[None, 'AddAtom', 'ReplaceBond']",33,Generation_3_Molecule_105,462.847,[None],,0.88586354,3.4376032,1.9849955,197.8015844432647,,,0.901343,0.7925855151314734,0.13481691,0.1272082,6.6057806,6.7570014,0.08340311050415039,0.08340311050415039,0.86822504,0.86822504,0.9165969,0.9165969,0.9999999991331012,4.736450075236312,5.975948317009848
106,CCCCCCCCCCC(CCCCCCC)C1CCCC2CCCCC21,<rdkit.Chem.rdchem.Mol object at 0x00000216251B6730>,"[None, 'AddAtom', 'RemoveAtom']",28,Generation_3_Molecule_106,390.74,[None],,0.82666045,3.214726,1.4047588,175.60624046322926,,,0.86494637,0.6059355361480365,0.13500969,0.12813103,6.4292006,6.5865426,0.13729500770568848,0.13729500770568848,0.72881776,0.72881776,0.862705,0.862705,0.9999999953706868,4.45763551725942,7.356616754311587
107,C=C(CCCCC)CCCCCC(CCCCCCCCCC)C1CCCC2CCCCC21,<rdkit.Chem.rdchem.Mol object at 0x00000216251B5540>,"['Esterify', 'AddAtom', 'ReplaceBond']",33,Generation_3_Molecule_107,458.859,[None],,0.8452995,3.3416023,1.7645026,192.45497887325345,,,0.90407485,0.6718795403787793,0.12423928,0.11579724,6.6084795,6.7718434,0.10661625862121582,0.10661625862121582,0.8703558,0.8703558,0.89338374,0.89338374,0.9999999982267784,4.74071156801285,7.055895116764864
108,CCCCCCCCCCCC(CCCCCCCCCC)C1CCCC2=CCCCC21,<rdkit.Chem.rdchem.Mol object at 0x00000216251B68F0>,"[None, 'ReplaceBond', 'AddAtom']",32,Generation_3_Molecule_108,444.832,[None],,0.8688274,3.180316,1.7329372,193.942298687928,,,0.87621653,0.7995731705785524,0.13185056,0.123925745,6.571774,6.7296677,0.1456153392791748,0.1456153392791748,0.8413773,0.8413773,0.85438466,0.85438466,0.9999999984788995,4.6827546342897515,5.856567987269283
109,CCCCCCCCCCC(CCCCCCCCOCC)C1CCCC2CCCCC21,<rdkit.Chem.rdchem.Mol object at 0x00000216251B6570>,"['Glycolate', None, 'ReplaceBond']",32,Generation_3_Molecule_109,448.82,[None],,0.902674,3.1946886,1.8871053,198.43869497657116,,,0.9493385,0.6385639545125823,0.13684598,0.13330157,6.573125,6.710984,0.1421399712562561,0.1421399712562561,0.8424438,0.8424438,0.85786,0.85786,0.9999999992411002,4.684887646869885,7.336598963600871
110,CCCCCCCCCCCC(CCCCCCCCCC)C1CCCC2CCCC(O)C21,<rdkit.Chem.rdchem.Mol object at 0x00000216251B5BD0>,"[None, 'AddAtom', None]",33,Generation_3_Molecule_110,462.847,[None],,0.90003467,3.5516205,2.0215926,197.30274227938898,,,0.9107911,0.76623620077361,0.13545805,0.12690274,6.6060915,6.757999,0.05583375692367554,0.05583375692367554,0.8684705,0.8684705,0.94416624,0.94416624,0.9999999990485406,4.736940979006121,6.1820897710439615
111,CCCCCCCCCCCC(CCCCC(C)CCCCC)C1CCCC2CCCCC21,<rdkit.Chem.rdchem.Mol object at 0x00000216251B71B0>,"['ReplaceAtom', None, 'AddAtom']",33,Generation_3_Molecule_111,460.875,[None],,0.832855,3.345272,1.6902115,189.4457763466757,,,0.8627142,0.6807006085292662,0.12904459,0.119864956,6.606537,6.768492,0.10572892427444458,0.10572892427444458,0.8688221,0.8688221,0.8942711,0.8942711,0.9999999977166774,4.737644193273318,6.959952927777684
112,CCCCCCCCCCCC(CCCCCC(O)CCCC)C1CCCC2CCCCC21,<rdkit.Chem.rdchem.Mol object at 0x00000216251B43C0>,"['AddAtom', None, 'RemoveAtom']",33,Generation_4_Molecule_112,462.847,[None],,0.89126587,3.375032,2.0038087,199.0379385774587,,,0.90797544,0.6738793008218106,0.13599205,0.12722799,6.6062565,6.7566457,0.09853291511535645,0.09853291511535645,0.8686007,0.8686007,0.9014671,0.9014671,0.99999999934268,4.7372014515979295,7.029747680067942
113,CCCCCCCCCCC(CCCCCCCCC(=O)OCCCCC)C1CCCC2CCCCC21,<rdkit.Chem.rdchem.Mol object at 0x00000216251B7840>,"['Esterify', None, 'AddAtom']",37,Generation_4_Molecule_113,518.9110000000001,[None],,0.92482907,3.505688,1.913288,194.92123280631012,,,0.9535066,0.6926766430811143,0.13940454,0.13069768,6.6902256,6.850524,0.06694018840789795,0.06694018840789795,0.9348931,0.9348931,0.9330598,0.9330598,0.9999999986448422,4.86978614194776,7.030388841012926
114,CCCCCCCCCC=C(CCCCCCCCCCC)C1CCCC2CCCCC21,<rdkit.Chem.rdchem.Mol object at 0x00000216251B6EA0>,"[None, None, 'ReplaceBond']",32,Generation_4_Molecule_114,444.832,[None],,0.8671898,3.2817607,1.7073787,191.27589140688923,,,0.8758574,0.8434302631531391,0.13234699,0.12387913,6.5644984,6.7245607,0.1210860013961792,0.1210860013961792,0.83563334,0.83563334,0.878914,0.878914,0.999999998026907,4.67126667302233,5.538414824669602
115,CCCCCCCCCCC(CCCCCCCCC(=O)CC)C1CCCC2CCCCC21,<rdkit.Chem.rdchem.Mol object at 0x00000216251B4890>,"['AddAtom', 'ReplaceAtom', None]",33,Generation_4_Molecule_115,460.831,[None],,0.86515963,3.2822654,2.013672,200.3763353792777,,,0.8992436,0.6543048304236394,0.15738459,0.14474462,6.6040454,6.7546034,0.12096387147903442,0.12096387147903442,0.8668551,0.8668551,0.8790361,0.8790361,0.9999999995695567,4.733710169361732,7.234716831139426
116,CCCCCCCCCCCC(CCCCCCCCCC)C1CC=C2CCCCC21,<rdkit.Chem.rdchem.Mol object at 0x00000216251B61F0>,"[None, None, 'RemoveAtom']",31,Generation_4_Molecule_116,430.80499999999995,[None],,0.8630433,3.1537347,1.5135529,184.50469395857758,,,0.87595063,0.7894377060797917,0.13539948,0.12768339,6.533803,6.695402,0.15204274654388428,0.15204274654388428,0.81139976,0.81139976,0.84795725,0.84795725,0.9999999968790965,4.622799512603279,5.855812912154001
117,CCCCCCCCCCOCCCC(CCCCCCCCCC)C1CCCC2CCCCC21,<rdkit.Chem.rdchem.Mol object at 0x00000216251B66C0>,"[None, 'Glycolate', 'AddAtom']",35,Generation_4_Molecule_117,490.901,[None],,0.92077726,3.3579316,1.9245023,197.251857590481,,,0.94775444,0.7141536587658913,0.13919285,0.13312756,6.670562,6.8176484,0.10266780853271484,0.10266780853271484,0.9193688,0.9193688,0.8973322,0.8973322,0.999999999039915,4.838737606042173,6.775485284782911
118,CCCCCCCCCC=CCCCCCCCCC,<rdkit.Chem.rdchem.Mol object at 0x00000216251B4F90>,"[None, None, 'RemoveFragment']",20,Generation_4_Molecule_118,280.53999999999996,[None],,0.7890825,1.178375,0.30617103,-646.7620992895214,,,0.8291179,0.9017599994339125,0.15185253,0.14106189,6.18506,6.3189964,0.6296855509281158,0.6296855509281158,0.5360724,0.5360724,0.37031445,0.37031445,0.9999998559680062,4.072144602748402,4.515774269544807
119,CCCCCCCCCCCC(CC)CCCCCC(CCCCCCCCCC)C1CCCC2CCCCC21,<rdkit.Chem.rdchem.Mol object at 0x00000216251B6960>,"['AddFragment', 'RemoveAtom', 'Esterify']",40,Generation_4_Molecule_119,559.064,[None],,0.83832854,3.7453804,1.7488934,184.90791340405713,,,0.8554063,0.6945154835877999,0.136927,0.13320775,6.7601695,6.9217954,0.008982539176940918,0.008982539176940918,0.9901128,0.9901128,0.99101746,0.99101746,0.9999999969474476,4.980225559996764,7.1707912605049495
120,CCCCCCC=CCC(CCCCCCCCCCC)C1CCCC2CCCCC21,<rdkit.Chem.rdchem.Mol object at 0x00000216251B6500>,"[None, None, 'RemoveAtom']",31,Generation_4_Molecule_120,430.80499999999995,[None],,0.8381625,3.2030864,1.5853703,187.30523440079412,,,0.92525125,0.7558959201020894,0.1331634,0.12696645,6.523475,6.679437,0.14010947942733765,0.14010947942733765,0.8032461,0.8032461,0.8598905,0.8598905,0.9999999973538263,4.6064921591046195,6.094082580155319
121,CCCCCCCCCCCCCCCCC(CCCCCCCCCC)C1CCCC2CCCCC21,<rdkit.Chem.rdchem.Mol object at 0x00000216251B62D0>,"['AddFragment', 'ReplaceBond', 'AddFragment']",37,Generation_4_Molecule_121,516.983,[None],,0.83484536,3.6434927,1.8510734,190.84376369000296,,,0.87119305,0.6196241564255843,0.14121996,0.1295806,6.7328854,6.8849483,0.0336189866065979,0.0336189866065979,0.9685723,0.9685723,0.966381,0.966381,0.9999999979536554,4.937144635061505,7.9679666840981955
122,CCCCCCCCCCCC(CCCCCCCCOC)C1CCCC2CCCCC21,<rdkit.Chem.rdchem.Mol object at 0x00000216251B75A0>,"['ReplaceAtom', 'RemoveAtom', 'AddFragment']",32,Generation_4_Molecule_122,448.82,[None],,0.91400725,3.097748,1.8793324,199.53277186751166,,,0.9491049,0.6459613496242229,0.1400341,0.13545169,6.5756025,6.721463,0.16558027267456055,0.16558027267456055,0.84439987,0.84439987,0.8344197,0.8344197,0.9999999994265611,4.688799738310533,7.258638215797529
123,CCCCCCCCCCCC(CCCCCCCCCC)C1CCC2CCCCC21,<rdkit.Chem.rdchem.Mol object at 0x00000216251B7990>,"[None, None, 'RemoveAtom']",31,Generation_4_Molecule_123,432.82099999999997,[None],,0.8234471,3.025118,1.4523189,183.838493962138,,,0.85540366,0.6993987465573399,0.13381763,0.12554488,6.547123,6.700886,0.18314218521118164,0.18314218521118164,0.8219157,0.8219157,0.8168578,0.8168578,0.9999999967661665,4.643831369027214,6.639747914741925
124,C=CCCCCCCCCCCC(CCCCCCCCCC)C1CCCC2CCCCC21,<rdkit.Chem.rdchem.Mol object at 0x00000216251B7A70>,"['AddAtom', 'AddAtom', 'Glycolate']",33,Generation_4_Molecule_124,458.859,[None],,0.8390537,3.2198422,1.710408,192.45562803177629,,,0.8964002,0.6394411467098893,0.13080965,0.1233284,6.608729,6.7716455,0.13605785369873047,0.13605785369873047,0.87055266,0.87055266,0.86394215,0.86394215,0.9999999982268886,4.741105316296347,7.4144514169767035
125,CCCCCCCCCCCC(CCCCCCCCCC)C1CCCOC(=O)CCC2CCCCC21,<rdkit.Chem.rdchem.Mol object at 0x00000216251B7AE0>,"[None, 'Esterify', 'Esterify']",37,Generation_4_Molecule_125,518.9110000000001,[None],,0.9138007,3.3889284,1.8988112,196.11396349177738,,,0.9453896,0.7161244834090466,0.13987257,0.13093723,6.6723895,6.8485045,0.09517276287078857,0.09517276287078857,0.9208118,0.9208118,0.90482724,0.90482724,0.9999999988470263,4.8416235435400194,6.760868613920172
126,CCCCCCCCCCCC(CCCCCCCCCC)C1CCCC2CCCC(C)C21,<rdkit.Chem.rdchem.Mol object at 0x00000216251B45F0>,"[None, None, 'AddAtom']",33,Generation_4_Molecule_126,460.875,[None],,0.8313076,3.2612157,1.6198368,187.8320754736788,,,0.86495924,0.7660598458497604,0.12930918,0.12124577,6.605463,6.769336,0.12605375051498413,0.12605375051498413,0.8679743,0.8679743,0.87394625,0.87394625,0.9999999974431331,4.735948560065204,6.18221746737267
127,CCCCCCCCCCCC(CCCCCCCCCC)C1CCC(=O)OCCCC2CCCCC21,<rdkit.Chem.rdchem.Mol object at 0x00000216251B7DF0>,"[None, None, 'Esterify']",37,Generation_4_Molecule_127,518.9110000000001,[None],,0.9156108,3.425769,1.8874303,195.26374401754515,,,0.95090127,0.7404211241908372,0.14026216,0.13099562,6.672563,6.8485045,0.08626461029052734,0.08626461029052734,0.9209488,0.9209488,0.9137354,0.9137354,0.9999999987029026,4.841897605552573,6.539383395961317
128,CCCCCCCCCCCCCCCCCC(CCCCCCCCCC)C1CCCC2CCCCC21,<rdkit.Chem.rdchem.Mol object at 0x00000216251B69D0>,"['AddFragment', 'AddAtom', None]",38,Generation_4_Molecule_128,531.01,[None],,0.83157396,3.681206,1.8413559,189.89622923367455,,,0.867626,0.6218878918615939,0.14234842,0.1301738,6.7335024,6.894316,0.024499833583831787,0.024499833583831787,0.96905947,0.96905947,0.97550017,0.97550017,0.9999999977930353,4.938118932424382,7.940529148497074
129,CCCCCCCCCCCC(CCOCCCCCCC)C1CCCC2CCCCC21,<rdkit.Chem.rdchem.Mol object at 0x00000216251B67A0>,"[None, None, 'ReplaceAtom']",32,Generation_4_Molecule_129,448.82,[None],,0.91378826,3.1795192,1.8936106,198.81028026126978,,,0.9447266,0.7163691157239884,0.13753228,0.13522404,6.5737395,6.710491,0.14580804109573364,0.14580804109573364,0.84292907,0.84292907,0.85419196,0.85419196,0.9999999993040889,4.685858129759106,6.541122484075
130,CCCCCCCCCCC(CCOCCCCCCCC)C1CCCC2CCCCC21,<rdkit.Chem.rdchem.Mol object at 0x00000216251B7060>,"[None, None, 'ReplaceAtom']",32,Generation_4_Molecule_130,448.82,[None],,0.91378826,3.1795192,1.8936106,198.81028026126978,,,0.9447266,0.7184882798052004,0.13753228,0.13522404,6.5737395,6.710491,0.14580804109573364,0.14580804109573364,0.84292907,0.84292907,0.85419196,0.85419196,0.9999999993040889,4.685858129759106,6.521829598987413
131,CCCCCCCCCCCC(CCCCCCCCCC)C1CCCC2CCC=CC21,<rdkit.Chem.rdchem.Mol object at 0x00000216251B6F80>,"[None, None, 'ReplaceBond']",32,Generation_4_Molecule_131,444.832,[None],,0.8662278,3.398322,1.7503432,190.985798108882,,,0.8752949,0.7728097075476105,0.13638401,0.13026066,6.5711145,6.7302647,0.09290134906768799,0.09290134906768799,0.8408567,0.8408567,0.90709865,0.90709865,0.9999999979777322,4.681713340644358,6.058041578567945
132,CCCCCCCCCCCC(CCCCCCC)C1CCCC2CCCCC21,<rdkit.Chem.rdchem.Mol object at 0x00000216251B5D20>,"['RemoveFragment', 'ReplaceBond', 'Glycolate']",29,Generation_4_Molecule_132,404.76699999999994,[None],,0.822791,3.2892215,1.5752726,185.00133672855796,,,0.8587223,0.6230294627355051,0.13414778,0.12818678,6.4967194,6.667473,0.11928188800811768,0.11928188800811768,0.7821228,0.7821228,0.8807181,0.8807181,0.9999999969632842,4.564245578590176,7.325890429884593
133,CCCCCCCCCCCC(CCCCCCCCCC)C1CCCC2CCCC21,<rdkit.Chem.rdchem.Mol object at 0x00000216251B4EB0>,"['RemoveAtom', 'ReplaceBond', 'ReplaceAtom']",31,Generation_4_Molecule_133,432.82099999999997,[None],,0.82428294,3.1743894,1.5326792,185.13031596328182,,,0.852299,0.6372774741374967,0.13758218,0.12803887,6.547575,6.7017446,0.14704841375350952,0.14704841375350952,0.82227254,0.82227254,0.8529516,0.8529516,0.9999999969851479,4.6445450752627355,7.288104889551839
134,CCCCC=CCCCCCC(CCCCCCCCCC)C1CCCC2CCCCC21,<rdkit.Chem.rdchem.Mol object at 0x00000216251B6C70>,"[None, 'ReplaceBond', 'ReplaceBond']",32,Generation_4_Molecule_134,444.832,[None],,0.83871835,3.1801918,1.6703377,191.56948279459598,,,0.8951552,0.6814850588303617,0.1325139,0.12684323,6.5635366,6.724437,0.14564532041549683,0.14564532041549683,0.83487403,0.83487403,0.8543547,0.8543547,0.9999999980766747,4.6697480659325095,6.852311735120408
135,CCCCCCCCCCCC(CCCCCCCCCC)C1CCCC2CCCCCCCCCCCC21,<rdkit.Chem.rdchem.Mol object at 0x00000216251B5AF0>,"['AddFragment', 'ReplaceBond', 'AddAtom']",39,Generation_4_Molecule_135,545.037,[None],,0.8232659,3.777735,1.7712944,185.37611857818166,,,0.85402185,0.6957807080748047,0.13840264,0.12629433,6.712281,6.8962545,0.0011591315269470215,0.0011591315269470215,0.9523057,0.9523057,0.99884087,0.99884087,0.9999999970268149,4.90461134613265,7.049076367327714
136,CCCCCCCCCCCC(CCCCCCCCCC)C1CCCC2(O)CCCCC12,<rdkit.Chem.rdchem.Mol object at 0x00000216251B6AB0>,"[None, None, 'AddAtom']",33,Generation_4_Molecule_136,462.847,[None],,0.90589803,3.6858995,2.2955194,201.5940738316677,,,0.9392656,0.7762883186356238,0.13498098,0.12631997,6.6072154,6.7565074,0.02336496114730835,0.02336496114730835,0.86935776,0.86935776,0.97663504,0.97663504,0.9999999997759801,4.738715529217814,6.104324147948546
137,CCCCCCCCCCC(CCCOCCCCCCC)C1CCCC2CCCCC21,<rdkit.Chem.rdchem.Mol object at 0x00000216251B4820>,"[None, None, 'ReplaceAtom']",32,Generation_4_Molecule_137,448.82,[None],,0.9072969,3.1524668,1.8618907,198.34238343828096,,,0.9444836,0.6982851196284117,0.13901734,0.13386922,6.57367,6.710491,0.1523492932319641,0.1523492932319641,0.8428741,0.8428741,0.8476507,0.8476507,0.999999999224774,4.685748218714825,6.710365274872704
138,CCCC=CCCCC(CCCCCCCCCCC)C1CCCC2CCCCC21,<rdkit.Chem.rdchem.Mol object at 0x00000216251B6F10>,"[None, None, 'RemoveFragment']",30,Generation_4_Molecule_138,416.77799999999996,[None],,0.8411275,3.1279237,1.5998982,189.49848172740354,,,0.92599183,0.6935136576783127,0.13121042,0.12510362,6.4961996,6.6617703,0.1582837700843811,0.1582837700843811,0.7817125,0.7817125,0.84171623,0.84171623,0.9999999977256118,4.563424942603236,6.580151511190551
139,CCCCCCCCCCCOC(=O)CCC(CCCCCCCCCC)C1CCCC2CCCCC21,<rdkit.Chem.rdchem.Mol object at 0x00000216251B6110>,"[None, None, 'Esterify']",37,Generation_4_Molecule_139,518.9110000000001,[None],,0.917249,3.5704725,1.863553,192.3930083087415,,,0.9415097,0.7458689328207767,0.13871956,0.13024941,6.691514,6.850042,0.05127525329589844,0.05127525329589844,0.9359103,0.9359103,0.94872475,0.94872475,0.9999999982162736,4.871820567254664,6.531738155160974
140,CCCCCCCCCCCC(CCCCCCCCCC)C1CCCC2CCCCC21O,<rdkit.Chem.rdchem.Mol object at 0x00000216251B7ED0>,"[None, None, 'AddAtom']",33,Generation_4_Molecule_140,462.847,[None],,0.90355,3.7139816,2.3009868,201.42038332904096,,,0.938956,0.8109558738762972,0.13367042,0.12588876,6.6073456,6.7564807,0.016574740409851074,0.016574740409851074,0.8694605,0.8694605,0.98342526,0.98342526,0.9999999997465372,4.738921046003556,5.843623800826466
141,CCC=C(CCCCCCCCC)CC1CCCC2CCCCC21,<rdkit.Chem.rdchem.Mol object at 0x00000216251B7F40>,"[None, None, 'RemoveFragment']",24,Generation_4_Molecule_141,332.616,[None],,0.85622466,2.7088356,1.1268538,164.25368740181773,,,0.8948422,0.8499073538445594,0.12768945,0.12076908,6.23015,6.393388,0.2596195340156555,0.2596195340156555,0.5716704,0.5716704,0.74038047,0.74038047,0.9999999934462739,4.1433408194808194,4.875049969550681
142,CCCCCCCCCCCC(CCCCCCCCCCCC(CC)CCCC)C1CCCC2CCCCC21,<rdkit.Chem.rdchem.Mol object at 0x00000216251B6CE0>,"['AddFragment', 'RemoveFragment', 'AddAtom']",40,Generation_4_Molecule_142,559.064,[None],,0.8429089,3.7235029,1.7701434,186.26895858639722,,,0.8727617,0.6767095063970405,0.13906835,0.13491008,6.760251,6.92248,0.014272451400756836,0.014272451400756836,0.99017715,0.99017715,0.98572755,0.98572755,0.9999999971781635,4.980354306260194,7.359663576734372
143,CCC=CCCCCCCCC(CCCCCCCCCC)C1CCCC2CCCCC21,<rdkit.Chem.rdchem.Mol object at 0x00000216251B7760>,"['ReplaceBond', 'ReplaceAtom', 'ReplaceBond']",32,Generation_4_Molecule_143,444.832,[None],,0.8330554,3.1553109,1.7018639,193.22830227300835,,,0.89814675,0.6623719480070127,0.132749,0.12730685,6.5624676,6.72486,0.15166151523590088,0.15166151523590088,0.83403003,0.83403003,0.8483385,0.8483385,0.9999999983578673,4.668060062673663,7.047490577943741
144,CCCC=CCCCCCCC(CCCCCCCCCC)C1CCCC2CCCCC21,<rdkit.Chem.rdchem.Mol object at 0x00000216251B7D80>,"['ReplaceBond', 'Glycolate', 'AddAtom']",32,Generation_4_Molecule_144,444.832,[None],,0.83950794,3.18835,1.6790832,191.77731723983354,,,0.895074,0.6717187366191408,0.13256276,0.12730685,6.562625,6.72486,0.1436726450920105,0.1436726450920105,0.83415425,0.83415425,0.85632735,0.85632735,0.9999999981119055,4.668308494587125,6.949796455110673
145,CCCCCCCCCCC(CCCCOCOCCCCCCCCC)C1CCCC2CCCCC21,<rdkit.Chem.rdchem.Mol object at 0x00000216251B7C30>,"[None, 'Glycolate', 'AddAtom']",37,Generation_4_Molecule_145,520.927,[None],,0.9876732,3.4830298,2.043579,198.67182103107092,,,0.96928924,0.7159524197972915,0.16073316,0.16561028,6.7206783,6.8759117,0.07241898775100708,0.07241898775100708,0.9589351,0.9589351,0.927581,0.927581,0.9999999992806181,4.91787016319816,6.868990211096098
146,CCCCCCCCCCCC(CCCCCCCCCC)C1CCCC2CCCC(=O)OCCCC21,<rdkit.Chem.rdchem.Mol object at 0x00000216251B4580>,"[None, 'Esterify', 'AddAtom']",37,Generation_4_Molecule_146,518.9110000000001,[None],,0.9154067,3.4980743,1.8849236,194.1564682311664,,,0.9480899,0.7041169357095184,0.14125434,0.12971152,6.672335,6.8485045,0.06878119707107544,0.06878119707107544,0.92076886,0.92076886,0.9312188,0.9312188,0.9999999985152042,4.84153771251972,6.876042127350682
147,CCCCCCCCCCC(CCCCCCCCC(O)CC)C1CCCC2CCCCC21,<rdkit.Chem.rdchem.Mol object at 0x00000216251B7A00>,"['AddAtom', 'AddAtom', 'ReplaceBond']",33,Generation_4_Molecule_147,462.847,[None],,0.88982433,3.3896046,2.007205,198.94070567064765,,,0.9043325,0.6464715404172047,0.13602059,0.12745444,6.6060696,6.7569532,0.09500926733016968,0.09500926733016968,0.86845315,0.86845315,0.90499073,0.90499073,0.9999999993261978,4.736906289380519,7.327323777197563
148,CCCCCCCCCCCC(CCCCCCCCCC)C1C(C)CCC2CCCCC21,<rdkit.Chem.rdchem.Mol object at 0x00000216251B5A80>,"[None, None, 'AddAtom']",33,Generation_4_Molecule_148,460.875,[None],,0.82987446,3.2766159,1.6143779,187.26581887301464,,,0.8716737,0.7833938991527244,0.12952586,0.120183855,6.6069975,6.768273,0.1223299503326416,0.1223299503326416,0.86918575,0.86918575,0.87767005,0.87767005,0.9999999973471448,4.738371488779334,6.048517219631267
149,CCCCCCCCCCC(=O)C(CCCCCCCCCC)C1CCCC2CCCCC21,<rdkit.Chem.rdchem.Mol object at 0x00000216251B5A10>,"[None, None, 'AddAtom']",33,Generation_4_Molecule_149,460.831,[None],,0.87335485,3.3436322,1.9995974,199.32138332369513,,,0.90289557,0.798866800432879,0.15472202,0.14289254,6.6042886,6.7559724,0.10612541437149048,0.10612541437149048,0.8670471,0.8670471,0.8938746,0.8938746,0.9999999993907279,4.734094142304546,5.926011870488671
150,CCCCCCCCCCOC(=O)CCCC(CCCCCCCCCC)C1CCCC2CCCCC21,<rdkit.Chem.rdchem.Mol object at 0x00000216251B6C00>,"[None, None, 'Esterify']",37,Generation_4_Molecule_150,518.9110000000001,[None],,0.91674566,3.5534866,1.8819048,193.25736199463253,,,0.9412667,0.7354821078783975,0.1404493,0.1290266,6.691648,6.850042,0.055382490158081055,0.055382490158081055,0.9360161,0.9360161,0.9446175,0.9446175,0.9999999983627934,4.872032163890137,6.62427013750777
151,CCCCCCCCCCC(CCCCCC(O)CCCCC)C1CCCC2CCCCC21,<rdkit.Chem.rdchem.Mol object at 0x00000216251B76F0>,"['AddAtom', 'Glycolate', None]",33,Generation_4_Molecule_151,462.847,[None],,0.88433933,3.3735619,2.0069726,199.1303379627004,,,0.9067048,0.6711449393453075,0.1356237,0.12722799,6.6066093,6.7566457,0.09888839721679688,0.09888839721679688,0.8688793,0.8688793,0.9011116,0.9011116,0.999999999358343,4.737758635832952,7.059218297100727
152,CCCCCCCCCCC(COCCCCCCCCC)C1CCCC2CCCCC21,<rdkit.Chem.rdchem.Mol object at 0x00000216251B7D10>,"[None, None, 'ReplaceAtom']",32,Generation_4_Molecule_152,448.82,[None],,0.92081445,3.1816251,1.9701743,200.61792976350225,,,0.94531155,0.7612886945345492,0.13784865,0.13522004,6.574339,6.7116156,0.14529871940612793,0.14529871940612793,0.84340227,0.84340227,0.8547013,0.8547013,0.9999999996105102,4.686804532615271,6.156408950064308
153,CCCCCCCCCCCOCOCOCCC(CCCCCCCCCC)C1CCCC2CCCCC21,<rdkit.Chem.rdchem.Mol object at 0x00000216251B6650>,"[None, None, 'Glycolate']",39,Generation_4_Molecule_153,550.953,[None],,0.9737238,3.663933,2.1809325,199.64615638035775,,,0.94803274,0.7575912826642581,0.16874829,0.16940486,6.7307925,6.8971696,0.02867645025253296,0.02867645025253296,0.9669201,0.9669201,0.97132355,0.97132355,0.9999999994457813,4.933840155047283,6.512535542510741
154,CCCCCCCCCCC(CCCCCCCCC)C1CCCC2CCCCC21,<rdkit.Chem.rdchem.Mol object at 0x00000216251B7680>,"['RemoveFragment', 'Esterify', 'Glycolate']",30,Generation_4_Molecule_154,418.794,[None],,0.8220697,3.4437652,1.5852875,182.28256209041527,,,0.8576112,0.6017270909738912,0.13603783,0.12761572,6.504556,6.6691847,0.08191323280334473,0.08191323280334473,0.7883098,0.7883098,0.91808677,0.91808677,0.9999999965024147,4.576619621593967,7.605806170679036
155,CCCCCCCCCCC(CCCCCOCCCCC)C1CCCC2CCCCC21,<rdkit.Chem.rdchem.Mol object at 0x00000216251B7CA0>,"['ReplaceAtom', 'AddAtom', 'AddAtom']",32,Generation_4_Molecule_155,448.82,[None],,0.9048808,3.1886134,1.8708923,198.08942637737655,,,0.9447266,0.6746528594470866,0.13756773,0.13506252,6.574343,6.710376,0.14360904693603516,0.14360904693603516,0.84340566,0.84340566,0.85639095,0.85639095,0.9999999991818943,4.6868113271161596,6.946996905871335
156,CCCCCCCCCCC(CCCCCC(C)CCCCC)C1CCCC2CCCCC21,<rdkit.Chem.rdchem.Mol object at 0x00000216251B4B30>,"['AddAtom', 'ReplaceAtom', 'AddAtom']",33,Generation_4_Molecule_156,460.875,[None],,0.8327604,3.345272,1.6902115,189.4457763466757,,,0.8627142,0.6815485962439822,0.12904459,0.119864956,6.606537,6.768492,0.10572892427444458,0.10572892427444458,0.8688221,0.8688221,0.8942711,0.8942711,0.9999999977166774,4.737644193273318,6.9512933037827365
157,CCCCCCCCCCCC(CCCCCCCC)C1CCCC2CCCCC21,<rdkit.Chem.rdchem.Mol object at 0x000002162725C120>,"[None, 'RemoveFragment', 'Esterify']",30,Generation_5_Molecule_157,418.794,[None],,0.8218109,3.4437652,1.5712197,181.45802423882765,,,0.8578795,0.6201040479810218,0.13603783,0.12761572,6.504719,6.6691847,0.08191323280334473,0.08191323280334473,0.7884382,0.7884382,0.91808677,0.91808677,0.9999999963626443,4.57687639826389,7.3808200626420755
158,C=C1CCCC2CCCC(C(CCCCCCCCCC)CCCCCCCCCCC)C12,<rdkit.Chem.rdchem.Mol object at 0x00000216251B7E60>,"[None, None, 'AddAtom']",33,Generation_5_Molecule_158,458.859,[None],,0.8694415,3.3465023,1.7236544,190.8101715825984,,,0.8936447,0.7700877398380281,0.12890281,0.11946136,6.609001,6.7733264,0.1054314374923706,0.1054314374923706,0.8707676,0.8707676,0.89456856,0.89456856,0.999999997947961,4.74153518471554,6.157136309835062
159,C=CCCCCCCCCC(CCCCCCCCCCC)C1CCCC2CCCCC21,<rdkit.Chem.rdchem.Mol object at 0x00000216251B6E30>,"[None, 'ReplaceBond', 'AddFragment']",32,Generation_5_Molecule_159,444.832,[None],,0.8379176,3.189372,1.7024745,192.67226661892,,,0.89822733,0.6484746651909982,0.13151522,0.12629868,6.565919,6.7279644,0.1434255838394165,0.1434255838394165,0.8367548,0.8367548,0.8565744,0.8565744,0.9999999982636117,4.6735095960419315,7.20692703494503
160,C=C(CCCCC)CCCCC(CCCCCCCCCCC)C1CCCC2CCCCC21,<rdkit.Chem.rdchem.Mol object at 0x00000216251B6D50>,"[None, None, 'AddAtom']",33,Generation_5_Molecule_160,458.859,[None],,0.84522235,3.3394442,1.7645026,192.48997499433867,,,0.90407485,0.691562225148497,0.12423928,0.115931325,6.6085334,6.7718434,0.10713809728622437,0.10713809728622437,0.8703983,0.8703983,0.8928619,0.8928619,0.9999999982327108,4.740796564242232,6.855198840891369
161,CCCCCCCCCCC(CCCCCCCCCCC=O)C1CCCC2CCCCC21,<rdkit.Chem.rdchem.Mol object at 0x00000216251B4510>,"[None, 'AddAtom', 'AddAtom']",33,Generation_5_Molecule_161,460.831,[None],,0.88133186,3.152252,1.9317467,200.1006991084869,,,0.90243196,0.6596007991342123,0.14070046,0.13065036,6.6043468,6.7652035,0.15240120887756348,0.15240120887756348,0.867093,0.867093,0.8475988,0.8475988,0.9999999995228327,4.734186052798895,7.177350389831178
162,CCCCCCCCCCC(CCCCCCCCCC(=O)OCCCC)C1CCCC2CCCCC21,<rdkit.Chem.rdchem.Mol object at 0x00000216251B6810>,"[None, 'Esterify', 'Glycolate']",37,Generation_5_Molecule_162,518.9110000000001,[None],,0.9390562,3.5226128,1.931647,195.23210027577016,,,0.9577115,0.7018856090247226,0.13931991,0.13047777,6.690002,6.850488,0.0628477931022644,0.0628477931022644,0.9347165,0.9347165,0.9371522,0.9371522,0.9999999986975385,4.869433044084807,6.937644797776855
163,CCCCCCCCCCCC(COCCCCCCCC)C1CCCC2CCCCC21,<rdkit.Chem.rdchem.Mol object at 0x00000216251B6DC0>,"[None, None, 'ReplaceAtom']",32,Generation_5_Molecule_163,448.82,[None],,0.92081445,3.1816251,1.9733799,200.68929979421358,,,0.94531155,0.7454485526946788,0.13784865,0.13522004,6.574339,6.7116156,0.14529871940612793,0.14529871940612793,0.84340227,0.84340227,0.8547013,0.8547013,0.9999999996226084,4.686804532627369,6.287227355510063
164,CCCCCCCCCCCC(CCCCCCCCCC)C1CCCCC(CC)CCCC2CCCCC21,<rdkit.Chem.rdchem.Mol object at 0x00000216251B6A40>,"[None, None, 'AddFragment']",39,Generation_5_Molecule_164,545.037,[None],,0.82991225,3.282636,1.62608,187.71290472675528,,,0.854676,0.7229482667784135,0.1373606,0.1325826,6.7131505,6.8977647,0.12087428569793701,0.12087428569793701,0.95299196,0.95299196,0.8791257,0.8791257,0.9999999974229321,4.905983922288655,6.7860788215878785
165,CCCCCCCCCCCC(CCCCC(O)CCCCC)C1CCCC2CCCCC21,<rdkit.Chem.rdchem.Mol object at 0x00000216251B5CB0>,"[None, None, 'AddAtom']",33,Generation_5_Molecule_165,462.847,[None],,0.8932036,3.3987832,2.0411527,199.61352809413393,,,0.9078798,0.6882729714279676,0.13565333,0.1274479,6.606625,6.7566814,0.09278988838195801,0.09278988838195801,0.8688917,0.8688917,0.9072101,0.9072101,0.9999999994402504,4.737783431447086,6.883581991629795
166,CC=CCC(CCCCCCCCCCC)C1CCCC2CCCCC21,<rdkit.Chem.rdchem.Mol object at 0x000002162725C040>,"[None, None, 'RemoveFragment']",26,Generation_5_Molecule_166,360.67,[None],,0.84566385,2.9313698,1.4230316,184.30175749978346,,,0.9279912,0.7108666318286418,0.13674212,0.12849416,6.3379416,6.485101,0.20581066608428955,0.20581066608428955,0.65677017,0.65677017,0.79418933,0.79418933,0.999999996844696,4.313540336314606,6.068002271000403
167,CCCCCCC=CCC(CCCCCCCCCC)C1CCCC2CCCCC21,<rdkit.Chem.rdchem.Mol object at 0x000002162725C350>,"[None, None, 'RemoveFragment']",30,Generation_5_Molecule_167,416.77799999999996,[None],,0.84607476,3.147363,1.5179292,184.89767610976563,,,0.9368297,0.7423944083407834,0.13173746,0.12601776,6.4965625,6.6620426,0.1535833477973938,0.1535833477973938,0.78199893,0.78199893,0.84641665,0.84641665,0.9999999969457123,4.563997861668918,6.147672733512687
168,CCCCCCCCCCC(CCCCCCCCC(C)CC)C1CCCC2CCCCC21,<rdkit.Chem.rdchem.Mol object at 0x000002162725C7B0>,"[None, 'AddAtom', None]",33,Generation_5_Molecule_168,460.875,[None],,0.82987887,3.5255818,1.750759,188.84640859505703,,,0.8633822,0.6786563991583303,0.13150236,0.12156727,6.6067514,6.7688,0.0621299147605896,0.0621299147605896,0.8689915,0.8689915,0.9378701,0.9378701,0.9999999976150765,4.737982985972621,6.981416504506061
169,C=C(CCCCCCC)CCC(CCCCCCCCCCC)C1CCCC2CCCCC21,<rdkit.Chem.rdchem.Mol object at 0x000002162725C430>,"[None, None, 'AddAtom']",33,Generation_5_Molecule_169,458.859,[None],,0.83855987,3.4212873,1.7484351,190.5252264282914,,,0.9060951,0.732753807824398,0.12403719,0.11590341,6.607,6.7718654,0.0873483419418335,0.0873483419418335,0.8691876,0.8691876,0.91265166,0.91265166,0.9999999978996591,4.738375184819825,6.466530960635226
170,CCCCCC=CCCCC(CCCCCCCCCCC)C1CCCC2CCCCC21,<rdkit.Chem.rdchem.Mol object at 0x000002162725C270>,"[None, None, 'ReplaceBond']",32,Generation_5_Molecule_170,444.832,[None],,0.84194887,3.2917101,1.672179,189.63745903743,,,0.89842486,0.7003623366002181,0.13271762,0.12763774,6.5637736,6.721414,0.11868011951446533,0.11868011951446533,0.83506113,0.83506113,0.8813199,0.8813199,0.9999999977491703,4.670122263564905,6.66815164024263
171,CCCCCCCCCCCC(C(C)CCCCCCCCC)C1CCCC2CCCCC21,<rdkit.Chem.rdchem.Mol object at 0x000002162725C890>,"[None, None, 'AddAtom']",33,Generation_5_Molecule_171,460.875,[None],,0.82887,3.3120022,1.5680213,184.12139545561683,,,0.8659643,0.786014623315129,0.12708366,0.119661935,6.606024,6.768183,0.11377358436584473,0.11377358436584473,0.868417,0.868417,0.8862264,0.8862264,0.999999996814122,4.736834046038975,6.026394300478407
172,CCCCCCCCCCC=C(CCCCCCCCCC)C1CCCC2CCCCC21,<rdkit.Chem.rdchem.Mol object at 0x000002162725C2E0>,"[None, None, 'ReplaceBond']",32,Generation_5_Molecule_172,444.832,[None],,0.8671898,3.2817607,1.7073787,191.27589140688923,,,0.8758574,0.8421822733920932,0.13234699,0.12387913,6.564769,6.7245607,0.1210860013961792,0.1210860013961792,0.8358468,0.8358468,0.878914,0.878914,0.999999998026907,4.671693561488211,5.547128821260786
173,CCCCCCCCCCCC(CCCCCCCCCC)C1CCC(O)C2CCCCC21,<rdkit.Chem.rdchem.Mol object at 0x000002162725C900>,"[None, None, 'AddAtom']",33,Generation_5_Molecule_173,462.847,[None],,0.89349663,3.3301067,2.0968895,201.56073932410726,,,0.8993677,0.7445411278990864,0.13465597,0.12648544,6.607007,6.759358,0.10939586162567139,0.10939586162567139,0.86919326,0.86919326,0.89060414,0.89060414,0.9999999997703294,4.738386511573003,6.364170270813077
174,CCCCCCCCCCCC(CCCCCCCCCC)C1C=CC2CCCCC21,<rdkit.Chem.rdchem.Mol object at 0x000002162725C0B0>,"[None, None, 'RemoveAtom']",31,Generation_5_Molecule_174,430.80499999999995,[None],,0.85473734,3.1540344,1.4999764,183.70173429167048,,,0.8743431,0.8095529513928348,0.13628343,0.12847446,6.533896,6.694532,0.15197020769119263,0.15197020769119263,0.8114732,0.8114732,0.8480298,0.8480298,0.9999999967429838,4.622946378311893,5.710492896552498
175,CCCCCCCCCCCC(CCCCCCCCCC)C1CCCC2C(=O)CCCC21,<rdkit.Chem.rdchem.Mol object at 0x000002162725C6D0>,"[None, None, 'AddAtom']",33,Generation_5_Molecule_175,460.831,[None],,0.8712452,3.3484926,1.9885798,199.0014312963051,,,0.9011415,0.7566129392846727,0.15469529,0.14241174,6.604059,6.7564945,0.1049501895904541,0.1049501895904541,0.866866,0.866866,0.8950498,0.8950498,0.9999999993364918,4.733731984428655,6.256477702990494
176,CCCCCCCCCCCC(CCCCOCCCCC)C1CCCC2CCCCC21,<rdkit.Chem.rdchem.Mol object at 0x000002162725C970>,"[None, 'ReplaceAtom', 'AddFragment']",32,Generation_5_Molecule_176,448.82,[None],,0.9048808,3.1886134,1.8708923,198.08942637737655,,,0.9447266,0.6791880746019899,0.13780709,0.13506252,6.574343,6.710376,0.14360904693603516,0.14360904693603516,0.84340566,0.84340566,0.85639095,0.85639095,0.9999999991818943,4.6868113271161596,6.900608980601834
177,CCCCCCCCCCCC(CCCCCCCCCC)C1=CCC2CCCCC12,<rdkit.Chem.rdchem.Mol object at 0x000002162725C510>,"[None, None, 'RemoveAtom']",31,Generation_5_Molecule_177,430.80499999999995,[None],,0.87432945,3.1198406,1.5067085,184.8739314290119,,,0.8736754,0.8260105084584445,0.13795266,0.12849951,6.533601,6.695402,0.1602383255958557,0.1602383255958557,0.81124014,0.81124014,0.8397617,0.8397617,0.9999999969416873,4.622480270188452,5.596151892565182
178,CCCCCCCCCCC(CCCCCC(=O)CCCCC)C1CCCC2CCCCC21,<rdkit.Chem.rdchem.Mol object at 0x000002162725C3C0>,"[None, None, 'AddAtom']",33,Generation_5_Molecule_178,460.831,[None],,0.8711149,3.35901,2.0310137,199.85472216148924,,,0.9028821,0.6992024509336161,0.15745178,0.1436883,6.6043973,6.7512197,0.10240697860717773,0.10240697860717773,0.8671329,0.8671329,0.897593,0.897593,0.9999999994811362,4.734265803771907,6.770951385325435
179,CCCCCCC=CCCC(CCCCCCCCCCC)C1CCCC2CCCCC21,<rdkit.Chem.rdchem.Mol object at 0x000002162725C580>,"[None, None, 'ReplaceBond']",32,Generation_5_Molecule_179,444.832,[None],,0.8466831,3.208289,1.6909863,191.9010237770859,,,0.89897215,0.7257766972741055,0.13305992,0.12785766,6.5637417,6.723887,0.13885140419006348,0.13885140419006348,0.8350359,0.8350359,0.8611486,0.8611486,0.9999999981328755,4.670071838419131,6.434584984553968
180,C=CCCCCCCCC(CCCCCCCCCCC)C1CCCC2CCCCC21,<rdkit.Chem.rdchem.Mol object at 0x000002162725CC10>,"[None, 'RemoveAtom', 'AddAtom']",31,Generation_5_Molecule_180,430.80499999999995,[None],,0.82929987,3.16971,1.5968863,188.53615401137807,,,0.9009158,0.6493808346695693,0.13207372,0.12643595,6.5112686,6.672979,0.148179829120636,0.148179829120636,0.7936092,0.7936092,0.8518202,0.8518202,0.999999997562484,4.587218401378707,7.06398796587963
181,CCCCCCCCCCCC(CCC(=O)CCCCCCC)C1CCCC2CCCCC21,<rdkit.Chem.rdchem.Mol object at 0x000002162725C190>,"[None, None, 'AddAtom']",33,Generation_5_Molecule_181,460.831,[None],,0.8668613,3.3330293,2.0425618,200.41133549628586,,,0.8990594,0.7264876631034252,0.15517315,0.14365232,6.6025114,6.7523537,0.10868918895721436,0.10868918895721436,0.86564404,0.86564404,0.8913108,0.8913108,0.9999999995754898,4.731288075022572,6.512551162687825
182,CCCCCCCCCCCOCCC(CCCCCCCCCC)C1CCCC2CCCCC21,<rdkit.Chem.rdchem.Mol object at 0x000002162725CD60>,"[None, None, 'Glycolate']",35,Generation_5_Molecule_182,490.901,[None],,0.9205118,3.3793106,1.9196738,196.83392342217454,,,0.9492681,0.7464998833991794,0.13776818,0.13426247,6.6704845,6.818014,0.09749835729598999,0.09749835729598999,0.9193078,0.9193078,0.90250164,0.90250164,0.9999999989690694,4.838615654868118,6.4817366519007775
183,CCCCCCCC=CCC(CCCCCCCCCCC)C1CCCC2CCCCC21,<rdkit.Chem.rdchem.Mol object at 0x000002162725C5F0>,"[None, None, 'ReplaceBond']",32,Generation_5_Molecule_183,444.832,[None],,0.84003603,3.3034296,1.7152845,191.21651871587108,,,0.9084088,0.7482735521958229,0.13324617,0.12783043,6.5633693,6.7236395,0.11584639549255371,0.11584639549255371,0.8347419,0.8347419,0.8841536,0.8841536,0.9999999980168425,4.669483778877743,6.240343207607772
184,CCCCCCCCCCCCOCC(CCCCCCCCCC)C1CCCC2CCCCC21,<rdkit.Chem.rdchem.Mol object at 0x000002162725C200>,"[None, None, 'Glycolate']",35,Generation_5_Molecule_184,490.901,[None],,0.91803646,3.363205,1.9856445,198.74874696718175,,,0.9484905,0.7605160694408097,0.13821058,0.13422337,6.670343,6.81831,0.10139268636703491,0.10139268636703491,0.919196,0.919196,0.8986073,0.8986073,0.9999999992936582,4.838392018565509,6.361985253149311
185,CCCCCCCCCCCC(CCCCCCCC(O)CC)C1CCCC2CCCCC21,<rdkit.Chem.rdchem.Mol object at 0x000002162725CC80>,"[None, 'AddAtom', 'Glycolate']",33,Generation_5_Molecule_185,462.847,[None],,0.88982433,3.37659,2.0020838,198.97808589801141,,,0.9043325,0.6578248986366568,0.13602059,0.12745444,6.6060696,6.7569532,0.0981561541557312,0.0981561541557312,0.86845315,0.86845315,0.90184385,0.90184385,0.9999999993325343,4.736906289386855,7.2008619606890845
186,CCCCCCCCCCCC(CCCCCCCCCC)C1CCCC2CCCOCOCCCC21,<rdkit.Chem.rdchem.Mol object at 0x000002162725CE40>,"[None, None, 'Glycolate']",37,Generation_5_Molecule_186,520.927,[None],,0.976556,3.4001732,2.097361,200.800590414466,,,0.9479214,0.7260311168001067,0.16233076,0.1639363,6.697345,6.847789,0.09245377779006958,0.09245377779006958,0.94051355,0.94051355,0.9075462,0.9075462,0.9999999996414738,4.881027102111872,6.722889679473246
187,CCCCCCCCCC=CC(CCCCCCCCCC)C1CCCC2CCCCC21,<rdkit.Chem.rdchem.Mol object at 0x000002162725C660>,"[None, None, 'ReplaceBond']",32,Generation_5_Molecule_187,444.832,[None],,0.850481,3.2959058,1.7066382,191.0010068118314,,,0.91346896,0.7961789247616399,0.13648538,0.12900382,6.5634613,6.723214,0.11766558885574341,0.11766558885574341,0.83481455,0.83481455,0.8823344,0.8823344,0.9999999979803104,4.669629094965174,5.865049864718748
188,CCCCCCCCCCC(CCCCOCCCCCC)C1CCCC2CCCCC21,<rdkit.Chem.rdchem.Mol object at 0x000002162725CB30>,"[None, None, 'ReplaceAtom']",32,Generation_5_Molecule_188,448.82,[None],,0.9048808,3.1886134,1.8708923,198.08942637737655,,,0.9447266,0.6999326473993794,0.13780709,0.13506252,6.574343,6.710376,0.14360904693603516,0.14360904693603516,0.84340566,0.84340566,0.85639095,0.85639095,0.9999999991818943,4.6868113271161596,6.696089037324015
189,CCCCCCCCCCOC(CCCCCCCCCC)C1CCCC2CCCCC21,<rdkit.Chem.rdchem.Mol object at 0x000002162725D1C0>,"[None, None, 'ReplaceAtom']",32,Generation_5_Molecule_189,448.82,[None],,0.9249076,3.0225813,1.9905728,202.915618931528,,,0.94902337,0.8012387418534362,0.138896,0.13108298,6.575433,6.714463,0.18375557661056519,0.18375557661056519,0.8442659,0.8442659,0.8162444,0.8162444,1.0,4.688531756401062,5.851603912156678
190,CCCCCCCCCCCC(CCCCCCCCCC)C1COCOCOCCCCC2CCCCC21,<rdkit.Chem.rdchem.Mol object at 0x000002162725C4A0>,"[None, None, 'Glycolate']",39,Generation_5_Molecule_190,550.953,[None],,0.96756285,3.5773158,2.092101,198.68640688835194,,,0.94286203,0.794897987090352,0.17034762,0.16856168,6.7049403,6.8926816,0.049620628356933594,0.049620628356933594,0.94651014,0.94651014,0.9503794,0.9503794,0.9999999992830908,4.893020271538035,6.155532346293223
191,CCCCCCCCCCC(CCCCC(C)CCCCCC)C1CCCC2CCCCC21,<rdkit.Chem.rdchem.Mol object at 0x000002162725D150>,"[None, None, 'AddAtom']",33,Generation_5_Molecule_191,460.875,[None],,0.8336473,3.3431137,1.6902115,189.48454667224715,,,0.8627142,0.705133615875932,0.12904459,0.119864956,6.606675,6.768492,0.10625076293945312,0.10625076293945312,0.86893123,0.86893123,0.89374924,0.89374924,0.9999999977232495,4.737862465489058,6.719098847107983
192,CCCCCCCCCCCC(CCCCCCCCCC)C1CCCC2(C)CCCCC12,<rdkit.Chem.rdchem.Mol object at 0x000002162725CCF0>,"[None, None, 'AddAtom']",33,Generation_5_Molecule_192,460.875,[None],,0.83173233,3.4270608,1.797797,192.29418863502855,,,0.8811604,0.773972545824319,0.119936235,0.11472414,6.608752,6.768063,0.0859522819519043,0.0859522819519043,0.8705707,0.8705707,0.9140477,0.9140477,0.9999999981995222,4.741141436683714,6.125723014676399
193,CCCC=CC(CCCCCCCCCCC)C1CCCC2CCCCC21,<rdkit.Chem.rdchem.Mol object at 0x000002162725C740>,"[None, None, 'RemoveFragment']",27,Generation_5_Molecule_193,374.69699999999995,[None],,0.8554166,2.921742,1.4142681,183.98610886342357,,,0.9380269,0.7702273946280914,0.13983126,0.1286781,6.395419,6.543128,0.20813864469528198,0.20813864469528198,0.7021478,0.7021478,0.79186136,0.79186136,0.9999999967911891,4.404295560489004,5.718175685786458
194,CCCCCCCCCCC(CCCC(=O)CCCCCCC)C1CCCC2CCCCC21,<rdkit.Chem.rdchem.Mol object at 0x000002162725CBA0>,"[None, None, 'AddAtom']",33,Generation_5_Molecule_194,460.831,[None],,0.8790287,3.3511422,2.0399842,200.1450876056504,,,0.9039611,0.7213378469349686,0.15857667,0.14252368,6.603036,6.7523537,0.10430943965911865,0.10430943965911865,0.8660581,0.8660581,0.89569056,0.89569056,0.999999999530357,4.732116221911949,6.560194008978108
195,CCCCCCCCCCCC(CCCCCCC(O)CCC)C1CCCC2CCCCC21,<rdkit.Chem.rdchem.Mol object at 0x000002162725CAC0>,"[None, 'AddAtom', 'AddAtom']",33,Generation_5_Molecule_195,462.847,[None],,0.8931417,3.3709621,1.9961852,198.90660810168663,,,0.90871716,0.6720243511768993,0.13657877,0.1278531,6.6061726,6.7569532,0.09951704740524292,0.09951704740524292,0.86853445,0.86853445,0.90048295,0.90048295,0.9999999993204177,4.737068890845686,7.048954226955878
196,CC=CCCCCCCCCC(CCCCCCCCCC)C1CCCC2CCCCC21,<rdkit.Chem.rdchem.Mol object at 0x000002162725CEB0>,"[None, 'ReplaceBond', 'Esterify']",32,Generation_5_Molecule_196,444.832,[None],,0.831847,3.1628993,1.7309023,194.15454787655054,,,0.90011907,0.6697342907902291,0.1332964,0.12732828,6.563522,6.724745,0.14982664585113525,0.14982664585113525,0.83486235,0.83486235,0.85017335,0.85017335,0.9999999985148786,4.669724701349962,6.972503522016301
197,CCCCCCCCCCCC(CCCC)C1CCCC2CCCCC21,<rdkit.Chem.rdchem.Mol object at 0x000002162725D230>,"[None, None, 'RemoveFragment']",26,Generation_5_Molecule_197,362.686,[None],,0.84267426,3.1449215,1.3633052,174.16172216156738,,,0.8586311,0.645267261825337,0.13481009,0.12605251,6.3523574,6.509896,0.15417367219924927,0.15417367219924927,0.66815114,0.66815114,0.8458263,0.8458263,0.9999999951258213,4.336302275551846,6.720164700879572
198,C=C(CCCCCCCCCC)C(CCCCCCCCCC)C1CCCC2CCCCC21,<rdkit.Chem.rdchem.Mol object at 0x000002162725D0E0>,"[None, None, 'AddAtom']",33,Generation_5_Molecule_198,458.859,[None],,0.86342824,3.0685825,1.8729582,199.7602390937014,,,0.8735717,0.7959058622335295,0.12850688,0.11768354,6.608713,6.7756925,0.17263257503509521,0.17263257503509521,0.8705402,0.8705402,0.8273674,0.8273674,0.9999999994651199,4.741080402793061,5.956835635672155
199,CCCCCCCCCCC(CCCCC(=O)OCCCCCCCCC)C1CCCC2CCCCC21,<rdkit.Chem.rdchem.Mol object at 0x000002162725D380>,"[None, None, 'Esterify']",37,Generation_5_Molecule_199,518.9110000000001,[None],,0.9158326,3.5602622,1.9072101,193.96912139998406,,,0.9415097,0.7367455755450649,0.13930014,0.13015608,6.691648,6.849782,0.05374419689178467,0.05374419689178467,0.9360161,0.9360161,0.9462558,0.9462558,0.9999999984834462,4.87203216401079,6.612909972898479
200,CCCCCC=CCCCCC(CCCCCCCCCC)C1CCCC2CCCCC21,<rdkit.Chem.rdchem.Mol object at 0x000002162725CF20>,"[None, None, 'ReplaceBond']",32,Generation_5_Molecule_200,444.832,[None],,0.8419744,3.250285,1.6668518,190.16256274007463,,,0.8900813,0.7036391256088477,0.13299243,0.12765807,6.5635705,6.7245874,0.12869679927825928,0.12869679927825928,0.8349008,0.8349008,0.8713032,0.8713032,0.9999999978381825,4.669801590665026,6.636642876594336
201,CCCCCCCCCCCC(CCCCCCCC(=O)OCCCCC)C1CCCC2CCCCC21,<rdkit.Chem.rdchem.Mol object at 0x000002162725D070>,"[None, 'Esterify', None]",37,Generation_5_Molecule_201,518.9110000000001,[None],,0.9249935,3.5315099,1.9416295,195.40146337656344,,,0.9535066,0.7002970529883429,0.13940454,0.13069768,6.6916084,6.8508897,0.06069648265838623,0.06069648265838623,0.9359848,0.9359848,0.9393035,0.9393035,0.9999999987262479,4.871969579376577,6.957004257816969
202,CCCCCCCCCCC(CCCCOCOCOCCCCCCCCC)C1CCCC2CCCCC21,<rdkit.Chem.rdchem.Mol object at 0x00000216251B7B50>,"[None, None, 'Glycolate']",39,Generation_6_Molecule_202,550.953,[None],,,,,,,,,,,,,,,,,,,,,,
203,CCCCCCCCCCCC(CCCCCCCCCC)C1CCCC2CCCCCCCCCCC21,<rdkit.Chem.rdchem.Mol object at 0x00000216251B78B0>,"[None, None, 'AddFragment']",38,Generation_6_Molecule_203,531.01,[None],,,,,,,,,,,,,,,,,,,,,,
204,CCCCCCCCCCCC(CCCCCCCCCCOCOCC)C1CCCC2CCCCC21,<rdkit.Chem.rdchem.Mol object at 0x00000216251B5620>,"[None, None, 'Glycolate']",37,Generation_6_Molecule_204,520.927,[None],,,,,,,,,,,,,,,,,,,,,,
205,CCCCCCCCCCC(CCCCCCCCCCOCCC)C1CCCC2CCCCC21,<rdkit.Chem.rdchem.Mol object at 0x000002162725E7A0>,"[None, None, 'Glycolate']",35,Generation_6_Molecule_205,490.901,[None],,,,,,,,,,,,,,,,,,,,,,
206,CCCCCCCCCCCC(CCCCCCCCCC)C1CCC=C2CCCCC21,<rdkit.Chem.rdchem.Mol object at 0x000002162725F140>,"[None, None, 'ReplaceBond']",32,Generation_6_Molecule_206,444.832,[None],,,,,,,,,,,,,,,,,,,,,,
207,CCCCCCCCCCCC(CCC(O)CCCCCCC)C1CCCC2CCCCC21,<rdkit.Chem.rdchem.Mol object at 0x00000216251B6B20>,"[None, None, 'AddAtom']",33,Generation_6_Molecule_207,462.847,[None],,,,,,,,,,,,,,,,,,,,,,
208,CCCCCCCCCCCC(CCCCCCCCCOCCC)C1CCCC2CCCCC21,<rdkit.Chem.rdchem.Mol object at 0x000002162725DA80>,"[None, None, 'Glycolate']",35,Generation_6_Molecule_208,490.901,[None],,,,,,,,,,,,,,,,,,,,,,
209,CCCCCCCCCCCC(CCCCCCCCCC)C1C(O)CCC2CCCCC21,<rdkit.Chem.rdchem.Mol object at 0x000002162725DD90>,"[None, None, 'AddAtom']",33,Generation_6_Molecule_209,462.847,[None],,,,,,,,,,,,,,,,,,,,,,
210,CCCCCCCCCCCC(CCCCCCCCCC(=O)OCCC)C1CCCC2CCCCC21,<rdkit.Chem.rdchem.Mol object at 0x000002162725DE70>,"[None, None, 'Esterify']",37,Generation_6_Molecule_210,518.9110000000001,[None],,,,,,,,,,,,,,,,,,,,,,
211,CCCCCCCCCCCC(CCCCCCCCCC)C1CCCC2C(O)CCCC21,<rdkit.Chem.rdchem.Mol object at 0x000002162725F760>,"[None, None, 'AddAtom']",33,Generation_6_Molecule_211,462.847,[None],,,,,,,,,,,,,,,,,,,,,,
212,CCCCCC=CCCCC(CCCCCCCCCC)C1CCCC2CCCCC21,<rdkit.Chem.rdchem.Mol object at 0x000002162725F6F0>,"[None, None, 'RemoveAtom']",31,Generation_6_Molecule_212,430.80499999999995,[None],,,,,,,,,,,,,,,,,,,,,,
213,CCCCCCCCCCCC(CCCCCCCCCC)C1=C2CCCCC2CCC1,<rdkit.Chem.rdchem.Mol object at 0x000002162725DBD0>,"[None, None, 'ReplaceBond']",32,Generation_6_Molecule_213,444.832,[None],,,,,,,,,,,,,,,,,,,,,,
214,CCCCCCCCCCCC(CCCCCCCCCC)C1=CCCC2CCCCC12,<rdkit.Chem.rdchem.Mol object at 0x000002162725CF90>,"[None, None, 'ReplaceBond']",32,Generation_6_Molecule_214,444.832,[None],,,,,,,,,,,,,,,,,,,,,,
215,CCCCCCCCCCCC(CCCCCCCCOCOCCCC)C1CCCC2CCCCC21,<rdkit.Chem.rdchem.Mol object at 0x000002162725F220>,"[None, None, 'Glycolate']",37,Generation_6_Molecule_215,520.927,[None],,,,,,,,,,,,,,,,,,,,,,
216,CCCCCCCCCCCC(CCCCCC(=O)CCCC)C1CCCC2CCCCC21,<rdkit.Chem.rdchem.Mol object at 0x000002162725EFF0>,"[None, None, 'AddAtom']",33,Generation_6_Molecule_216,460.831,[None],,,,,,,,,,,,,,,,,,,,,,
217,CCCCCCCCCCC(CCCCCCCCCOC)C1CCCC2CCCCC21,<rdkit.Chem.rdchem.Mol object at 0x000002162725D310>,"[None, None, 'ReplaceAtom']",32,Generation_6_Molecule_217,448.82,[None],,,,,,,,,,,,,,,,,,,,,,
218,CCCCC=CC(CCCCCCCCCCC)C1CCCC2CCCCC21,<rdkit.Chem.rdchem.Mol object at 0x000002162725C9E0>,"[None, None, 'RemoveFragment']",28,Generation_6_Molecule_218,388.724,[None],,,,,,,,,,,,,,,,,,,,,,
219,CCCCCCCCCCCCCCCCCCCC(CCCCCCCCCC)C1CCCC2CCCCC21,<rdkit.Chem.rdchem.Mol object at 0x00000216251B7610>,"[None, None, 'AddFragment']",40,Generation_6_Molecule_219,559.064,[None],,,,,,,,,,,,,,,,,,,,,,
220,CCCC=CCCCCCC(CCCCCCCCCCC)C1CCCC2CCCCC21,<rdkit.Chem.rdchem.Mol object at 0x000002162725E5E0>,"[None, None, 'ReplaceBond']",32,Generation_6_Molecule_220,444.832,[None],,,,,,,,,,,,,,,,,,,,,,
221,CC=CCC(CCCCCCCCCC)C1CCCC2CCCCC21,<rdkit.Chem.rdchem.Mol object at 0x000002162725E420>,"[None, None, 'RemoveFragment']",25,Generation_6_Molecule_221,346.643,[None],,,,,,,,,,,,,,,,,,,,,,
222,CCCCCCCCCCCC(CCCCCCCCCC)C1CCCC2CCCCCCCCCC21,<rdkit.Chem.rdchem.Mol object at 0x000002162725F060>,"[None, None, 'AddFragment']",37,Generation_6_Molecule_222,516.983,[None],,,,,,,,,,,,,,,,,,,,,,
223,CCCCCCCCCCC(CCCCCCCOCOCCCCCC)C1CCCC2CCCCC21,<rdkit.Chem.rdchem.Mol object at 0x000002162725F530>,"[None, None, 'Glycolate']",37,Generation_6_Molecule_223,520.927,[None],,,,,,,,,,,,,,,,,,,,,,
224,CCCCCCCCCCCC(CCCCCCCCCCC(CC)CCCCC)C1CCCC2CCCCC21,<rdkit.Chem.rdchem.Mol object at 0x000002162725F290>,"[None, None, 'AddFragment']",40,Generation_6_Molecule_224,559.064,[None],,,,,,,,,,,,,,,,,,,,,,
225,CCCCCCCCCCCC(CCCCCOCOCOCCCCCCC)C1CCCC2CCCCC21,<rdkit.Chem.rdchem.Mol object at 0x000002162725EAB0>,"[None, None, 'Glycolate']",39,Generation_6_Molecule_225,550.953,[None],,,,,,,,,,,,,,,,,,,,,,
226,C=C(CCC)CCCCCCC(CCCCCCCCCCC)C1CCCC2CCCCC21,<rdkit.Chem.rdchem.Mol object at 0x000002162725D3F0>,"[None, None, 'AddAtom']",33,Generation_6_Molecule_226,458.859,[None],,,,,,,,,,,,,,,,,,,,,,
227,CCCCCCCCCCCC(CCCCCCCCCC)C1CCCC2CC(=O)OCCCCCC21,<rdkit.Chem.rdchem.Mol object at 0x000002162725CA50>,"[None, None, 'Esterify']",37,Generation_6_Molecule_227,518.9110000000001,[None],,,,,,,,,,,,,,,,,,,,,,
228,CCCCCCCCCCCC(CCCCCCCCCC)C1CCCC2CCCCCOC(=O)CC21,<rdkit.Chem.rdchem.Mol object at 0x000002162725E9D0>,"[None, None, 'Esterify']",37,Generation_6_Molecule_228,518.9110000000001,[None],,,,,,,,,,,,,,,,,,,,,,
229,CCCCCCCCCCC(CCCCCCCCCCOCOCOCCC)C1CCCC2CCCCC21,<rdkit.Chem.rdchem.Mol object at 0x000002162725D2A0>,"[None, None, 'Glycolate']",39,Generation_6_Molecule_229,550.953,[None],,,,,,,,,,,,,,,,,,,,,,
230,CCCCCCCCCCCC(CCC(C)CCCCCCC)C1CCCC2CCCCC21,<rdkit.Chem.rdchem.Mol object at 0x000002162725EC70>,"[None, None, 'AddAtom']",33,Generation_6_Molecule_230,460.875,[None],,,,,,,,,,,,,,,,,,,,,,
231,CCCCCCCCCCCC(CCCCCCCCCC)C1CCCC2CC=CCC21,<rdkit.Chem.rdchem.Mol object at 0x000002162725D850>,"[None, None, 'ReplaceBond']",32,Generation_6_Molecule_231,444.832,[None],,,,,,,,,,,,,,,,,,,,,,
232,CCCCCCCCCCC(CCCCCCCCCOCOCOCCCC)C1CCCC2CCCCC21,<rdkit.Chem.rdchem.Mol object at 0x000002162725E340>,"[None, None, 'Glycolate']",39,Generation_6_Molecule_232,550.953,[None],,,,,,,,,,,,,,,,,,,,,,
233,CCCCCCCCCCC(CCC(C)CCCCCCCC)C1CCCC2CCCCC21,<rdkit.Chem.rdchem.Mol object at 0x000002162725EB20>,"[None, None, 'AddAtom']",33,Generation_6_Molecule_233,460.875,[None],,,,,,,,,,,,,,,,,,,,,,
234,CCCCCCCCCCCC(CCCCCCCCCC)C1C(=O)CCC2CCCCC21,<rdkit.Chem.rdchem.Mol object at 0x000002162725DA10>,"[None, None, 'AddAtom']",33,Generation_6_Molecule_234,460.831,[None],,,,,,,,,,,,,,,,,,,,,,
235,CCCCCCCCCCCC(CCCCCCCCCC)C1C=CCC2CCCCC21,<rdkit.Chem.rdchem.Mol object at 0x000002162725E6C0>,"[None, None, 'ReplaceBond']",32,Generation_6_Molecule_235,444.832,[None],,,,,,,,,,,,,,,,,,,,,,
236,C=C(CCCCCCC)CCCC(CCCCCCCCCC)C1CCCC2CCCCC21,<rdkit.Chem.rdchem.Mol object at 0x000002162725F1B0>,"[None, None, 'AddAtom']",33,Generation_6_Molecule_236,458.859,[None],,,,,,,,,,,,,,,,,,,,,,
237,CCCC=CCCCCC(CCCCCCCCCCC)C1CCCC2CCCCC21,<rdkit.Chem.rdchem.Mol object at 0x000002162725EA40>,"[None, None, 'RemoveAtom']",31,Generation_6_Molecule_237,430.80499999999995,[None],,,,,,,,,,,,,,,,,,,,,,
238,CCCCCCCCCCCC(CCCCCC(=O)OCCCCCCC)C1CCCC2CCCCC21,<rdkit.Chem.rdchem.Mol object at 0x000002162725F610>,"[None, None, 'Esterify']",37,Generation_6_Molecule_238,518.9110000000001,[None],,,,,,,,,,,,,,,,,,,,,,
239,CCCCCCCCCCCC(CCCCCCC(=O)CCC)C1CCCC2CCCCC21,<rdkit.Chem.rdchem.Mol object at 0x000002162725D4D0>,"[None, None, 'AddAtom']",33,Generation_6_Molecule_239,460.831,[None],,,,,,,,,,,,,,,,,,,,,,
240,CCCCCCCCCCCC(CCCC(C)CCCCCC)C1CCCC2CCCCC21,<rdkit.Chem.rdchem.Mol object at 0x000002162725D7E0>,"[None, None, 'AddAtom']",33,Generation_6_Molecule_240,460.875,[None],,,,,,,,,,,,,,,,,,,,,,
241,CCCCCCCCCCC(CCCCCCC(=O)CCCC)C1CCCC2CCCCC21,<rdkit.Chem.rdchem.Mol object at 0x000002162725E3B0>,"[None, None, 'AddAtom']",33,Generation_6_Molecule_241,460.831,[None],,,,,,,,,,,,,,,,,,,,,,
242,CCCCCCCCCCC(CC(O)CCCCCCCCC)C1CCCC2CCCCC21,<rdkit.Chem.rdchem.Mol object at 0x000002162725EE30>,"[None, None, 'AddAtom']",33,Generation_6_Molecule_242,462.847,[None],,,,,,,,,,,,,,,,,,,,,,
243,CCCCCCCCCCCC(CCCOC(=O)CCCCCCCCC)C1CCCC2CCCCC21,<rdkit.Chem.rdchem.Mol object at 0x000002162725DAF0>,"[None, None, 'Esterify']",37,Generation_6_Molecule_243,518.9110000000001,[None],,,,,,,,,,,,,,,,,,,,,,
244,CCCCCCCCCCCC(CCOCOCOCCCCCCCCCC)C1CCCC2CCCCC21,<rdkit.Chem.rdchem.Mol object at 0x000002162725F0D0>,"[None, None, 'Glycolate']",39,Generation_6_Molecule_244,550.953,[None],,,,,,,,,,,,,,,,,,,,,,
245,CCCCCCCCCCCCC(CCCCCCCCCC)C1CCCC2CCCCC21,<rdkit.Chem.rdchem.Mol object at 0x000002162725E500>,"[None, None, 'AddAtom']",33,Generation_6_Molecule_245,460.875,[None],,,,,,,,,,,,,,,,,,,,,,
246,CCCCCCCCCCCC(CCCCCCCC(CC)CCCCCCC)C1CCCC2CCCCC21,<rdkit.Chem.rdchem.Mol object at 0x000002162725DB60>,"[None, None, 'AddFragment']",39,Generation_6_Molecule_246,545.037,[None],,,,,,,,,,,,,,,,,,,,,,
