SMILES,Thermal_Conductivity_40C,Thermal_Conductivity_100C,Density_40C,Density_100C,Heat_Capacity_40C,Heat_Capacity_100C,Viscosity_40C,Viscosity_100C
CCOCOCOCOCC,0.183,0.168,1.045,0.978,5.468060141,5.564520407,0.431782416,-0.248461359
C(C)(=O)OCCOCCOC(C)=O,0.172,0.159,1.24,1.17,5.463831805,5.59471138,1.30833282,0.198850859
COCCOCCOCCOC,0.158,0.147,0.966,0.909,5.564520407,5.666426688,0.39877612,-0.400477567
CCOCOCOCOCOCC,0.203,0.108,0.994,0.938,5.624017506,5.726847748,0.955511445,0.173953307
C1(CCCCC1)C(=O)OCC,0.137,0.127,0.947,0.894,5.303304908,5.468060141,0.457424847,-0.261364764
CCCC(=O)c1ccccc1,0.167,0.156,0.978,0.931,5.267858159,5.283203729,0.444685821,-0.463624022
CCCCc1ccccc1,0.128,0.114,0.844,0.794,5.204006687,5.365976015,-0.235722334,-0.867500568
C1CC[C@@H]2CCCC[C@@H]2C1,0.134,0.123,0.882,0.837,5.18178355,5.38907173,0.802001585,-0.083381609
C1CCC(C1)C2CCCC2,0.117,0.108,0.85,0.805,5.225746674,5.411646052,0.113328685,-0.579818495
CCCCCC1CCCC1,0.125,0.115,0.776,0.729,5.398162702,5.556828062,-0.155484903,-0.798507696
CCCCC1CCCCC1,0.124,0.115,0.784,0.737,5.393627546,5.560681631,-0.040821995,-0.673344553
CCCCCCCCC=C,0.13,0.12,0.725,0.678,5.438079309,5.587248658,-0.46203546,-1.078809661
CCCCCCC=CCC,0.135,0.124,0.73,0.683,5.493061443,5.59471138,-0.356674944,-1.021651248
CCCC(CCC)CCC,0.123,0.112,0.721,0.672,5.509388337,5.655991811,-0.616186139,-1.237874356
CCCCCCC(CCC)O,0.136,0.126,0.811,0.764,5.568344504,5.710427017,2.014903021,0.322083499
C(=C)OCCOCCOCCOC=C,0.204,0.191,1.093,1.037,5.669880923,5.771441123,1.098612289,0.262364264
C(CC)OCCOCCOCCC,0.178,0.164,0.869,0.818,5.683579767,5.796057751,0.693147181,-0.051293294
CCOCCOCCOCCOCC,0.197,0.183,1.058,0.998,5.736572297,5.840641657,1.029619417,0.231111721
CCCCCCCCCC,0.126,0.111,0.715,0.668,5.768320996,5.872117789,-0.356674944,-0.994252273
COCCOCCOCCOCCOC,0.16,0.156,0.993,0.938,5.786897381,5.886104031,0.88376754,-0.020202707
C(COCCOCCOCCOCCO)O,0.186,0.182,1.111,1.066,5.840641657,5.942799375,3.314186005,1.568615918
CCCCCOCCCCC,0.132,0.125,0.766,0.715,,,-0.224769873,-0.90090963
C1CCC(C1)c2ccccc2,0.139,0.13,0.933,0.885,5.204006687,5.384495063,0.266969031,-0.430782916
CCCCCc1ccccc1,0.14,0.131,0.845,0.799,5.327876169,5.488937726,-0.024292693,-0.709276562
[CH2]1CC[C]2(CC1)CC[CH2]CC2,0.118,0.11,0.874,0.831,5.33753808,5.525452939,0.783901544,-0.105360516
CC(C)CCC1CCCCC1,0.12,0.112,0.793,0.748,5.468060141,5.638354669,0.470003629,-0.328504067
CC(CC)(C)C1CCCCC1,0.109,0.102,0.814,0.771,5.472270674,5.641907071,0.916290732,-0.051293294
CCCCCC1CCCCC1,0.127,0.118,0.788,0.745,5.497168225,5.66296048,0.173953307,-0.274436846
CCCCCCC1CCCC1,0.128,0.119,0.781,0.737,5.513428746,5.666426688,0.076961041,-0.616186139
CCCCCCCCCC=C,0.134,0.123,0.735,0.69,5.537334267,5.686975356,-0.248461359,-0.891598119
CCCCCC=CCCCC,0.137,0.126,0.739,0.694,5.552959585,5.693732139,-0.174353387,-0.891598119
CCCCCCCCCCC,0.13,0.116,0.726,0.68,5.583496309,5.730099783,-0.139262067,-0.820980552
CCCCCCCCCC(C)=O,0.16,0.149,0.811,0.764,5.605802066,5.743003188,0.350656872,-0.46203546
C(CCCC)OCCOCCOCCO,0.191,0.178,0.96,0.916,5.814130532,5.926926026,1.960094784,0.832909123
COC(C)COC(C)COC(C)COC,0.179,0.166,1.026,0.969,5.80814249,5.926926026,1.386294361,0.405465108
CCCCCOc1ccccc1,0.157,0.147,0.911,0.863,,,0.58221562,-0.430167721
CC1=CC=CC2=CC=CC=C12,0.191,0.18,1.004,0.96,,,0.732367894,-0.14618251
CCOC(=O)C=Cc1ccccc1,0.166,0.156,1.032,0.981,,,1.70837786,0.2390169
O(c1ccccc1)c2ccccc2,0.142,0.132,1.058,1.01,5.267858159,5.424950017,0.940007258,-0.019182819
CCc1cccc2ccccc12,0.194,0.183,0.997,0.954,5.262690189,5.433722004,0.94090139,-0.057141943
C1CCC(CC1)c2ccccc2,0.139,0.131,0.928,0.883,5.318119994,5.497168225,0.678033543,-0.261364764
C1CCC(CC1)C2=CC=CC=C2,0.139,0.131,0.928,0.883,5.318119994,5.497168225,0.587786665,-0.223143551
O=C(c1ccccc1)c2ccccc2,0.184,0.174,1.085,1.045,5.33753808,5.497168225,2.0255132,0.457424847
C(C)C1CCCC2=CC=CC=C12,0.126,0.118,0.939,0.895,5.347107531,5.517452896,0.683096845,-0.15082289
CCCCCCc1ccccc1,0.143,0.134,0.844,0.801,5.433722004,5.59471138,0.182321557,-0.562118918
CCCC(CC)c1ccccc1,0.137,0.127,0.844,0.799,5.463831805,5.620400866,0.270027137,-0.446287103
C1CCC(CC1)C2CCCCC2,0.107,0.105,0.872,0.829,5.438079309,5.624017506,1.111857515,0.19062036
CC(C1CCCC1)C2CCCC2,0.118,0.11,0.864,0.821,5.455321115,5.638354669,0.518793793,-0.274436846
CCCCCC1CCCCC1C,0.123,0.115,0.801,0.752,5.568344504,5.730099783,0.246860078,-0.415515444
CCC(CC)CC1CCCCC1,0.122,0.113,0.82,0.773,5.568344504,5.730099783,0.559615788,-0.198450939
CCCC(CC)C1CCCCC1,0.122,0.114,0.81,0.768,5.564520407,5.733341277,0.518793793,-0.235722334
C1(=CC=C(C=C1)C(=O)OCC)C(=O)OCC,0.16,0.152,1.097,1.051,5.59471138,5.733341277,2.186051277,0.955511445
CC(CCC)(C)C1CCCCC1,0.114,0.106,0.819,0.772,5.568344504,5.736572297,1.280933845,0.182321557
CCCCCCC1CCCCC1,0.129,0.12,0.794,0.752,5.590986981,5.752572639,0.400117502,-0.415515444
CCCCCCCC1CCCC1,0.13,0.121,0.788,0.745,5.613128106,5.765191103,0.294161039,-0.46203546
CCCCCCCCCCC=C,0.137,0.126,0.743,0.699,5.627621114,5.774551546,-0.040821995,-0.733969175
CCCCCC=CCCCCC,0.14,0.13,0.746,0.703,5.641907071,5.783825182,0.039220713,-0.693147181
CCCCCC=CC(C)CCC,0.126,0.117,0.748,0.704,5.645446898,5.786897381,-0.328504067,-0.891598119
CCCCC/C(=C/CCCC)/C,0.127,0.117,0.754,0.709,5.645446898,5.786897381,-0.301105093,-0.867500568
CCCCCCC(C)CCCC,0.128,0.118,0.739,0.694,5.680172609,5.828945618,-0.030459207,-0.616186139
CCCCC(CC)CCC(C)C,0.121,0.111,0.739,0.694,5.680172609,5.831882477,-0.13694292,-0.750945799
CCCC(CC)(CCC)CCC,0.114,0.106,0.756,0.712,5.683579767,5.831882477,0.470003629,-0.46203546
CCCC(CC(C)C)CC(C)C,0.113,0.104,0.73,0.684,5.680172609,5.834810737,-0.248461359,-0.94160854
CCC(C)(C)CCC(C)(C)CC,0.099,0.091,0.747,0.702,5.683579767,5.837730447,0.463734016,-0.248461359
CCCCCCC(C)CC(C)C,0.121,0.112,0.734,0.689,5.690359454,5.843544417,0,-0.733969175
CCCCCCCCCCCCO,0.167,0.158,0.82,0.777,5.707110265,5.857933154,2.270061901,0.698134722
C(CCCCCCC)OCCCC,0.149,0.138,0.777,0.731,5.736572297,5.869296913,0.262364264,-0.478035801
C(C=CC(CCCCCCCC)O)O,0.181,0.167,0.921,0.88,5.755742214,5.894402834,3.17805383,1.481604541
CCCCCCCCCCCC,0.132,0.118,0.735,0.69,5.786897381,5.940171253,0.058268908,-0.673344553
CCCCCCC(C)CCC=C,0.129,0.12,0.749,0.706,5.648974238,5.945420609,-0.030459207,-0.755022584
CCCCOCCOCCOCCCC,0.145,0.139,0.867,0.819,5.834810737,5.953243334,0.476234179,-0.328504067
C(CCCCC)OCCOCCOCCO,0.2,0.185,0.953,0.909,5.883322388,5.998936562,2.163323026,0.993251773
C(C)OCCOCCOCCOCCOCC,0.212,0.199,1.069,1.019,5.924255797,6.02827852,1.704748092,0.78845736
C(COCCOCCOCCOCCCC)O,0.221,0.203,0.996,0.949,5.926926026,6.035481433,2.302585093,1.16315081
COCCOCCOCCOCCOCCOC,0.242,0.227,1.012,0.956,5.966146739,6.06610809,1.284494167,0.291474871
COCCOCCOCCOCCOCCOC,0.242,0.227,1.102,0.958,5.966146739,6.06610809,1.289232648,0.285178942
C(COCCOCCOCCOCCOCCO)O,0.186,0.18,1.4,1.34,6.013715156,6.11368218,3.411147713,1.928618652
OCCOCCOCCOCCOCCOCCO,0.186,0.18,1.4,1.34,6.013715156,6.11368218,3.681451938,1.927775273
CC1CCC(CC1C)C(C)(C)C,0.115,0.107,0.821,0.777,,,0.518793793,-0.415515444
C(c1ccccc1)c2ccccc2,0.155,0.146,0.991,0.943,5.252273428,5.433722004,0.741937345,-0.072570693
CCCc1ccc2ccccc2c1,0.198,0.186,0.961,0.918,5.370638028,5.533389489,1.156881197,0.086177696
C(CC)C1=CC=CC2=CC=CC=C12,0.198,0.187,0.976,0.933,5.384495063,5.545177444,1.064710737,0.029558802
CC(C)c1cccc2ccccc12,0.19,0.179,0.982,0.939,5.375278408,5.545177444,1.138717226,0.023237896
CCC1=C(C2=CC=CC=C2C=C1)C,0.185,0.175,0.984,0.941,5.384495063,5.545177444,0.993251773,0.09531018
CCC1=CC=CC2=C(C=CC=C21)C,0.185,0.175,1.015,0.968,5.384495063,5.545177444,0.955511445,0.09531018
C1(=CC=CC=C1)CC1=C(C=CC=C1)O,0.175,0.165,1.111,1.065,5.407171771,5.564520407,3.36729583,1.85629799
Cc1ccccc1C2CCCCC2,0.128,0.121,0.922,0.88,5.433722004,5.609471795,1.01884732,-0.174353387
CC(C)C1CCCc2ccccc12,0.116,0.109,0.957,0.91,5.455321115,5.627621114,0.966983846,-0.105360516
CC(C)(C)c1ccc2CCCc2c1,0.105,0.099,0.915,0.872,5.468060141,5.638354669,1.026310377,0.045355702
C1CCC2CCC3C(C12)CCCC3,0.119,0.112,0.911,0.868,5.455321115,5.645446898,0.832909123,-0.174353387
C(C)C1=CC=C(C2=CC=CC=C12)C,0.184,0.174,0.984,0.94,5.493061443,5.648974238,0.955511445,0.086177696
CCCCCCCc1ccccc1,0.145,0.136,0.843,0.798,5.533389489,5.693732139,0.371563556,-0.415515444
C(CCCCC)C1=CC=C(C=C1)C,0.133,0.124,0.843,0.799,5.564520407,5.717027701,0.300104592,-0.46203546
C1CCC(CC1)CC2CCCCC2,0.115,0.108,0.863,0.821,5.537334267,5.717027701,1.258756401,0.153424702
CCCCC(C)(C)c1ccccc1,0.126,0.118,0.859,0.815,5.560681631,5.720311777,0.384507014,-0.46593193
CC1C(CCCC1)C1CCCCC1,0.121,0.114,0.874,0.83,5.537334267,5.720311777,0.993496188,-0.012376271
C1(CCCCC1)C1CC(CCC1)C,0.122,0.114,0.879,0.837,5.537334267,5.720311777,1.064710737,0.2390169
CC(C)C(C(C)C)C1=CC=CC=C1,0.126,0.117,0.856,0.811,5.556828062,5.723585102,0.993251773,0.518793793
C(CC)C1CC2CCCCC2CC1,0.121,0.114,0.875,0.831,5.556828062,5.730099783,0.198850859,-0.415515444
Cc1ccccc1c2ccccc2,0.2,0.189,0.997,0.953,5.624017506,5.786897381,1.150572028,0.048790164
C(CC)OCCOCCOCCC,0.178,0.164,0.869,0.818,5.683579767,5.796057751,0.693147181,-0.051293294
C(CCC)OC(C)C1=CC=C(C=C1)OC,0.159,0.15,1.012,0.946,5.680172609,5.814130532,1.931521412,0.693147181
CC(C)C(C(C)C)C1CCCCC1,0.11,0.103,0.815,0.771,5.65248918,5.826000107,0.570979547,-0.186329578
CCCCCCCC1CCCCC1,0.135,0.125,0.797,0.753,5.673323267,5.837730447,0.604315967,-0.261364764
CCCCCCCCC1CCCC1,0.134,0.125,0.798,0.755,5.707110265,5.855071922,0.494696242,-0.314710745
CCCCCCCCCCCC=C,0.139,0.129,0.751,0.707,5.707110265,5.857933154,0.157003749,-0.597837001
CCCCCC=CCCCCCC,0.142,0.132,0.752,0.711,5.723585102,5.866468057,0.182321557,-0.562118918
CCCCC(CCCC)=CCCC,0.125,0.116,0.757,0.712,5.726847748,5.869296913,0.039220713,-0.776528789
CCCCCCCCCCCCC,0.133,0.12,0.742,0.699,5.746203191,5.894402834,0.270027137,-0.510825624
CCCCC(CCCC)CCCC,0.129,0.119,0.745,0.7,5.762051383,5.908082938,0.113328685,-0.733969175
CCCCCC(C)(CC)CCCC,0.112,0.104,0.743,0.702,5.762051383,5.910796644,0.227669295,-0.641503947
CCCC(CCC)(CCC)C(C)C,0.109,0.101,0.768,0.726,5.762051383,5.913503006,0.262364264,-0.510825624
CC(C)(CCCCCCCCCC)O,0.138,0.126,0.906,0.858,5.81711116,5.958424693,3.850147602,1.757857918
C(COCCOCCCCCCCCC)O,0.188,0.173,0.943,0.899,5.905361848,6.03068526,1.987874348,0.832909123
C(CCCCCC)OCCOCCOCCO,0.198,0.184,1.037,0.991,5.948034989,6.06610809,2.302585093,1.131402111
CCCCCOC(C)(C)CC(C)(C)C,0.116,0.107,0.838,0.791,,,1.223775432,0.09531018
CC(C)C1CCCC2CCCCC12,,,,,,,,
C=C(c1ccccc1)c2ccccc2,0.148,0.139,1.007,0.96,5.379897354,5.549076085,1.589235205,0.157003749
CCc1cccc(c1)c2ccccc2,0.205,0.194,0.984,0.929,5.398162702,5.564520407,1.201746328,0.083357209
CCc1ccccc1c2ccccc2,0.202,0.191,0.983,0.939,5.398162702,5.564520407,1.212494392,0.076822143
CC(c1ccccc1)c2ccccc2,0.151,0.143,0.985,0.945,5.398162702,5.572154032,1.32972401,0.148420005
Cc1cccc(Cc2ccccc2)c1,0.145,0.136,0.978,0.935,5.424950017,5.590986981,0.91776165,-0.018418586
Cc1ccc(Cc2ccccc2)cc1,0.145,0.136,0.979,0.936,5.424950017,5.590986981,0.802951807,-0.076190138
Cc1ccccc1Cc2ccccc2,0.145,0.136,0.988,0.945,5.424950017,5.590986981,1.163500749,0.091849654
CC1=C(C=CC=C1)CC1=CC=CC=C1,0.144,0.136,0.988,0.945,5.424950017,5.590986981,1.10856262,0.09531018
CC1=C(C=CC=C1)C(C1=CC=CC=C1)=O,0.171,0.162,1.094,1.05,5.455321115,5.605802066,1.667706821,0.693147181
C1CCC(C1)c2ccc3CCCc3c2,0.119,0.113,0.978,0.939,5.442417711,5.624017506,1.744196052,0.273532437
C(OCc1ccccc1)c2ccccc2,0.175,0.166,1.025,0.978,5.488937726,5.645446898,1.16315081,0.182321557
C(C1=CC=CC=C1)C1=CC=C(C=C1)OC,0.159,0.15,1.039,0.996,5.493061443,5.645446898,1.30833282,0.405465108
CC(C)Cc1cccc2ccccc12,0.193,0.182,0.958,0.916,5.484796933,5.648974238,1.43869704,0.17462535
CCCCc1cccc2ccccc12,0.201,0.189,0.961,0.92,5.484796933,5.648974238,1.368639426,0.2390169
C(C)C1=C(C=C(C2=CC=CC=C12)C)C,0.173,0.164,0.997,0.953,5.493061443,5.648974238,0.832909123,-0.083381609
CC=1C(=CC2=CC=CC=C2C1)CCC,0.187,0.177,1.004,0.96,5.488937726,5.648974238,1.131402111,0.21511138
CC1=CC=C(C2=CC=CC=C12)C(C)C,0.183,0.173,1.006,0.962,5.488937726,5.65248918,1.609437912,0.470003629
O(C1=CC=CC=C1)CCOC1=CC=CC=C1,0.191,0.181,1.156,1.106,5.552959585,5.697093487,2.140066163,0.993251773
C1CCC(CC1)CCc2ccccc2,0.144,0.135,0.912,0.869,5.529429088,5.703782475,1.071583616,0.086177696
C1(CCCCC1)C1=C(C=C(C=C1)C)C,0.117,0.111,0.918,0.876,5.537334267,5.707110265,1.280933845,0.405465108
C1(CCCCC1)C1=C(C=C(C=C1)C)C,0.117,0.111,0.918,0.876,5.537334267,5.707110265,1.280933845,0.405465108
CC(C1CCCCC1)c2ccccc2,0.135,0.128,0.921,0.879,5.529429088,5.707110265,1.363537374,0.207014169
C1CCC(C1)CCCc2ccccc2,0.146,0.137,0.903,0.86,5.537334267,5.710427017,0.828551818,-0.020202707
CCCCC1CCCc2ccccc12,0.13,0.123,0.921,0.879,5.552959585,5.717027701,1.281242131,0.133393883
Cc1cc(C)c(C2CCCC2)c(C)c1,0.105,0.099,0.93,0.887,5.552959585,5.717027701,1.451309331,0.20939345
CCC(C)C1CCCc2ccccc12,0.124,0.117,0.915,0.872,5.556828062,5.720311777,1.300191662,0.039220713
C1CCC2C(C1)CCC3CCCCC23,0.12,0.113,0.931,0.894,5.545177444,5.733341277,1.559703403,0.412679025
CCCCCCCCc1ccccc1,0.148,0.139,0.842,0.798,5.620400866,5.780743516,0.548121409,-0.301105093
CCCCCCC(C)c1ccccc1,0.142,0.132,0.843,0.798,5.648974238,5.805134969,0.570979547,-0.328504067
CC(CCCCCC)C1=CC=CC=C1,0.142,0.132,0.842,0.798,5.513428746,5.805134969,0.524728529,-0.301105093
C(C)C1C(CCCC1)C1CCCCC1,0.122,0.115,0.88,0.84,5.627621114,5.805134969,1.426091831,0.250914348
CC(C1CCCCC1)C2CCCCC2,0.123,0.116,0.881,0.838,5.627621114,5.80814249,1.935859813,0.371563556
C1(CCCCC1)CC1CCC(CC1)C,0.122,0.115,0.864,0.824,5.627621114,5.80814249,1.382045347,0.211880359
CC(C)CCC(C)(C)c1ccccc1,0.122,0.115,0.856,0.812,5.648974238,5.811140993,0.65987991,-0.249076933
C1CCC(CC1)CCCC2CCCC2,0.13,0.122,0.854,0.813,5.634789603,5.811140993,1.16315081,0.165514438
CC(C)(C)c1cccc(c1O)C(C)(C)C,0.097,0.092,0.923,0.878,5.723585102,5.877735782,1.728162727,0.275356423
CCCCCCC(C)C1CCCCC1,0.13,0.121,0.81,0.767,5.736572297,5.897153868,0.867100488,-0.127833372
CC(C)(C)C1CCC(CC1)C(C)(C)C,0.094,0.087,0.844,0.797,5.746203191,5.908082938,1.280933845,0.262364264
CCCCCCCCC1CCCCC1,0.135,0.126,0.8,0.758,5.752572639,5.913503006,0.806475866,-0.127833372
CC(=C)CCCCCCCCC(C)=C,0.113,0.106,0.794,0.75,5.780743516,5.924255797,0.182321557,-0.597837001
CCCCCCCCCCCCC=C,0.141,0.131,0.758,0.715,5.783825182,5.932245187,0.343589704,-0.446287103
CCCCCCCCCC1CCCC1,0.134,0.125,0.87,0.824,5.793013608,5.937536205,0.683096845,-0.174353387
CCCCCCC=CCCCCCC,0.144,0.134,0.76,0.719,5.799092654,5.942799375,0.405465108,-0.430782916
C(COCCOCCOCCOCCO)O,0.186,0.182,1.112,1.065,5.840641657,5.942799375,3.314186005,1.568615918
CC(=CCCCCC)CCCCCC,0.128,0.12,0.76,0.72,5.802118375,5.945420609,-0.287682072,-1.171182982
CC(=CC(C)(C)C(C)(C)C)C(C)(C)C,0.077,0.072,0.787,0.744,5.805134969,5.96100534,0.722705983,-0.210721031
C=1(C(=CC=CC1)C(=O)OCCOC)C(=O)OCCOC,0.2,0.189,1.16,1.112,5.828945618,5.96100534,3.095577609,1.430311247
CCCCCCCCCCCCCC,0.138,0.124,0.748,0.708,5.82008293,5.96870756,0.470003629,-0.371063681
CC(C)CCCCCCCCCCC,0.133,0.124,0.747,0.705,5.82008293,5.97126184,0.418710335,-0.400477567
CCCCCCC(C)CCCCCC,0.134,0.124,0.749,0.707,5.834810737,5.978885765,0.39877612,-0.46203546
CC(C)CCCCCCCCC(C)C,0.127,0.118,0.755,0.713,5.831882477,5.981414211,0.019802627,-0.84397007
CCC(CC)CCCCC(CC)CC,0.125,0.116,0.763,0.72,5.831882477,5.981414211,0.28911854,-0.5642264
CC(CC(C)(C)C(C)(C)C)C(C)(C)C,0.08,0.074,0.787,0.746,5.837730447,5.996452089,1.088561953,0.058268908
C(CCC(=O)OCCCCC)(=O)OCCCCC,0.169,0.158,0.945,0.898,5.899897354,6.040254711,1.824549292,0.693147181
C(CCCCC(=O)OCC(C)C)(=O)OCC(C)C,0.157,0.147,0.934,0.882,5.897153868,6.045005314,1.291983682,0.262364264
C(CCCCC(=O)OCC(C)C)(=O)OCC(C)C,0.157,0.147,0.934,0.882,5.897153868,6.045005314,1.291983682,0.254642218
C(CCC(=O)OCCC(C)C)(=O)OCCC(C)C,0.157,0.147,0.942,0.894,5.897153868,6.045005314,2.174751721,0.875468737
C(CCCCCCC)OCCOCCOCCO,0.219,0.199,0.939,0.896,6.011267174,6.12905021,2.564949357,1.360976553
CC(OCCOCCOCCOCCOCCOC)C,0.239,0.225,1.159,1.106,6.08221891,6.190315406,2.890371758,1.648658626
C(CCC)OCCOCCOCCOCCOCCO,0.265,0.239,1.017,0.972,6.086774727,6.192362489,3.044522438,1.791759469
CC(C)Cc1cccc2CCCCc12,0.117,0.11,0.924,0.882,,,1.404831482,0.152068514
CC(C)c1ccccc1C2CCCC2,,,,,,,,
CC(C)CCC(C)(C)C1CCCCC1,,,,,,,,
CC(c1ccccc1)c2ccc(C)cc2,0.14,0.132,0.974,0.931,5.525452939,5.549076085,1.477733421,0.032864014
C(Cc1ccccc1)Cc2ccccc2,0.162,0.153,0.972,0.928,5.521460918,5.686975356,1.258074551,0.187640718
CC(Cc1ccccc1)c2ccccc2,0.152,0.144,0.963,0.916,5.521460918,5.690359454,1.420695788,0.246860078
CCc1ccc(Cc2ccccc2)cc1,0.147,0.139,0.965,0.923,5.529429088,5.690359454,0.872631383,-0.012467396
CCCc1ccccc1c2ccccc2,0.205,0.194,0.967,0.924,5.529429088,5.690359454,1.486139696,0.277631737
CCc1cccc(Cc2ccccc2)c1,0.146,0.138,0.966,0.924,5.529429088,5.690359454,0.954949749,0.034285478
CCC(c1ccccc1)c2ccccc2,0.152,0.143,0.976,0.933,5.521460918,5.690359454,1.284040127,0.129500781
CCc1ccccc1Cc2ccccc2,0.146,0.137,0.979,0.936,5.529429088,5.690359454,1.205488655,0.132711056
CC(C)c1ccccc1c2ccccc2,0.199,0.187,0.969,0.925,5.525452939,5.693732139,1.749199855,0.371563556
C1(=C(C=CC=C1)CC1=C(C=CC=C1)C)C,0.132,0.124,0.967,0.925,5.533389489,5.693732139,0.78845736,-0.116533816
CC1=CC=C(C=C1)C(C)C1=CC=CC=C1,0.14,0.132,0.974,0.931,5.525452939,5.693732139,1.686398954,0.530628251
Cc1ccc(Cc2ccccc2)cc1C,0.133,0.125,0.979,0.936,5.533389489,5.693732139,1.549473448,0.365642614
CC(C)(c1ccccc1)c2ccccc2,0.142,0.134,0.985,0.942,5.525452939,5.693732139,1.502208986,0.2838397
C(C)C1=CC=C(C(=O)C2=CC=CC=C2)C=C1,0.172,0.164,1.07,1.029,5.552959585,5.703782475,1.871802177,0.832909123
CC=1C=C(C(=O)C2=CC=CC=C2)C=CC1C,0.161,0.152,1.079,1.038,5.556828062,5.707110265,1.887069649,0.916290732
CCCCCc1cccc2ccccc12,0.203,0.192,0.953,0.913,5.579729826,5.743003188,1.597365331,0.392042088
Cc1ccc(C)c(CC2CCCCC2)c1,0.119,0.112,0.937,0.896,5.631211782,5.796057751,1.961759595,0.432509425
CCCCCC1CCCc2ccccc12,0.131,0.124,0.914,0.874,5.641907071,5.805134969,1.364028302,0.187408596
C1CCC(C1)C2CCC(C2)C3CCCC3,0.123,0.116,0.881,0.836,5.624017506,5.814130532,1.050821625,0.182321557
C1CCC(C1)C2CCC(C2)C3CCCC3,0.123,0.116,0.896,0.857,5.624017506,5.814130532,1.08180517,0.198850859
C(C)OCCOCCOCCOCC,0.197,0.183,1.058,0.998,5.736572297,5.840641657,1.029619417,0.231111721
CCCCCCCC(C)c1ccccc1,0.15,0.141,0.844,0.801,5.703782475,5.863631176,0.782055091,-0.173104168
CC1=CC=C(C=C1)CCCCCCCC,0.137,0.128,0.844,0.804,5.733341277,5.886104031,0.700122794,-0.162518929
CCCCCCCc1ccc(C)c(C)c1,0.119,0.112,0.859,0.818,5.739792912,5.886104031,1.521698998,-0.010050336
CC1=C(C=C(C=C1)CCCCCCC)C,0.119,0.112,0.859,0.818,5.739792912,5.886104031,0.916290732,0.223143551
C1CCC(CC1)CCCC2CCCCC2,0.13,0.123,0.859,0.819,5.710427017,5.886104031,1.70118174,0.463016778
CC(CC1CCCCC1)C2CCCCC2,0.115,0.109,0.87,0.831,5.710427017,5.888877958,1.72015605,0.435451004
C(CC)C1C(CCCC1)C1CCCCC1,0.124,0.117,0.877,0.838,5.713732806,5.888877958,1.690069985,0.34799135
CCC(C1CCCCC1)C2CCCCC2,0.123,0.116,0.883,0.845,5.710427017,5.888877958,1.731867912,0.424908194
C1(CCCCC1)CC1CC(CCC1)CC,0.124,0.117,0.889,0.848,5.713732806,5.888877958,1.435084525,0.336472237
C(C)(C)C1C(CCCC1)C1CCCCC1,0.118,0.111,0.884,0.841,5.710427017,5.891644212,1.75157616,0.46341321
CC(C)(C1CCCCC1)C2CCCCC2,0.112,0.106,0.895,0.856,5.713732806,5.891644212,2.166335724,0.711615585
CCCCCCCCCOc1ccccc1,0.164,0.154,0.881,0.837,5.780743516,5.92157842,1.266947603,0.113328685
C(CCC)C1C(CCCC1)CCCCC,0.133,0.125,0.812,0.771,5.814130532,5.97126184,0.78845736,0.019802627
CC(CC)CC(CC)(C1CCCCC1)C,0.114,0.106,0.838,0.794,5.811140993,5.976350909,1.547562509,0.530628251
CCCCCCCCCC1CCCCC1,0.136,0.128,0.805,0.766,5.85220248,6.001414878,0.985816795,0
CCCCCCCCCCCCCC=C,0.143,0.126,0.762,0.72,5.85220248,6.003887067,0.530628251,-0.301105093
CCCCCCC=CCCCCCCC,0.147,0.137,0.763,0.724,5.869296913,6.013715156,0.587786665,-0.274436846
CCCCCCCCCCC1CCCC1,0.136,0.127,0.798,0.756,5.869296913,6.013715156,0.862889955,-0.040821995
CC(C=C)CCCCCCCCCCC,0.135,0.126,0.761,0.721,5.874930731,6.021023349,0.470003629,-0.356674944
CCCCCCCCCCCCCCC,0.143,0.131,0.755,0.713,5.886104031,6.035481433,0.667829373,-0.242071561
CC(C)CCCCCCCCCCCC,0.132,0.123,0.753,0.714,5.886104031,6.040254711,0.587786665,-0.261364764
CCCCCCCCCCC(CC)CC,0.134,0.125,0.763,0.724,5.902633333,6.047372179,0.579653682,-0.293405084
CCC(CC)CCCCCC(CC)CC,0.127,0.118,0.769,0.728,5.902633333,6.049733455,0.415369233,-0.126833871
CC(CCCCCCCCCCCCC)=O,0.171,0.161,0.818,0.78,5.918893854,6.056784013,0.841567186,0.09531018
CCCCCCCCCCCCCC(=O)OC,0.16,0.149,0.852,0.807,5.934894196,6.075346031,1.075302719,0.078238003
CC(C)CCCC(CCCC(CC)C)(O)C,0.126,0.116,0.899,0.853,5.948034989,6.098074282,3.850147602,1.85629799
C(CCCC(=O)OCCC(C)C)(=O)OCCC(C)C,0.159,0.149,0.93,0.882,5.963579344,6.109247583,2.397895273,1.064710737
CCCC(=O)OCC(COC(=O)CCC)OC(=O)CCC,0.181,0.169,1.017,0.969,5.991464547,6.135564891,1.702928256,0.482426149
C(CCCC)OCCOCCOCCOCCOCCO,0.276,0.248,1.006,0.962,6.139884552,6.248042875,3.295836866,2.00148
C(COCCOCCOCCOCCOCCCCC)O,0.276,0.248,1.006,0.962,6.139884552,6.248042875,3.295836866,2.00148
CCCCC(CC)COC(=O)c1ccccc1,,,0.95,0.904,,,1.286474026,0.148420005
C1CCC(CC1)c2ccc3CCCc3c2,,,,,,,,
CC(C)c1ccc(C)c(c1)C2CCCC2,,,,,,,,
CC[C@@H]1CC[C@@H](CC1)CC2CCCCC2,,,,,,,,
CC[C@@H]1CCCC[C@@H]1CC2CCCCC2,,,,,,,,
CC1CCC(CC1)C(C)C2CCCCC2,,,,,,,,
CCC1CCCC(C1)CC2CCCCC2,,,,,,,,
CCCCCCCC1CCC(C)C(C)C1,,,,,,,,
CC(C)(C)C(=O)OCC(C)(C)COC(=O)C(C)(C)C,,,,,,,,
CCCCC(CC)COC(=O)C1CCCCC1,,,,,,,,
CCCCOC(=O)CCC(C)CC(=O)OCCCC,,,,,,,,
CCCCOC(=O)CCC(CC)C(=O)OCCCC,,,,,,,,
C1(CCCCC1)C1=CC2=CC=CC=C2C=C1,0.2,0.19,1.009,0.97,5.549076085,5.726847748,2.833213344,1.589235205
C1(CCCCC1)C1=CC=CC2=CC=CC=C12,0.2,0.191,1.028,0.989,5.549076085,5.726847748,2.772588722,1.547562509
C1(=CC=CC=C1)C(=CCC)C1=CC=CC=C1,0.15,0.142,0.981,0.941,5.575949103,5.739792912,1.960094784,0.832909123
CCC(Cc1ccccc1)c2ccccc2,0.152,0.144,0.953,0.902,5.613128106,5.780743516,1.565289558,0.240448945
CCCCc1ccccc1c2ccccc2,0.208,0.196,0.954,0.912,5.620400866,5.780743516,1.578978705,0.343589704
CCCC(c1ccccc1)c2ccccc2,0.152,0.143,0.962,0.921,5.613128106,5.780743516,1.431435017,0.225189457
C1(=CC=CC=C1)CC(CC1=CC=CC=C1)C,0.153,0.145,0.994,0.949,5.613128106,5.780743516,2.397895273,1.098612289
CC(Cc1ccccc1)Cc2ccccc2,0.153,0.145,0.994,0.949,5.613128106,5.780743516,1.684077743,0.34642964
CC(CCc1ccccc1)c2ccccc2,0.153,0.145,,,5.613128106,5.780743516,,
CC(C)Cc1ccccc1c2ccccc2,0.201,0.19,0.95,0.907,5.616771098,5.783825182,1.740466175,0.280823607
C1(=CC=CC=C1)CC(C)(C)C1=CC=CC=C1,0.141,0.133,0.957,0.914,5.616771098,5.783825182,1.526056303,0.457424847
CCC(C)c1ccccc1c2ccccc2,0.199,0.188,0.958,0.916,5.616771098,5.783825182,1.912952979,0.363336705
C1(=CC=CC=C1)C(C(C)C)C1=CC=CC=C1,0.149,0.14,0.962,0.92,5.613128106,5.783825182,2.397895273,1.064710737
CCc1ccc(cc1)C(C)c2ccccc2,0.139,0.132,0.963,0.922,5.616771098,5.783825182,1.521698998,0.207014169
C(C)C1=CC=C(C=C1)C(C)C1=CC=CC=C1,0.139,0.132,0.963,0.922,5.616771098,5.783825182,1.740466175,0.587786665
CC(C)c1ccc(Cc2ccccc2)cc1,0.14,0.133,0.973,0.933,5.616771098,5.783825182,1.100799894,0.137664091
CCC(C)(c1ccccc1)c2ccccc2,0.143,0.135,0.981,0.939,5.616771098,5.783825182,1.995720201,0.508039747
CC(c1ccccc1)c2cc(C)ccc2C,0.126,0.119,0.972,0.931,5.624017506,5.786897381,1.458615023,0.570979547
C1CCC(C1)C2=CC=CC=C2C3CCCC3,0.128,0.121,0.966,0.919,5.613128106,5.796057751,2.833213344,1.504077397
C1CCC(C1)c2ccccc2C3CCCC3,0.128,0.121,0.966,0.926,5.613128106,5.796057751,2.798621899,1.427196352
C1(=CC=CC=C1)C1CC2CCCCC2CC1,0.136,0.129,0.971,0.931,5.609471795,5.796057751,2.186051277,1.029619417
CC1=C(C(=CC(=C1)C)C)C(C1=CC=CC=C1)=O,0.145,0.138,1.038,0.998,5.648974238,5.799092654,1.62924054,0.587786665
CCCCCCc1ccc2ccccc2c1,0.208,0.197,0.934,0.893,5.655991811,5.814130532,1.45395301,0.285178942
CC(=C)C1C(CC(CC1)C)C1=CC=CC=C1,0.124,0.116,0.93,0.887,5.676753802,5.846438775,1.252762968,0.336472237
C(C)(C)C1C=CC(C2=CC=CC=C12)C(C)C,0.124,0.117,0.933,0.893,5.693732139,5.860786223,2.302585093,0.993251773
C(CCCCCC)C=1C=C2CCCC2=CC1,0.128,0.121,0.9,0.861,5.733341277,5.891644212,1.712716262,0.380967477
C1CCC(C1)C(C2CCCC2)C3CCCC3,0.123,0.116,0.923,0.883,5.707110265,5.897153868,1.722766598,0.476234179
CCC(CC1CCCCC1)C2CCCCC2,0.125,0.118,0.9,0.85,5.746203191,5.92157842,1.950044448,0.520577915
CCCCCCCCCCc1ccccc1,0.153,0.144,0.842,0.8,5.777652323,5.937536205,0.90016135,-0.020202707
C(CCC)C1=C(C=CC=C1)CCCCCC,0.136,0.128,0.849,0.81,5.811140993,5.958424693,0.955511445,0.076961041
CCCCCCCCC(C)c1ccccc1,0.146,0.136,0.846,0.802,5.805134969,5.96100534,0.904347697,-0.116286656
CC1=C(C=C(C=C1)C)CCCCCCCC,0.125,0.117,0.852,0.812,5.814130532,5.96100534,0.405465108,-0.342490309
C1CCC(CC1)CCCCC2CCCCC2,0.132,0.125,0.861,0.824,5.786897381,5.96100534,1.873210416,0.585740128
CCCCC1CCC(CC1)C2CCCCC2,0.125,0.118,0.872,0.833,5.789960171,5.96100534,1.731754655,0.336072157
CC(CC1CCCCC1)CC2CCCCC2,0.125,0.118,0.861,0.82,5.786897381,5.963579344,1.807613133,0.479582604
CC(CCC1CCCCC1)C2CCCCC2,0.125,0.118,0.868,0.831,5.786897381,5.963579344,2.030912843,0.630239329
CCCC(C1CCCCC1)C2CCCCC2,0.125,0.118,0.88,0.846,5.786897381,5.963579344,2.262804223,0.732367894
CCC(C)(C1CCCCC1)C2CCCCC2,0.114,0.107,0.901,0.863,5.789960171,5.966146739,2.5094895,0.853291292
CCCCOC(=O)c1ccccc1C(=O)OCCCC,0.15,0.14,1.029,0.982,5.874930731,6.023447593,2.308926941,0.819083554
C1(=CC=C(C=C1)C(=O)OCCCC)C(=O)OCCCC,0.168,0.159,1.19,1.14,5.874930731,6.023447593,3.044522438,1.589235205
C=1(C(=CC=CC1)C(=O)OCC(C)C)C(=O)OCC(C)C,0.154,0.145,1.022,0.98,5.874930731,6.02827852,2.890371758,0.542324291
C=1(C(=CC=CC1)C(=O)OCC(C)C)C(=O)OCC(C)C,0.154,0.145,1.022,0.98,5.874930731,6.02827852,2.890371758,0.542324291
C(C=1C(C(=O)OC(C)CC)=CC=CC1)(=O)OC(C)CC,0.153,0.145,1.17,1.12,5.874930731,6.02827852,3.496507561,1.824549292
C(C1=CC=C(C(=O)OCC(C)C)C=C1)(=O)OCC(C)C,0.156,0.148,1.18,1.13,5.874930731,6.02827852,3.17805383,1.887069649
C(C1=CC(C(=O)OCC(C)C)=CC=C1)(=O)OCC(C)C,0.156,0.148,1.2,1.15,5.874930731,6.02827852,3.555348061,1.902107526
C(CCCC)C1CCC(CC1)CCCCC,0.13,0.122,0.809,0.769,5.883322388,6.040254711,0.832909123,0.019802627
C(CCC)C1C(CCCC1)CCCCCC,0.13,0.122,0.814,0.773,5.883322388,6.040254711,0.832909123,0.029558802
CCCCCCCCCCC1CCCCC1,0.138,0.129,0.805,0.765,5.891644212,6.052089169,1.160020917,0.113328685
C(=C)C(CCCC)CCC=CCCCCC,0.144,0.134,0.775,0.735,5.908082938,6.054439346,0.641853886,-0.248461359
CCCCCCCCCCCCCCC=C,0.146,0.136,0.768,0.726,5.918893854,6.068425588,0.703097511,-0.174353387
CCCCCC=CCCCCCCCCC,0.149,0.139,0.77,0.731,5.937536205,6.077642243,0.741937345,-0.139262067
CCCCCCCCCCCC1CCCC1,0.138,0.129,0.893,0.849,5.942799375,6.084499413,1.033184483,0.076961041
CC(C)(C=CC(CCCCCCCC)C)C,0.124,0.116,0.77,0.731,5.937536205,6.086774727,0.78845736,-0.105360516
CCCCCCCCCCCCCCCC,0.14,0.13,0.76,0.72,5.950642553,6.098074282,0.802001585,-0.105360516
CC(C)CCCCCCCCCCCCC,0.138,0.128,0.757,0.716,5.950642553,6.102558595,0.792992516,-0.127833372
CCCCCCC(CCC)CCCCCC,0.135,0.126,0.762,0.721,5.966146739,6.11146734,0.708035793,-0.301105093
CC(CCCCC)CCCCCCCCC,0.136,0.127,0.764,0.725,5.966146739,6.11146734,0.78845736,-0.116533816
CCCCC(CC)CCC(CC)CCCC,0.125,0.117,0.77,0.73,5.966146739,6.11368218,0.618261983,-0.324761081
CCC(CC)(CC)CCC(CC)(CC)CC,0.1,0.094,0.769,0.733,5.96870756,6.118097198,1.387915546,0.190165711
CCCCCCCC(CO)CCCCCCC,0.153,0.14,0.824,0.782,6.008813185,6.150602768,2.754933787,0.774727168
CCCCCCCCCC(CO)CCCCC,0.153,0.142,0.823,0.782,6.008813185,6.150602768,2.722610352,0.774727168
CCCCCCCCCCC(CO)CCCC,0.153,0.142,0.823,0.782,6.008813185,6.150602768,2.740840024,0.78845736
CCCCCCCCCCCC(CO)CCC,0.153,0.142,0.823,0.782,6.008813185,6.150602768,2.644044871,0.770108222
CCCCCCCCCCCCC(CC)CO,0.153,0.142,0.823,0.782,6.008813185,6.150602768,2.701361213,0.828551818
CCCCCCCCC(CO)CCCCCC,0.149,0.138,0.823,0.782,6.008813185,6.150602768,2.7631695,0.779324877
C(C(=O)OCCCCCCC)(=O)OCCCCCCC,0.176,0.165,0.924,0.879,6.023447593,6.165417854,2.261763098,1.064710737
C(CCCCCCCCC(=O)OCCC)(=O)OCCC,0.175,0.164,0.934,0.888,6.023447593,6.165417854,2.251291799,1.029619417
C(CCCCC(=O)OCCCCC)(=O)OCCCCC,0.168,0.158,0.933,0.889,6.023447593,6.165417854,2.054123734,0.875468737
C(CCCCCCC(=O)OCCCC)(=O)OCCCC,0.175,0.164,0.932,0.889,6.023447593,6.165417854,1.463255402,0.405465108
CCCCCCOCCOCCOCCCCCC,0.195,0.183,0.859,0.82,6.084499413,6.206575927,1.85629799,0.875468737
C1CCC(CC1)C2CCCc3ccccc23,,,,,,,,
CCCc1ccc(Cc2ccccc2)cc1,,,,,,,,
CCOC(=O)CC(Cc1cccc(C)c1)C(=O)OCC,,,,,,,,
C1CCC(CC1)(C2CCCC2)C3CCCC3,,,,,,,,
CC(C)C1CCC(CC1)CC2CCCCC2,,,,,,,,
CC1CCC(C)C(C1)C(C)C2CCCCC2,,,,,,,,
CCC1CCC(CC1)C(C)C2CCCCC2,,,,,,,,
C(C)(CC)C1C(CCCC1)C1CCCCC1,,,,,,,,
C(C(C)C)C1C(CCCC1)C1CCCCC1,,,,,,,,
CC(C)OC(=O)CCCCCCCCC(=O)OC(C)C,,,,,,,,
CCC(C)COC(=O)CCCCC(=O)OCC(C)CC,,,,,,,,
CCC(CC)OC(=O)CCCCC(=O)OC(CC)CC,,,,,,,,
CCCCCCCCCCCCCC(=O)OCC,,,,,,,,
CCCCCCCCCCOC(=O)CCCCC,,,,,,,,
CCCCCCCCOC(=O)[C@@H]1CC[C@H](C)CC1,,,,,,,,
CCCCCCCCOC(=O)c1ccc(C)cc1,,,,,,,,
CCCCOC(=O)C1CCCCC1C(=O)OCCCC,,,,,,,,
CC1(CCCCC1)COCC2(C)CCCCC2,,,,,,,,
C(c1ccccc1)c2cccc3ccccc23,0.219,0.212,1.15,1.11,5.545177444,5.713732806,2.528524732,0.979828753
CC(C)c1ccc2ccc3ccccc3c2c1,0.254,0.243,1.094,1.054,5.598421959,5.765191103,3.263719163,1.117303187
C(CCc1ccccc1)CCc2ccccc2,0.173,0.163,0.943,0.89,5.700443573,5.860786223,1.550748916,0.365892333
C(CCC)C1=CC=C(C=C1)CC1=CC=CC=C1,0.15,0.142,0.944,0.904,5.703782475,5.863631176,1.458615023,0.470003629
CCCCC(c1ccccc1)c2ccccc2,0.156,0.147,0.953,0.912,5.700443573,5.863631176,1.797159861,0.371618727
C(C1=CC=CC=C1)C(CC1=CC=CC=C1)CC,0.156,0.147,0.956,0.913,5.700443573,5.863631176,1.887069649,0.548121409
CC(CC(C1=CC=CC=C1)C1=CC=CC=C1)C,0.152,0.143,0.951,0.91,5.697093487,5.866468057,2.564949357,1.223775432
C1(=CC=CC=C1)C(CC(C)C)C1=CC=CC=C1,0.152,0.143,0.951,0.91,5.697093487,5.866468057,2.564949357,1.223775432
CC=1C(=C(C=CC1)C1=CC=C(C=C1)C)C(C)C,0.18,0.171,0.953,0.915,5.710427017,5.869296913,2.302585093,1.098612289
CC1=CC=C(C=C1)CC(C)C1=CC=C(C=C1)C,0.128,0.121,0.959,0.918,5.707110265,5.869296913,1.589235205,0.405465108
CC(=CC1=CC=CC2=CC=CC=C12)CC(C)C,0.195,0.186,0.951,0.914,5.710427017,5.872117789,2.397895273,1.098612289
CC(=C(C(C)C)C1=CC=CC2=CC=CC=C12)C,0.184,0.175,0.961,0.924,5.713732806,5.877735782,2.48490665,1.193922468
CC1CC(=C(CC1)C(C)C)C1=CC=C(C=C1)C,0.139,0.131,0.918,0.878,5.765191103,5.929589143,2.116255515,0.955511445
C(CCCCCC)C=1C=C2CCCCC2=CC1,0.129,0.122,0.902,0.863,5.802118375,5.96100534,1.609437912,2.944438979
CCCCCCCC1CCCc2ccccc12,0.136,0.128,0.976,0.934,5.799092654,5.96100534,2.194910791,0.673658504
CC(CC=CC1=CC=CC=C1)CCC=C(C)C,0.151,0.142,0.877,0.838,5.811140993,5.966146739,1.504077397,0.470003629
CC(CCCC(C)C)C1CCC2=CC=CC=C12,0.123,0.116,0.895,0.857,5.805134969,5.97126184,2.48490665,1.131402111
C1(=CC=CC=C1)C(C)=CCCCCCCCC,0.151,0.142,0.942,0.9,5.846438775,5.996452089,1.064710737,0.182321557
CC(CC=C(CCCCC)C1=CC=CC=C1)C,0.137,0.129,0.859,0.82,5.846438775,5.998936562,1.335001067,0.336472237
CCCCCCCCCCCc1ccccc1,0.155,0.145,0.843,0.801,5.84932478,6.00635316,1.061256502,0.09531018
CCCCCCCCCC(C)c1ccccc1,0.148,0.139,0.847,0.807,5.874930731,6.02827852,1.377243526,0.055595527
C1(CCCCC1)CCCCCC1CCCCC1,0.133,0.126,0.857,0.819,5.860786223,6.03068526,1.916922612,0.732367894
CCCCC(C1CCCCC1)C2CCCCC2,0.126,0.119,0.876,0.838,5.857933154,6.033086222,2.477680605,0.719350846
CC(C)CC(C1CCCCC1)C2CCCCC2,0.122,0.114,0.878,0.839,5.857933154,6.035481433,2.685300034,0.594563649
CCCCCCCCCCCC1CCCCC1,0.138,0.129,0.811,0.773,5.955837369,6.115892125,1.324418957,0.231111721
CCCCCCCCCCCCCCCC=C,0.148,0.138,0.772,0.731,5.981414211,6.131226489,0.867100488,-0.051293294
CCCCCCCC=CCCCCCCCC,0.149,0.139,0.79,0.752,5.998936562,6.139884552,0.875468737,-0.051293294
CCCCCCCCCCCCC1CCCC1,0.142,0.133,0.805,0.763,6.011267174,6.150602768,1.190887565,0.463734016
CCCCCCCC(C)(C)CCCCCCC,0.132,0.124,0.77,0.731,6.003887067,6.159095388,0.982078472,-0.051293294
CCCCCCCCCCCCCC(C)(C)C,0.123,0.115,0.836,0.794,6.013715156,6.167516491,1.091923301,0.067658648
CCCCCCCCCCC(CCC)CCC,0.136,0.137,0.773,0.735,6.025865974,6.171700597,0.942488553,-0.109033921
CCCCC(CCCC)(CCCC)CCCC,0.118,0.11,0.764,0.719,6.02827852,6.173786104,1.420695788,0.019802627
C(CCC)C(CCCC)(CCCC)CCCC,0.118,0.11,0.764,0.719,6.02827852,6.173786104,1.193922468,0.148420005
CCCCCCC(CCC)(CCC)CCCC,0.122,0.114,0.842,0.8,6.02827852,6.173786104,1.232560261,-0.030459207
CC(C)CCC(CC(CCC(C)C)(C)C)(C)C,0.093,0.087,0.78,0.741,6.02827852,6.182084907,1.029619417,0
C(CCCCCCCCCCCC)(=O)OCCCC,0.16,0.15,0.843,0.803,6.054439346,6.196444128,1.360976553,0.405465108
C(CCCCCCCCC)(=O)OCCCCCCC,0.157,0.147,0.848,0.808,6.054439346,6.196444128,1.280933845,0.336472237
C(CCCCCCCC)(=O)OCCCCCCCC,0.156,0.146,0.951,0.905,6.054439346,6.196444128,1.280933845,0.336472237
C(CCCCCCCCCCCCCC)(=O)OCC,0.161,0.15,1,0.949,6.054439346,6.196444128,1.386294361,0.336472237
C(CCCCCCCC)(=O)OC(CCCCCC)C,0.153,0.143,0.842,0.796,6.054439346,6.198478716,1.824549292,0.693147181
CCCCCCCCCCCCCC(=O)OC(C)C,0.155,0.145,0.838,0.797,6.054439346,6.198478716,1.258347347,0.230524247
CCCCCCCCCCCCCCCC(=O)OC,0.138,0.131,0.838,0.797,6.054439346,6.198478716,1.360130041,0.291893193
CCCCCCCCCCCCCC(=O)OCCC,0.163,0.152,0.844,0.803,6.054439346,6.198478716,1.330020262,0.281374723
C(CC)(=O)OCC(CCCCCCC)CCCCC,0.15,0.141,0.85,0.809,6.054439346,6.198478716,1.757857918,0.641853886
C(CCCCCC)C(C(=O)OC)CCCCCCC,0.153,0.143,0.973,0.926,6.054439346,6.198478716,1.902107526,0.741937345
CC(CCCCCCCCCCCCC(=O)OC)C,0.154,0.144,0.978,0.931,6.054439346,6.198478716,1.931521412,0.741937345
CC(CC(=O)OC(CC(C)(C)C)CCCCC)(C)C,0.112,0.104,0.915,0.867,6.054439346,6.206575927,1.568615918,0.470003629
C(CCCCCCCC(=O)OCC(C)C)(=O)OCC(C)C,0.149,0.14,0.921,0.878,6.079933195,6.226536669,2.302585093,0.993251773
CC(OCCCC)COC(COC(COCCCC)C)C,0.193,0.181,1.031,0.984,6.169610732,6.29710932,2.63905733,1.410986974
CCCCOCCOCCOCOCCOCCOCCCC,0.25,0.236,1.124,1.079,6.23636959,6.345636361,2.833213344,1.722766598
CC(C)c1ccc(cc1)C(C)c2ccccc2,,,,,,,,
CC(C)CCCCCc1ccc2CCCc2c1,,,,,,,,
Cc1cccc(C2CCCC2)c1C3CCCC3,,,,,,,,
CCC(C)c1ccc(Cc2ccccc2)cc1,,,,,,,,
CCC(C)c1ccccc1Cc2ccccc2,,,,,,,,
CCCCc1ccc(Cc2ccccc2)cc1,,,,,,,,
CCCCc1ccccc1Cc2ccccc2,,,,,,,,
CC(C)C1CCC(CC1)C(C)C2CCCCC2,,,,,,,,
CC1CC(C)C(CC1C)C(C)C2CCCCC2,,,,,,,,
CCCCCCCC(C)(CCC)CCCCC,,,,,,,,
CCCCCCCC(C)(CCCC)CC(C)C,,,,,,,,
CCC1c2ccccc2C(CC)c3ccccc13,0.127,0.121,1.002,0.966,5.713732806,5.877735782,3.449987546,1.08180517
CCCC(Cc1ccccc1)Cc2ccccc2,0.156,0.148,0.965,0.927,5.743003188,5.902633333,1.928684057,0.424973574
C(CCCc1ccccc1)CCc2ccccc2,0.172,0.161,0.938,0.896,5.777652323,5.937536205,1.74745921,0.559615788
C1(=CC=CC=C1)CCCCCCC1=CC=CC=C1,0.172,0.161,0.938,0.896,5.777652323,5.937536205,1.785070481,0.476234179
CCCCCC(c1ccccc1)c2ccccc2,0.159,0.15,0.944,0.903,5.777652323,5.940171253,1.881112547,0.457583062
CC(CC(C1=CC=CC=C1)C1=CC=CC=C1)(C)C,0.142,0.134,1.007,0.963,5.777652323,5.945420609,2.772588722,1.410986974
C1(CCCCC1)CCC=1C=C2CCCCC2=CC1,0.124,0.118,0.959,0.921,5.777652323,5.953243334,2.833213344,1.568615918
CCCCCCCCc1ccc2ccccc2c1,0.216,0.204,0.925,0.888,5.811140993,5.963579344,1.717125718,0.501792952
CCCCCC(CC)c1ccc2ccccc2c1,0.15,0.143,0.885,0.855,5.82008293,5.978885765,2.076167438,0.531480829
CCCCCCC(C)c1cccc2ccccc12,0.205,0.194,0.928,0.892,5.82008293,5.978885765,2.051124368,0.473497518
CCCCC(CC)Cc1cccc2ccccc12,0.205,0.195,0.935,0.898,5.82008293,5.978885765,2.506166548,0.549934792
C1(CCCCC1)C1CC(CCC1)C1CCCCC1,0.125,0.119,0.923,0.885,5.837730447,6.023447593,3.561046083,1.398716881
C1(CCCCC1)C1C(CCCC1)C1CCCCC1,0.11,0.106,0.928,0.889,5.837730447,6.023447593,3.583518938,1.481604541
C1(CCCCC1)C1CCC(CC1)C1CCCCC1,0.128,0.121,1.019,0.977,5.837730447,6.023447593,3.054001182,1.791759469
C(CCCCCCC)C=1C=C2CCCCC2=CC1,0.13,0.123,0.898,0.861,5.872117789,6.03068526,1.808288771,0.78845736
C(CCCCCCC)C1CCCC2=CC=CC=C12,0.142,0.134,0.903,0.864,5.872117789,6.03068526,2.564949357,1.335001067
CCCCCCCCC1CCCc2ccccc12,0.142,0.134,0.903,0.864,5.872117789,6.03068526,2.301584593,0.688134639
C(CCC)C=1C=C2CCCCC2=CC1CCCC,0.116,0.109,0.911,0.873,5.874930731,6.033086222,1.824549292,0.78845736
CC(CC1CCC(C2=CC=CC=C12)CC(C)C)C,0.118,0.112,0.901,0.863,5.869296913,6.035481433,2.708050201,1.30833282
CC(C)(C)C=1C=C2C(C(C(C2=CC1)(C)C)C)(C)C,0.07,0.066,0.944,0.903,5.886104031,6.047372179,2.251291799,0.875468737
CCCCCCCCCCCCc1ccccc1,0.157,0.147,0.842,0.801,5.916202063,6.073044534,1.214912744,0.207014169
CCCCCCc1ccc(CCCCCC)cc1,0.142,0.133,0.845,0.806,5.945420609,6.09356977,1.499623046,0.223143551
C(CCCCC)C1=CC=C(C=C1)CCCCCC,0.142,0.133,0.845,0.806,5.945420609,6.09356977,1.360976553,0.405465108
C(CCCC1CCCCC1)CCC2CCCCC2,0.136,0.128,0.848,0.815,5.926926026,6.095824562,2.161426976,0.784974028
CCCCCCC1CCC(CC1)C2CCCCC2,0.128,0.12,0.864,0.824,5.926926026,6.095824562,2.136199875,0.626195082
CCCC(CC1CCCCC1)CC2CCCCC2,0.127,0.12,0.86,0.822,5.924255797,6.098074282,2.374905755,0.671085604
CCC1(CCCCC1)CCC2(CC)CCCCC2,0.122,0.115,0.891,0.852,5.929589143,6.100318952,2.369495798,1.095447285
CCCCCCCCC1CCCC2CCCCC12,0.13,0.122,0.858,0.82,5.940171253,6.104793232,1.765240941,0.422125549
CCCCC(CC)CC1CCCC2CCCCC12,0.123,0.116,0.862,0.824,5.937536205,6.107022888,1.94459786,0.388630871
CCCCC(C)(CC)C1CCCC2CCCCC12,0.111,0.104,0.874,0.835,5.940171253,6.109247583,2.245796728,0.487505818
CC(CC)C1CCC(C2CCCCC12)C(CC)C,0.105,0.099,0.939,0.899,5.940171253,6.11146734,2.292534757,1.098612289
CCCCOCCOCCOCCOCCCC,0.209,0.196,1.058,1.007,6.00635316,6.12249281,1.033184483,0.157003749
C(C1=CC(C(=O)OCCCCC)=CC=C1)(=O)OCCCCC,0.172,0.163,1.147,1.101,6.003887067,6.150602768,2.708050201,1.410986974
C(C=1C(C(=O)OCCCCC)=CC=CC1)(=O)OCCCCC,0.17,0.16,1.18,1.129,6.003887067,6.150602768,3.17805383,1.667706821
C(C=1C(C(=O)OCCCCC)=CC=CC1)(=O)OCCCCC,0.17,0.16,1.18,1.13,6.003887067,6.150602768,3.17805383,1.667706821
C(CCCC)OC(=O)C1=CC=C(C=C1)C(=O)OCCCCC,0.175,0.166,1.23,1.18,6.003887067,6.150602768,3.526360525,1.974081026
C(CCCCC(=O)OC1CCCCC1)(=O)OC1CCCCC1,0.167,0.157,1.22,1.17,5.986452005,6.152732695,3.295836866,1.987874348
C1(=CC(=CC=C1)C(=O)OCCC(C)C)C(=O)OCCC(C)C,0.16,0.151,1.159,1.112,6.001414878,6.154858094,3.33220451,1.791759469
C(C)C1C(C(C(C(C1CC)CC)CC)CC)CC,0.104,0.098,0.862,0.823,6.011267174,6.167516491,2.443216223,1.205970807
CCCCCCCCCCCCC1CCCCC1,0.142,0.133,,,6.01615716,6.173786104,,
C(C)C(CC)=CCCCCCCC=C(CC)CC,0.137,0.128,0.804,0.765,6.033086222,6.17586727,0.587786665,-0.127833372
C=CCCCCCCCCCCCCCCC=C,0.16,0.15,0.786,0.748,6.03787092,6.180016654,1.16315081,0.182321557
CCCCCCCCCCCCCCCCC=C,0.149,0.139,0.776,0.737,6.03787092,6.188264123,1.026041596,0.067658648
CC(=CCCCCCCC)CCCCCCCC,0.135,0.127,0.78,0.743,6.059123196,6.202535517,0.470003629,-0.235722334
C(CC)C(=CCCCCCC)CCCCCCC,0.14,0.131,0.783,0.745,6.059123196,6.202535517,0.530628251,-0.174353387
CC(CCCCCC)C=CC(CCCCCC)C,0.136,0.127,0.832,0.791,6.054439346,6.202535517,0.875468737,-0.061875404
CCCCCCCCCCCCCC1CCCC1,0.137,0.128,0.884,0.842,6.073044534,6.212606096,1.342864803,0.3074847
CCCCCCCCCCCCCCCCCC,0.148,0.137,0.77,0.733,6.06610809,6.216606101,1.131402111,0.131028262
CCCCCCCCCCCCCCCC(C)C,0.14,0.131,0.766,0.726,6.06610809,6.21860012,0.862889955,-0.139262067
CC(CCCCCCCC)CCCCCCCC,0.141,0.132,0.776,0.739,6.08221891,6.228511004,1.193922468,0.182321557
C(CC)C(CCCCCCC)CCCCCCC,0.139,0.13,0.779,0.742,6.08221891,6.228511004,1.098612289,0.182321557
CCCC(CCC)CCCCC(CCC)CCC,0.13,0.122,0.775,0.734,6.08221891,6.230481448,0.989541194,-0.127833372
C(CCC)C(CCCC)C(CCCC)CCCC,0.126,0.118,0.779,0.741,6.08221891,6.230481448,0.78845736,-0.105360516
CCC(CC)CCCCCCCCC(CC)CC,0.137,0.128,0.78,0.742,6.08221891,6.230481448,1.061256502,0.104360015
CC(CC)(CCCC(CCCC(CC)(C)C)C)C,0.103,0.096,0.777,0.74,6.084499413,6.23636959,1.335001067,0.405465108
CC(C)(CC(CCCCC(CC(C)(C)C)C)C)C,0.094,0.088,0.835,0.794,6.084499413,6.238324625,1.064710737,0.182321557
C(\C=C/C(=O)OCCCCCCC)(=O)OCCCCCCC,0.187,0.176,0.936,0.896,6.109247583,6.249975242,2.63905733,1.504077397
C(CCCCCCCCC(=O)OCCCC)(=O)OCCCC,0.178,0.167,0.924,0.882,6.135564891,6.276643489,2.564949357,1.30833282
C(CCCCCCCCC(=O)OCCCC)(=O)OCCCC,0.178,0.167,0.924,0.882,6.135564891,6.276643489,2.564949357,1.30833282
C(CCCCC(=O)OCCCCCC)(=O)OCCCCCC,0.149,0.139,1.065,1.018,6.135564891,6.276643489,2.48490665,1.193922468
CCC(CCCCCCCCC(CC)=CC)=CC,,,,,,,,
CCCCCCCCCCCCCCC=C(C)C,,,,,,,,
CC(C)(C)CC(C)(C)c1cccc2ccccc12,,,,,,,,
CCC(C)C1CCC(C(C)CC)c2ccccc12,,,,,,,,
CCCc1ccc(cc1)C(C)c2ccc(C)cc2,,,,,,,,
CC(C)OC(=O)CC(Cc1ccc(C)cc1)C(=O)OC(C)C,,,,,,,,
CC(C)OC(=O)CC(Cc1cccc(C)c1)C(=O)OC(C)C,,,,,,,,
CC(CCOC(=O)CCc1ccccc1)CC(C)(C)C,,,,,,,,
CCCCCCCCCCCC(=O)Oc1ccccc1,,,,,,,,
CCCCCCCCOC(=O)CCCc1ccccc1,,,,,,,,
CCCOC(=O)CC(Cc1ccc(C)cc1)C(=O)OCCC,,,,,,,,
CCCOC(=O)CC(Cc1cccc(C)c1)C(=O)OCCC,,,,,,,,
CC(C)C1CC(C(C)C)C(CC1C(C)C)C(C)C,,,,,,,,
CCCCCCC(C)C1CCCC2CCCCC12,,,,,,,,
CCCCCCC1CCC(CCCCCC)CC1,,,,,,,,
CCCCCCCCC1CCC2CCCCC2C1,,,,,,,,
CCCCCCCCCCC1CC(C)CCC1C,,,,,,,,
CC(C)CC(C)OC(=O)CCCCC(=O)OC(C)CC(C)C,,,,,,,,
CCC(CC)COC(=O)CCCCC(=O)OCC(CC)CC,,,,,,,,
CCCC(C)C(=O)OCCC(C)CCOC(=O)C(C)CCC,,,,,,,,
CCCC(C)COC(=O)CCCCC(=O)OCC(C)CCC,,,,,,,,
CCCCCC(=O)OCCC(C)CCOC(=O)CCCCC,,,,,,,,
CCCCCCCC(CCCCCCC)COC(C)=O,,,,,,,,
CCCCCCCCC(CCCCCC)COC(C)=O,,,,,,,,
CCCCCCCCCC(CCCCC)COC(C)=O,,,,,,,,
CCCCCCCCCCC(CCCC)COC(C)=O,,,,,,,,
CCCCCCCCCCCC(=O)OC1CCCCC1,,,,,,,,
CCCCCCCCCCCC(CCC)COC(C)=O,,,,,,,,
CCCCCCCCCCCCC(CC(=O)OC)C(=O)OC,,,,,,,,
CCCCCCCCCCCCC(CC)COC(C)=O,,,,,,,,
CCCCCCCCCCCCCC(C)COC(C)=O,,,,,,,,
CCCCCCCCCCCCCCCC(=O)OCC,,,,,,,,
CCCCCCCCCCCCCCCCOC(C)=O,,,,,,,,
CCCCCCCCCCCCOC(=O)C1CCCC1,,,,,,,,
C(CCC)OC(=O)C=C(CC(=O)OCCCC)C(=O)OCCCC,,,,,,,,
CC(C)CCOC(=O)COCCOCCOCC(=O)OCCC(C)C,,,,,,,,
CCCCCC(=O)OC(C)COCC(C)OC(=O)CCCCC,,,,,,,,
CCCCCCC(c1ccccc1)c2ccccc2,0.161,0.152,0.937,0.893,5.84932478,6.011267174,2.060513532,0.565313809
C=1(C(=CC=CC1)C(=O)OCCCC)C(=O)OCC1=CC=CC=C1,0.183,0.174,1.105,1.064,5.916202063,6.070737728,3.218875825,1.435084525
CCCCCCC(=CCCCCC)c1ccccc1,0.145,0.137,0.864,0.827,5.976350909,6.126869184,1.398716881,0.207014169
C1(=CC=CC=C1)C(=CCCCCC)CCCCCC,0.145,0.137,0.864,0.827,5.976350909,6.126869184,1.064710737,0.182321557
CCCCCCC(CCCCCC)c1ccccc1,0.15,0.141,0.84,0.8,6.003887067,6.154858094,1.564440547,0.246860078
CCCCCCCC1CCC(CC1)C2CCCCC2,0.127,0.12,0.86,0.824,5.988961417,6.156978986,2.733977823,0.857236876
CCCCCCC(C1CCCCC1)C2CCCCC2,0.124,0.114,0.877,0.841,5.988961417,6.159095388,2.786245049,0.815364813
CC(CCC)C1=C(C=CC(=C1)C(CCC)C)CCC,0.113,0.106,0.859,0.82,6.008813185,6.161207322,1.131402111,0.182321557
C(C)C(CCC(C)C)(CCC(C)C)C1=CC=CC=C1,0.12,0.114,0.882,0.843,6.003887067,6.161207322,1.547562509,0.530628251
CCCCCCCCCCCCOC(=O)c1ccccc1,0.165,0.156,0.997,0.955,6.03068526,6.180016654,1.988971007,0.719423904
CCCCCCC(CCCCCC)C1CCCCC1,0.136,0.127,0.818,0.778,6.06610809,6.222576268,1.774952351,0.357674444
C(CCC)C(CCCC)(CCCC)C1CCCCC1,0.122,0.114,0.817,0.779,6.06610809,6.224558429,2.772588722,1.410986974
C(CCCCCC)C1C(CCC1)CCCCCCC,0.134,0.125,0.818,0.781,6.073044534,6.224558429,0.875468737,0.058268908
C1(CCCC1)CC(CCCCCC)CCCCCC,0.135,0.127,0.81,0.72,6.070737728,6.226536669,1.420695788,0.246860078
CCCCCCCCCCCCCC1CCCCC1,0.143,0.134,0.818,0.782,6.073044534,6.230481448,1.625311262,0.438254931
CCCCCCCCCCCCCCCCCC=C,0.152,0.143,0.781,0.746,6.09356977,6.244166901,1.181727195,0.19062036
C(CCCCCCC\C=C\C\C=C\CCCCC)(=O)OC,0.179,0.168,1.004,0.96,6.11146734,6.251903883,1.667706821,0.641853886
C(CCCCC)C(=CCCCCC)CCCCCC,0.139,0.13,0.784,0.747,6.11368218,6.257667588,0.587786665,-0.328504067
C(CCCCC)C(=CCCCCC)CCCCCC,0.139,0.13,0.784,0.747,6.11368218,6.257667588,0.587786665,-0.15082289
CC(=CC)CCCCCCCCCCCCCCC,0.145,0.136,0.788,0.751,6.115892125,6.257667588,0.693147181,-0.051293294
CCCCCCCCCCCCCCCCCCC,0.142,0.134,0.772,0.731,6.120297419,6.269096284,1.278152203,0.2390169
CCCCCCCCCCCCCCC1CCCC1,0.133,0.126,0.811,0.775,6.133398043,6.270988432,1.488399584,0.412109651
CCCCCCC(CCCCCC)CCCCCC,0.138,0.129,0.774,0.733,6.137727054,6.282266747,0.946788899,-0.29080695
CC(CCCCC)CCCCCCCCCCCC,0.141,0.132,0.775,0.739,6.137727054,6.282266747,1.280933845,0.262364264
CCCCCCCCCCC(CCCC)CCCC,0.137,0.129,0.778,0.742,6.137727054,6.282266747,1.176887281,0.0800304
CCCC(CCC)CCCCCC(CCC)CCC,0.129,0.121,0.779,0.742,6.135564891,6.284134161,1.079979777,0.249715373
C(CCC)C(CCCC)(CCCCCC)CCCC,0.119,0.112,0.79,0.754,6.137727054,6.284134161,1.722766598,0.587786665
CC(C)CCCC(CCCC(CCCC(C)C)C)C,0.12,0.112,0.769,0.728,6.135564891,6.28785856,1.25846099,0.148420005
CC(C)CCCC(CCC(CC(C)C)CC(C)C)C,0.109,0.102,0.823,0.782,6.133398043,6.289715571,0.78845736,-0.105360516
C(CCCCCCCCCCCCCC)(=O)OCCCC,0.163,0.153,0.99,0.945,6.161207322,6.304448802,1.667706821,0.641853886
C(CCCCCCCCCCCCCCC)(=O)OC(C)C,0.159,0.148,0.837,0.798,6.161207322,6.306275287,1.470175845,0.451075619
C(C)C(CC)=CCCCCCCCCCCCCCC,0.139,0.131,0.893,0.853,6.165417854,6.308098442,0.832909123,0.039220713
C(CCCCCCC\C=C/C\C=C/CCCCC)(=O)OC,0.141,0.133,0.871,0.829,6.516193076,6.532334292,1.166270937,0.254642218
C(CCCCCCCCCCCCCCCCC)(=O)OC,0.144,0.136,0.85,0.807,6.476972363,6.539585956,1.60743591,0.506817602
CCCCCCCC\C=C/CCCCCCCC(=O)OC,0.141,0.135,0.859,0.817,6.50578406,6.54534966,1.418277407,0.392042088
CCCCCCCCCCc1c(C)cc(C)cc1C,,,,,,,,
CCCCCC=C(c1ccccc1)c2ccccc2,,,,,,,,
CCCCCCCCCCc1c(C)cc(C)cc1C,,,,,,,,
CCCCC(CC)COC(=O)CCCc1ccc(C)cc1,,,,,,,,
CCCCCCCCCC(=O)OCc1ccc(CC)cc1,,,,,,,,
CCCCCCCCCCCC(=O)Oc1ccc(C)cc1,,,,,,,,
CCCCCCCCCCCC(=O)Oc1cccc(C)c1,,,,,,,,
CCCCCCCCCCCC(=O)OCc1ccccc1,,,,,,,,
CCCCCCCCOC(=O)CCCc1ccc(C)cc1,,,,,,,,
CCCCOC(=O)C(C)OC(=O)c1ccccc1C(=O)OCCCC,,,,,,,,
CCCCOC(=O)CC(Cc1ccccc1)C(=O)OCCCC,,,,,,,,
CCCOC(=O)CC(C(=O)OCCC)C(C)(C)c1ccccc1,,,,,,,,
CCOC(=O)CC(Cc1ccc(cc1)C(C)(C)C)C(=O)OCC,,,,,,,,
CCCCCCC(CCCCCC)CC1CCCC1,,,,,,,,
CCCCCCCCCCC1C(C)CC(C)CC1C,,,,,,,,
CC(C)CCOC(=O)CCCCCCCC(=O)OCCC(C)C,,,,,,,,
CCC(CC)OC(=O)CCCCCCCC(=O)OC(CC)CC,,,,,,,,
CCCC(C)(C)C(=O)OCC(C)(C)COC(=O)C(C)(C)CCC,,,,,,,,
CCCC(C)COC(=O)CCCCCC(=O)OCC(C)CCC,,,,,,,,
CCCCC(CC)C(=O)OCCCOC(=O)C(CC)CCCC,,,,,,,,
CCCCC(CC)COC(=O)CCCC1CCC(C)CC1,,,,,,,,
CCCCCCCCCCCC(=O)OC1CCC(C)CC1,,,,,,,,
CCCCCCCCCCCC(=O)OC1CCCC(C)C1,,,,,,,,
CCCCCCCCCCCCCCCC(=O)OC(C)C,,,,,,,,
CCCCCCCCCCCCCCCCCC(=O)OC,,,,,,,,
CCCCCCCCCCCCOC(=O)C1CCCCC1,,,,,,,,
CCCCCCCCOC(=O)CCCC1CCC(C)CC1,,,,,,,,
CCCCCCCCOCCC(=O)OCCCCCCCC,,,,,,,,
CCCCCOC(=O)CC1CC(C(=O)OCCCCC)C1(C)C,,,,,,,,
CCCCCCCCCCc1ccc2ccccc2c1,0.227,0.214,0.911,0.874,5.942799375,6.098074282,1.969905655,0.672944473
CCCCCCCCCCc1cccc2ccccc12,0.216,0.205,0.918,0.884,5.950642553,6.104793232,2.226977535,0.756328531
CCCCCCc1cccc2ccc(CCCC)cc12,0.2,0.19,0.916,0.879,5.958424693,6.11146734,2.2188382,0.622445707
CCCCCCC(CCC)c1ccc2ccccc2c1,0.21,0.199,0.914,0.879,5.955837369,6.11146734,2.591096821,0.799248921
CCCCCCc1cc2ccccc2cc1CCCC,0.202,0.191,0.92,0.883,5.958424693,6.11146734,2.331638913,0.645678143
CC1=CC2=CC=C(C=C2C=C1CCCCCCCC)C,0.192,0.182,0.921,0.884,5.96100534,6.11368218,2.515274186,0.891998039
CCCCCCCCc1cc2cc(C)ccc2cc1C,0.192,0.182,0.921,0.884,5.96100534,6.11368218,1.696041206,0.74799515
CCCCCCCCc1cccc2c(C)ccc(C)c12,0.197,0.186,0.938,0.898,5.96100534,6.11368218,2.501712963,0.780306047
C(C)C(CCCCCC)(C)C1=CC=CC2=CC=CC=C12,0.196,0.187,0.973,0.937,5.955837369,6.11368218,3.713572067,2.151762203
C(C)C(CCCCCC)(C)C1=CC=CC2=CC=CC=C12,0.196,0.187,0.973,0.937,5.955837369,6.11368218,3.713572067,2.151762203
C(CCCC)C1=CC=C(C=C1)C1CCC(CC1)CCC,0.132,0.125,0.975,0.934,5.988961417,6.148468296,2.07819076,0.810930216
C1(CCCCC1)C(CC1CCCCC1)C1CCCCC1,0.132,0.125,0.956,0.89,5.96870756,6.152732695,2.772588722,1.704748092
CCCCCCC1CCCc2ccc(CCCC)cc12,0.121,0.115,0.89,0.85,6.001414878,6.156978986,2.168905118,0.540578582
C(CCCCCCCCC)C=1C=C2CCCCC2=CC1,0.137,0.129,0.889,0.85,6.001414878,6.156978986,2.046401688,0.760805829
CCCCCCc1cc2CCCCc2cc1CCCC,0.118,0.111,0.895,0.855,6.003887067,6.159095388,2.448618632,0.63180355
C(CCCC)C=1C=C2CCCCC2=CC1CCCCC,0.117,0.111,0.897,0.862,6.003887067,6.159095388,2.163323026,1.064710737
CCCCCCCCC1CCCc2c(C)ccc(C)c12,0.114,0.108,0.909,0.869,6.003887067,6.159095388,2.549345166,0.818938068
CC1(CCC2=CC(=C(C=C12)C(C)C)C(CCCC)C)C,0.086,0.082,0.98,0.938,6.008813185,6.169610732,2.079441542,0.832909123
CCCCCCCCCCCCCCc1ccccc1,0.162,0.152,0.844,0.805,6.035481433,6.192362489,1.506297154,0.412109651
CCCCCCCc1ccccc1CCCCCCC,0.146,0.137,0.845,0.808,6.063785209,6.212606096,1.833061349,0.449494753
C(CCCCCC)C1=CC=C(C=C1)CCCCCCC,0.146,0.137,0.844,0.808,6.063785209,6.212606096,2.066862759,0.78845736
C1(=CC=CC=C1)C(CCCCCC)CCCCCCC,0.152,0.143,0.945,0.902,6.061456919,6.212606096,1.791759469,0.693147181
C1(=CC=CC=C1)C(CCC)CCCCCCCCCC,0.152,0.143,0.946,0.904,6.061456919,6.212606096,1.791759469,0.693147181
C(C)C1=CC=C(C=C1)C(CCCCCCCCCC)C,0.135,0.128,0.847,0.809,6.063785209,6.214608098,2.079441542,0.875468737
CCCCCCCCC1CCC(CC1)C2CCCCC2,0.13,0.123,0.86,0.824,6.047372179,6.214608098,2.064023289,0.795956445
C1(CCCCC1)CCCCCCCCC1CCCCC1,0.137,0.129,0.944,0.906,6.047372179,6.214608098,1.62924054,0.78845736
CC(CC1=CC=CC=C1)(CCCCCCC)CC(C)C,0.134,0.126,0.86,0.821,6.061456919,6.216606101,1.871802177,0.741937345
C(CCC)C1=C(C=C(C=C1)C(CCC)C)C(CCC)C,0.113,0.106,0.868,0.83,6.06610809,6.21860012,1.223775432,0.262364264
CCCCCCCCC1CC2CC(C)CCC2CC1C,0.121,0.114,0.857,0.819,6.061456919,6.222576268,2.102223794,0.523034788
C(CCCCCCCCC)C1CC2CCCCC2CC1,0.136,0.128,0.855,0.819,6.059123196,6.222576268,2.17702187,0.841567186
CCCCCCCCC1CCCC2C(C)CCC(C)C12,0.122,0.115,0.863,0.824,6.061456919,6.222576268,2.062032123,0.538783145
CCCCCCC1CC2CCCCC2CC1CCCC,0.125,0.118,0.863,0.827,6.059123196,6.222576268,2.351633319,0.589374293
C1(CCCCC1)C(CC)(C(CC)(C)C1CCCCC1)C,0.099,0.094,0.916,0.879,6.049733455,6.222576268,2.995732274,1.740466175
C(C1=CC(C(=O)OCCCCCC)=CC=C1)(=O)OCCCCCC,0.177,0.168,1.17,1.124,6.115892125,6.263398263,3.091042453,1.686398954
C1(=CC=C(C=C1)C(=O)OCCCCCC)C(=O)OCCCCCC,0.178,0.168,1.21,1.16,6.115892125,6.263398263,3.828641396,2.219203484
C1(=CC=C(C=C1)C(=O)OCCCCCC)C(=O)OCCCCCC,0.178,0.168,1.21,1.16,6.115892125,6.263398263,3.828641396,2.219203484
CCCCCCOC(=O)c1ccccc1C(=O)OCCCCCC,0.145,0.137,,,6.115892125,6.263398263,,
C(C=1C(C(=O)OCC(CCCC)CC)=CC=CC1)(=O)OCCCC,0.157,0.149,1.092,1.05,6.115892125,6.265301213,3.688879454,2.174751721
C(C=1C(C(=O)OCC(CC)CC)=CC=CC1)(=O)OCC(CC)CC,0.151,0.143,1.075,1.032,6.115892125,6.267200549,3.850147602,2.128231706
CC(CCCC(C)C)C1CCC(CC1)CCCC(C)C,0.118,0.111,0.821,0.793,6.118097198,6.280395839,1.774952351,0.693147181
CCCCCCCCCCCCCCC1CCCCC1,0.144,0.135,0.816,0.78,6.124683391,6.282266747,1.766441661,0.530628251
CCCCCCCCCCCCCCCCCCC=C,0.153,0.144,0.813,0.778,6.144185634,6.295266001,1.327075001,0.300104592
C(CCCCCCC\C=C/C\C=C/CCCCC)(=O)OCC,0.177,0.167,0.868,0.829,6.163314804,6.304448802,1.252762968,0.336472237
CCCCCCCCCCCCCCCC(CC)=CC,0.142,0.134,0.784,0.746,6.165417854,6.308098442,1.134622726,0.058268908
CC(=C)CCCCCCCCCCCCCCCCC,0.137,0.129,0.785,0.75,6.169610732,6.313548046,0.78845736,-0.010050336
C=1(C(=CC=CC1)C(=O)OCCOCCCC)C(=O)OCCOCCCC,0.209,0.198,1.044,1.004,6.184148891,6.318968114,2.772588722,1.435084525
CCCCCCCCCCCCCCCCCCCC,0.149,0.139,0.776,0.736,6.169610732,6.320768294,1.420695788,0.343589704
CCCCCCCCCCCCCCCC1CCCC1,0.138,0.13,0.89,0.85,6.188264123,6.327936784,1.625311262,0.512823626
C(CCCCCCC\C=C/CCCCCCCC)(=O)OCC,0.173,0.162,0.855,0.813,6.188264123,6.329720906,1.410986974,0.405465108
CCCCCCCCCCCC(CCCC)CCCC,0.14,0.131,0.777,0.738,6.188264123,6.333279628,1.504077397,0.357674444
CCCCCCCCCCCCCC(CCC)CCC,0.14,0.131,0.78,0.74,6.188264123,6.333279628,1.297463147,0.182321557
CCCCCCCCCCCCCCCC(CC)CC,0.142,0.133,0.783,0.748,6.188264123,6.333279628,1.16315081,0.067658648
C(CCC)C(CCCC)CCC(CCCC)CCCC,0.131,0.122,0.78,0.743,6.186208624,6.335054251,1.335001067,0.09531018
CCCCCCC(CCC)C(CCC)CCCCCC,0.131,0.123,0.782,0.746,6.186208624,6.335054251,1.359529353,0.057627193
C(CCC)C(CCCCC)(CCCCCCCC)CC,0.123,0.115,0.79,0.755,6.188264123,6.335054251,2.014903021,0.832909123
CC(C)CCCC(CCCCC(CCCC(C)C)C)C,0.127,0.118,0.773,0.733,6.186208624,6.338594078,1.418277407,0.262364264
CCCCCCC(C)C(C)C(C)C(C)CCCCCC,0.119,0.112,0.799,0.762,6.186208624,6.338594078,1.402883497,0.099754833
CC(C)(CCCCCCCCCCCCC(C)(C)C)C,0.115,0.108,0.93,0.885,6.190315406,6.338594078,2.2300144,1.029619417
CC(C)CCCC(C(CCC(CCCC(C)C)C)C)C,0.115,0.108,0.876,0.834,6.186208624,6.340359304,1.16315081,0.182321557
CC(C)(CC(CCC(CCC(CC(C)(C)C)C)C)C)C,0.091,0.085,0.777,0.74,6.188264123,6.343880434,1.458615023,0.470003629
C(CCCCCCCCC)(=O)OCCCCCCCCCC,0.164,0.154,0.847,0.81,6.210600077,6.354370041,1.808288771,0.741937345
C(CCCCCCCCCCCCCCC)(=O)OC(CC)C,0.158,0.149,0.842,0.803,6.210600077,6.356107661,2.302585093,1.098612289
C(CCC)(=O)OCCCCCCCCCCCCCCCC,0.152,0.143,0.912,0.872,6.210600077,6.356107661,1.526056303,0.530628251
C(CCCCCCCCCCC)(=O)OCC(CCCC)CC,0.158,0.148,1.005,0.959,6.210600077,6.356107661,2.302585093,1.064710737
CC(C(=O)OC)C(C(CCCCCCCCCCCC)C)C,0.145,0.136,1.006,0.96,6.210600077,6.356107661,2.282382386,1.029619417
C(CCCCCCCCCCCCCCCCCC)OC,0.164,0.155,0.916,0.878,6.22059017,6.357842267,1.824549292,0.741937345
C(CCCCC(=O)OCCCCCCC)(=O)OCCCCCCC,0.151,0.141,1.083,1.038,6.234410726,6.376726948,2.772588722,1.481604541
C(CCCCCCCCC(=O)OCCCCC)(=O)OCCCCC,0.183,0.173,1.104,1.057,6.234410726,6.376726948,2.944438979,1.62924054
CCCCCCCCc1cc2CC(C)CCc2cc1C,,,,,,,,
CCCCCCCCCCC=C(CC)c1ccccc1,,,,,,,,
CCCCCCCCCCCCc1ccc(CC)cc1,,,,,,,,
CCCCCCCCCCCC(=O)OCc1ccc(C)cc1,,,,,,,,
CCCCCCCCCCCCOC(=O)c1ccc(C)cc1,,,,,,,,
CCCCCCCCCCCCOC(=O)c1cccc(C)c1,,,,,,,,
CCCCCCCCCCCCOC(=O)Cc1ccccc1,,,,,,,,
CCCCOC(=O)CC(Cc1ccc(C)cc1)C(=O)OCCCC,,,,,,,,
CCCCOC(=O)CC(Cc1cccc(C)c1)C(=O)OCCCC,,,,,,,,
CCCCC1CCC(CC1)C2CCC(CCCC)CC2,,,,,,,,
CCCCCCC1CCCC2CCC(CCCC)CC12,,,,,,,,
CC(C)CCOC(=O)CCCCCCCCC(=O)OCCC(C)C,,,,,,,,
CC1CCC(CC1)OC(=O)CCCCC(=O)OC2CCC(C)CC2,,,,,,,,
CC1CCCC(C1)OC(=O)CCCCC(=O)OC2CCCC(C)C2,,,,,,,,
CCC(CC)OC(=O)CCCCCCCCC(=O)OC(CC)CC,,,,,,,,
CCCC(=O)OCCCC(CCC(C)OC(=O)CCC)OC(=O)CCC,,,,,,,,
CCCCCC(=O)OCC(C)CCC(C)COC(=O)CCCCC,,,,,,,,
CCCCCCCC\C=C/CCCCCCCC(=O)OCC,,,,,,,,
CCCCCCCCCCCCC(CC(=O)OCC)C(=O)OCC,,,,,,,,
CCCCCCCCCCCCCCCCCC(=O)OCC,,,,,,,,
CCCCCCCCCCCCCCCCCCOC(C)=O,,,,,,,,
CCCCCCCCCCCCOC(=O)[C@@H]1CC[C@H](C)CC1,,,,,,,,
CCCCCCCCCCCCOC(=O)[C@H]1CCC[C@@H](C)C1,,,,,,,,
CCCCCCCCCCCCOC(=O)CC1CCCCC1,,,,,,,,
CCCCCCCOCCCCCCOCCCCCCC,,,,,,,,
C(C1=CC=CC=C1)C(CC1=CC=CC=C1)CCCCCC,0.149,0.142,0.893,0.857,5.978885765,6.137727054,2.833213344,1.435084525
C1(=CC=CC=C1)C(CCCCCCCC)C1=CC=CC=C1,0.168,0.159,1.049,1.007,5.978885765,6.137727054,3.784189634,2.2300144
CC(C)C1=CC=C(C=C1)CC(C)C1=CC=C(C=C1)C(C)C,0.117,0.11,0.968,0.928,5.983936281,6.146329258,1.945910149,0.741937345
CCCCCCCCCCCCCCCc1ccccc1,0.154,0.145,0.842,0.802,6.089044875,6.246106765,1.644805056,0.506817602
CCCCCCCCCC1CCC(CC1)C2CCCCC2,0.129,0.122,0.873,0.837,6.104793232,6.269096284,3.046392117,1.071970528
C1(CCCCC1)C(C(CCCCCC)C)C1CCCCC1,0.125,0.118,0.898,0.861,6.102558595,6.270988432,2.302585093,1.280933845
CCCCCCCCCCCC1CCCC2CCCCC12,0.137,0.129,0.86,0.824,6.11368218,6.276643489,2.32825284,0.871293366
C(CCCC=CCC=CCC=CCC=CCC=CCC)(=O)OC,0.213,0.2,1.069,1.024,6.139884552,6.280395839,1.824549292,0.741937345
C(CCCC=CCC=CCC=CCC=CCCCCC)(=O)OC,0.203,0.191,1.052,1.007,6.163314804,6.306275287,1.85629799,0.78845736
C(CCC)C1C(CCC1)CCCCCCCCCCCC,0.137,0.129,0.812,0.776,6.177944114,6.329720906,1.16315081,0.182321557
C(CCCCCCC)C1C(CCC1)CCCCCCCC,0.138,0.13,0.818,0.781,6.177944114,6.329720906,1.193922468,0.262364264
C(CCCCCCC)C1C(CCC1)CCCCCCCC,0.138,0.13,0.818,0.781,6.177944114,6.329720906,1.193922468,0.262364264
CCCCCCCCCCCCCCCC1CCCCC1,0.156,0.146,0.815,0.775,6.17586727,6.333279628,1.900613874,0.625938431
CC(CCC(CCC(C)C)(CC(C)C)C1CCCCC1)C,0.105,0.099,0.867,0.827,6.171700597,6.335054251,2.397895273,1.16315081
C(CCCCC)C(CCCCCC)=CCCCCCCC,0.144,0.135,0.927,0.887,6.214608098,6.357842267,1.029619417,0.182321557
CCCCCCCC\C=C/CCCCCCCC(=O)OCCC,0.173,0.163,0.854,0.809,6.23636959,6.378426184,1.595338988,0.559615788
CCCCCCCCCCCCCCCCCCCCC,0.151,0.142,0.778,0.74,6.23636959,6.380122537,1.458615023,0.457424847
CCCCCCCCCCCCCCCCC1CCCC1,0.143,0.135,0.812,0.776,6.242223265,6.380122537,1.757857918,0.609765572
CCCCCCCC(CCCCCC)CCCCCCC,0.141,0.132,0.779,0.74,6.23636959,6.381816017,1.472472057,0.207014169
CC(CCCCCCCCC)CCCCCCCCCC,0.142,0.134,0.78,0.744,6.23636959,6.381816017,1.504077397,0.378436436
CC(C)C(CCCCCCCCCCCCCCCC)C,0.138,0.13,0.783,0.745,6.23636959,6.383506635,1.609437912,0.470003629
CC(C)CC(CC(CCCCCCCCCCCC)C)C,0.13,0.121,0.779,0.741,6.234410726,6.385194399,1.490654376,0.329303747
CC(C)CC(CCCCCCCCCCCC)CC(C)C,0.126,0.119,0.875,0.835,6.234410726,6.385194399,1.280933845,0.262364264
C(CCCCCCCCCCCCC)(=O)OCCCCCCC,0.165,0.155,0.847,0.81,6.259581464,6.400257445,1.916922612,0.832909123
C(C)(=O)OCCCCCCCCCCCCCCCCCCC,0.165,0.155,1,0.961,6.259581464,6.400257445,1.974081026,0.832909123
CCCCCCCCCCCCCCCCCC(=O)OC(C)C,0.162,0.152,0.85,0.811,6.257667588,6.401917197,1.730593034,0.596988641
C(C)C(C(=O)OC(CC)(CC)CC)(CCCCCCCC)CC,0.125,0.117,0.974,0.929,6.259581464,6.408528791,3.17805383,1.704748092
CCCCCCCCCCCCOC(=O)\C=C\c1ccccc1,,,,,,,,
C1CCC(CC1)CCc2ccc(Cc3ccccc3)cc2,,,,,,,,
CCCCCCCCCCCCOC(=O)Cc1ccc(C)cc1,,,,,,,,
CCCCCCCCCCCCOC(=O)CCc1ccccc1,,,,,,,,
CCCCOC(=O)CC(C(=O)OCCCC)C(C)(C)c1ccccc1,,,,,,,,
CCCOC(=O)CC(Cc1ccc(cc1)C(C)(C)C)C(=O)OCCC,,,,,,,,
C(C(C)C)(=O)OCC(COC(C(C)C)=O)(COC(C(C)C)=O)COC(C(C)C)=O,,,,,,,,
CC(C)CCOC(=O)CC(CC(=O)OCCC(C)C)C(=O)OCCC(C)C,,,,,,,,
CCC(CC)COC(=O)CCCCCCCC(=O)OCC(CC)CC,,,,,,,,
CCCCC(C)(C)C(=O)OCC(C)(C)COC(=O)C(C)(C)CCCC,,,,,,,,
CCCCCCCCC(CCCCCCCCC(=O)OC)OC(C)=O,,,,,,,,
CCCCCCCCCC(CCCCCCCC(=O)OC)OC(C)=O,,,,,,,,
CCCCCCCCCCCCCCCCCC(=O)OCCC,,,,,,,,
CCCCCCCCCCCCOC(=O)CC1CCC(C)CC1,,,,,,,,
CCCCCCCCCCCCOC(=O)CCC1CCCCC1,,,,,,,,
CCCCCOC(=O)CC(CC(=O)OCCCCC)C(=O)OCCCCC,,,,,,,,
CCCCOCCOC(=O)CCCCCCCC(=O)OCCOCCCC,,,,,,,,
CC(CCOC(=O)C=C(CC(=O)OCCC(C)C)C(=O)OCCC(C)C)C,,,,,,,,
C(CCCC)OC(=O)C=C(CC(=O)OCCCCC)C(=O)OCCCCC,,,,,,,,
C(CCCCCc1ccccc1)CCCCc2ccccc2,0.181,0.171,0.916,0.876,6.040254711,6.194405391,2.206074193,0.90016135
CCCCCCCCCCCCc1cccc2ccccc12,0.222,0.211,0.909,0.871,6.073044534,6.226536669,2.458711534,0.963826777
CCCCCCCCCCCCc1ccc2ccccc2c1,0.232,0.22,0.904,0.871,6.073044534,6.226536669,2.184513016,0.716302026
CCCCCCc1ccc2cc(CCCCCC)ccc2c1,0.207,0.197,0.904,0.865,6.075346031,6.228511004,2.409486022,0.936779398
CCCCCCC(CCCCC)c1ccc2ccccc2c1,0.214,0.204,0.906,0.873,6.073044534,6.228511004,2.899513181,1.045907472
CCCCCCCCC(CCC)c1ccc2ccccc2c1,0.214,0.204,0.906,0.873,6.075346031,6.228511004,2.762913316,0.992351368
CCCCCCc1cc2ccccc2cc1CCCCCC,0.207,0.196,0.909,0.875,6.075346031,6.228511004,2.625885243,0.958391908
C(CCCCCCCCCCC)C1CCCC2=CC=CC=C12,0.141,0.134,0.86,0.825,6.11146734,6.267200549,3.218875825,1.85629799
CCCCCCc1cc2CCCCc2cc1CCCCCC,0.119,0.113,0.895,0.858,6.115892125,6.270988432,2.16736084,0.653324686
C(CCC)C1=C(C=C2CCCCC2=C1)CCCCCCCC,0.119,0.113,0.8967,0.863,6.115892125,6.270988432,2.48490665,1.335001067
C1CCC(C1)CCC(CCC2CCCC2)CCC3CCCC3,0.133,0.126,0.883,0.848,6.100318952,6.274762021,2.830480201,1.010698687
CC(CCCC=1C=C2CCCCC2=CC1CCCC(C)C)C,0.106,0.1,0.892,0.857,6.11368218,6.274762021,3.091042453,1.740466175
C(CCCCC)C(=CCCC1=CC=CC=C1)CCCCCC,0.153,0.144,0.865,0.828,6.146329258,6.295266001,1.410986974,0.470003629
CCCCCCCCCCCCCCCCc1ccccc1,0.166,0.156,0.843,0.802,6.142037406,6.298949247,1.778336449,0.598836501
C(CCCCCCC)C1=CC=C(C=C1)CCCCCCCC,0.146,0.137,0.845,0.81,6.171700597,6.318968114,1.808288771,0.741937345
C(CCCCCC1CCCCC1)CCCCC2CCCCC2,0.145,0.137,0.845,0.814,6.154858094,6.318968114,2.612262241,1.293828133
C1(=CC=CC=C1)C(CCCCCC)CCCCCCCCC,0.158,0.149,0.98,0.938,6.167516491,6.318968114,2.151762203,0.955511445
CCCCCCCCCCCC(CCCC)c1ccccc1,0.159,0.149,0.986,0.943,6.167516491,6.318968114,2.010094143,0.649346797
CCCCCCCCCC(C1CCCCC1)C2CCCCC2,0.133,0.125,0.954,0.915,6.154858094,6.320768294,3.053000681,0.866680231
CCCCCCCCCCCCc1cc(ccc1C)C(C)C,0.119,0.112,0.848,0.812,6.171700597,6.32256524,2.123611525,0.663038427
CCCCCCC(CCC)C1CCC(CC1)C2CCCCC2,0.126,0.119,0.866,0.831,6.154858094,6.32256524,3.390399965,1.193640611
C(CCCCCCCCC)C1=C(C=C(C=C1C)C(C)(C)C)C,0.097,0.092,0.857,0.823,6.17586727,6.324358962,2.63905733,1.30833282
CC(CC(CCCCCCC)(CC(C)C)C1=CC=CC=C1)C,0.127,0.12,0.925,0.889,6.167516491,6.324358962,1.960094784,0.955511445
CCCCCCCCC(CCC)C1CCC2CCCCC2C1,0.127,0.12,0.855,0.819,6.165417854,6.327936784,2.677735313,0.978983801
C(CC)C(CCCCCCCC)C1CC2CCCCC2CC1,0.127,0.12,0.855,0.819,6.165417854,6.327936784,1.945910149,0.875468737
CC(C)(C)C(C(C1CCCCC1)C(C)(C)C)C1CCCCC1,0.087,0.083,0.891,0.855,6.154858094,6.33150185,2.48490665,1.410986974
CC(CCOCCCCOCCC(CC(C)(C)C)C)CC(C)(C)C,0.138,0.129,1.007,0.962,6.342121419,6.335054251,2.944438979,1.667706821
C(CCCC=CCC=CCC=CCC=CCCCCC)(=O)OCC,0.198,0.187,1.032,0.989,6.214608098,6.356107661,1.098612289,0.405465108
C(C1=CC=C(C(=O)OCCCCCCC)C=C1)(=O)OCCCCCCC,0.178,0.179,1.151,1.107,6.21860012,6.364750757,3.258096538,1.85629799
C1(CCCCC1)CCOCCCCCCOCCC1CCCCC1,0.178,0.168,1.065,1.023,6.222576268,6.37331979,2.995732274,1.85629799
C(CCCCC)C(CCCC1CCCCC1)CCCCCC,0.138,0.13,0.842,0.805,6.22059017,6.37502482,2.63905733,1.386294361
CCCCCCCCCCCCC1CC(CCC1C)C(C)C,0.128,0.121,0.819,0.782,6.222576268,6.376726948,2.213560418,0.69800536
CCCCCCCCCCCCCCCCC1CCCCC1,0.15,0.14,0.816,0.764,6.224558429,6.380122537,2.029463172,0.712949808
CC(C)CCC(CCC(C)C)CC1CC(CCC1C)C(C)C,0.109,0.103,0.819,0.78,6.22059017,6.381816017,2.833838443,0.752170521
C(CCC)C(CCCC)=CCCC=C(CCCC)CCCC,0.137,0.128,0.808,0.772,6.242223265,6.385194399,0.875468737,0.09531018
C(C)C(CCCC)=CCCCCCCC=C(CCCC)CC,0.14,0.131,0.958,0.914,6.242223265,6.385194399,0.916290732,0.09531018
CC(=C)CCCCCCCCCCCCCCCCC(C)=C,0.129,0.121,0.804,0.763,6.249975242,6.391917113,0.862889955,-0.162518929
C(CCCCCC)C(=CCCCCCC)CCCCCCC,0.143,0.135,0.793,0.76,6.263398263,6.405228458,1.098612289,0.262364264
C(CCCCCC)C(=CCCCCCC)CCCCCCC,0.143,0.135,0.793,0.76,6.263398263,6.405228458,1.098612289,0.262364264
CC(C)(CCC=C(CCCC(C)(C)C)CCCC(C)(C)C)C,0.082,0.077,0.85,0.814,6.265301213,6.415096959,2.564949357,1.280933845
CCCCCCCCCCCCCCCCCCCCCC,0.154,0.144,0.779,0.741,6.282266747,6.424869024,1.609437912,0.536493371
CCCCCCCCCCCCCCCC(CCC)CCC,0.143,0.135,0.776,0.738,6.282266747,6.426488457,1.578978705,0.457424847
CCCCCCCC(CCCCCCC)CCCCCCC,0.142,0.134,0.787,0.751,6.282266747,6.426488457,1.877937165,0.322083499
CCCCC(CCCC)CCCCC(CCCC)CCCC,0.143,0.134,0.789,0.754,6.282266747,6.428105273,1.682870514,0.31647359
CCCCCC(CCCCC)C(CCCCC)CCCCC,0.13,0.122,0.795,0.76,6.282266747,6.428105273,1.682688374,0.3074847
C(C)C(CCCC)CCCCCCCCC(CCCC)CC,0.135,0.127,0.896,0.857,6.282266747,6.428105273,1.568615918,0.530628251
CC(CCCCCC)CCCCCCC(CCCCCC)C,0.135,0.128,0.9,0.861,6.282266747,6.428105273,1.589235205,0.530628251
CC(CCCCCC)CCCCCCC(CCCCCC)C,0.135,0.128,0.9,0.861,6.282266747,6.428105273,1.589235205,0.530628251
CC(C)CC(CC(CCCCCCCCCCCCC)C)C,0.131,0.122,0.781,0.744,6.280395839,6.429719478,1.621366483,0.438254931
C1(CCCCC1)CCOC(C)CCC(C)OCC(CCCC)CC,0.167,0.157,1.044,1.003,6.282266747,6.429719478,3.663561646,2.261763098
C(C)C(COC1CCC(CC1)OCC(CCCC)CC)CCCC,0.168,0.157,1.057,1.01,6.282266747,6.429719478,3.044522438,1.740466175
CC(C)CCC(C(CCC(C)C)CCC(C)C)CCC(C)C,0.107,0.1,0.787,0.75,6.280395839,6.436150368,1.252762968,0.262364264
C(C(C)C)C(CC(C)C)CCCCC(CC(C)C)CC(C)C,0.108,0.101,0.792,0.755,6.280395839,6.436150368,1.280933845,0.262364264
C(C(C)C)C(CC(C)C)CCCCC(CC(C)C)CC(C)C,0.108,0.101,0.792,0.755,6.280395839,6.436150368,1.280933845,0.262364264
CC(C)(CCCC(CCCC(C)(C)C)CCCC(C)(C)C)C,0.085,0.08,0.776,0.742,6.284134161,6.43775165,1.916922612,0.875468737
CCC(C)(C)CCC(C)(C)CCC(C)(C)CCC(C)(C)CC,0.069,0.065,0.796,0.762,6.285998095,6.439350371,2.81207142,0.997951822
C(CCCCCCCCCCCCCCCCC)(=O)OCCCC,0.166,0.156,1.01,0.966,6.304448802,6.445719819,2.028148247,0.955511445
C(CCCCCCCCCCCCC)(=O)OC(CCCCCC)C,0.162,0.152,0.839,0.795,6.304448802,6.447305863,2.63905733,1.360976553
C(CCCCCCCCCCCCCCCCC)(=O)OCC(C)C,0.162,0.152,0.84,0.804,6.304448802,6.447305863,2.63905733,1.360976553
C(CCCCCCCCCCCCCCCCC)(=O)OC(C)(C)C,0.147,0.138,0.99,0.95,6.304448802,6.448889394,3.465735903,1.931521412
CC(CCC(=O)OC)CCCC(CCCC(CCCCCC)C)C,0.148,0.139,1.011,0.965,6.304448802,6.450470422,2.48490665,1.223775432
C(CCC(=O)OCCCCCCCCC)(=O)OCCCCCCCCC,0.18,0.17,0.902,0.867,6.324358962,6.466144724,3.17805383,1.808288771
C(CCCCCCCCC(=O)OCCCCCC)(=O)OCCCCCC,0.18,0.17,0.917,0.87,6.324358962,6.466144724,3.17805383,1.808288771
C(CCCCC(=O)OCCCCCCCC)(=O)OCCCCCCCC,0.18,0.17,1.093,1.049,6.324358962,6.466144724,3.17805383,1.808288771
C(CCCCC(=O)OCC(CCCC)CC)(=O)OCC(CCCC)CC,0.171,0.168,0.909,0.87,6.324358962,6.469250317,1.947337701,0.683096845
CCCCCCCCCOCCCCOCCCCCCCCC,0.194,0.183,1.011,0.972,6.342121419,6.473890696,2.772588722,1.589235205
CC(CCCC)OCCCCCCCCCCOC(CCCC)C,0.177,0.167,0.996,0.956,6.340359304,6.476972363,3.33220451,1.945910149
CC(CCCCCC)OCCCCCCOC(CCCCCC)C,0.179,0.169,1.007,0.967,6.340359304,6.476972363,3.36729583,1.974081026
C(C)C(CCCCCC)OCCCCCCOC(CCCCCC)CC,0.178,0.168,0.994,0.954,6.421622268,6.559615237,3.36729583,1.974081026
CCCCCCCCCCCCCCCC(CCC)=CCC,,,,,,,,
CCCCCCCCCCC=C(CCCC)c1ccccc1,,,,,,,,
C1CCC(C1)CCC(CCC2CCCC2)=CCC3CCCC3,,,,,,,,
CC(C)CCOC(=O)CC(Cc1ccc(C)cc1)C(=O)OCCC(C)C,,,,,,,,
CC(C)CCOC(=O)CC(Cc1cccc(C)c1)C(=O)OCCC(C)C,,,,,,,,
CCCCCCCCCCCCOC(=O)Cc1ccc(CC)cc1,,,,,,,,
CCCCCCCCCCCCOC(=O)CCCc1ccccc1,,,,,,,,
CCCCCCCCCCCCC1CCCC2CCCCC12,,,,,,,,
CCCCCCC(CCCCCC)CCCC1CCCCC1,,,,,,,,
CC(C)CC(C)OC(=O)CCCCCCCCC(=O)OC(C)CC(C)C,,,,,,,,
CCC(CC)COC(=O)CCCCCCCCC(=O)OCC(CC)CC,,,,,,,,
CCC(CC)COCCOC(=O)CCCCC(=O)OCCOCC(CC)CC,,,,,,,,
CCCCC(CC)C(=O)OCCCCCCOC(=O)C(CC)CCCC,,,,,,,,
CCCCC(CC)C(=O)OCCOCCOCCOC(=O)C(CC)CCCC,,,,,,,,
CCCCCCC(CCCCCCCCCCC(=O)OC)OC(=O)CC,,,,,,,,
CCCCCCCC(=O)OCCCCCCOC(=O)CCCCCCC,,,,,,,,
CCCCCCCC\C=C/CCCCCCCC(=O)OCCCC,,,,,,,,
CCCCCCCCCCCC(=O)OCCCCCCCCCC,,,,,,,,
CCCCCCCCCCCCC(CC(=O)OC(C)C)C(=O)OC(C)C,,,,,,,,
CCCCCCCCCCCCC(CC(=O)OCCC)C(=O)OCCC,,,,,,,,
CCCCCCCCCCCCOC(=O)CCCC1CCCCC1,,,,,,,,
CCCCCCCCOC(=O)CCCCC(=O)OCCCCCCCC,,,,,,,,
CCCCCCOC(=O)CCCCCCCCC(=O)OCCCCCC,,,,,,,,
CCCCCCCCCCCC(=O)OCCCCCCCCCC,,,,,,,,
C(CCC=CCC=CCC=CCC=CCC=CCC=CCC)(=O)OC,0.226,0.213,1.087,1.043,6.214608098,6.356107661,2.116255515,0.955511445
C(CCCCCCCCCCCCCCC)OC1=C(C=CC=C1)OC,0.171,0.162,0.898,0.863,6.282266747,6.418364936,2.208274414,1.098612289
C(CCCCCCCCCCCCCCCCC)C1CCCC1,0.151,0.142,0.971,0.929,6.269096284,6.419994928,2.251291799,1.16315081
CCCCCCCCC(CCCCCCCC)C1CCCCC1,0.142,0.133,0.822,0.786,6.267200549,6.421622268,2.015550811,0.481907496
C(CCCCCCCCCCCC=CCC=CCCCCC)(=O)OC,0.188,0.178,1.037,0.995,6.304448802,6.447305863,2.208274414,1.064710737
CCCCCCCCCCCCCCCCCCCCCCC,0.155,0.145,0.78,0.746,6.327936784,6.469250317,1.768149604,0.636576829
CCCCCCCCC(CCCCCC)CCCCCCCC,0.143,0.134,0.784,0.745,6.326149473,6.470799504,1.710187816,0.431782416
CCCCC(CCCC)CCCCCC(CCCC)CCCC,0.132,0.124,0.793,0.759,6.326149473,6.472346295,1.850006365,0.470934446
CC(C)CC(CC(CCCCCCCCCCCCCC)C)C,0.133,0.124,0.784,0.747,6.326149473,6.473890696,1.766441661,0.530628251
C(CCCCCCCCCCC)(=O)OC(CCCCCCCCC)C,0.164,0.154,0.84,0.803,6.34738921,6.478509642,2.833213344,1.481604541
C(CCCCCCCCCCCCCCCCCCCCC)(=O)OC,0.173,0.16,0.842,0.809,6.34738921,6.478509642,1.757857918,0.841567186
C(CCCCCCCCCCCCCCC)(=O)OCCCCCCC,0.166,0.157,0.85,0.815,6.34738921,6.489204931,2.186051277,1.064710737
C(CCCC)(=O)OCCCCCCCCCCCCCCCCCC,0.165,0.156,0.999,0.958,6.34738921,6.489204931,2.163323026,1.064710737
CCCCC(CC)COC(=O)CCCCCC(=O)OCC(CC)CCCC,0.172,0.162,0.91,0.872,6.366470448,6.51174533,2.105133655,0.799127504
C(CCCCOCc1ccccc1)CCCCOCc2ccccc2,,,,,,,,
CC(CCCOCCc1ccccc1)CCOCCc2ccccc2,,,,,,,,
CC(CCOCCCc1ccccc1)COCCCc2ccccc2,,,,,,,,
CCCCCCCCCCCCOC(=O)CCCc1ccc(C)cc1,,,,,,,,
CCCCOC(=O)CC(Cc1ccc(cc1)C(C)(C)C)C(=O)OCCCC,,,,,,,,
CC(CCOC(=O)CCCC(=O)OCCC(C)CC(C)(C)C)CC(C)(C)C,,,,,,,,
CCCCC(CC)COC(=O)CCCCCC(=O)OCC(CC)CCCC,,,,,,,,
CCCCCC(C)(C)C(=O)OCC(C)(C)COC(=O)C(C)(C)CCCCC,,,,,,,,
CCCCCCC(CCCCCCCCCCC(=O)OCCOC)OC(C)=O,,,,,,,,
CCCCCCCC\C=C/CCCCCCCC(=O)OCCCCC,,,,,,,,
CCCCCCCCC(=O)OCC(C)(C)COC(=O)CCCCCCCC,,,,,,,,
CCCCCCCCCCCCCCCCCC(=O)OCCCCC,,,,,,,,
CCCCCCCCCCCCOC(=O)CCCC1CCC(C)CC1,,,,,,,,
CCCCCCCCCCOCCC(=O)OCCCCCCCCCC,,,,,,,,
C(CCOCCCc1ccccc1)CCOCCCc2ccccc2,,,,,,,,
C1(=CC=CC=C1)C=CCCCCCCCCCC(CCC)CCC,0.168,0.159,0.993,0.953,6.242223265,6.391917113,2.48490665,1.223775432
CC1=C(C=C(C=C1)CCCCCCCCCCCCCCCC)C,0.136,0.127,0.845,0.806,6.269096284,6.415096959,1.386294361,0.336472237
CCCCCCCCCCCCCCCCCCC1CCCCC1,0.155,0.146,0.816,0.775,6.313548046,6.464588304,2.267993648,1.101940079
CCCCCCCCCOCCCCOCCCCCCCCC,0.194,0.183,1.011,0.972,6.342121419,6.473890696,2.772588722,1.589235205
C(CCCCCCC)OCCCCCCOCCCCCCCC,0.196,0.185,1.024,0.984,6.342121419,6.473890696,2.833213344,1.62924054
CC(CCCC)OCCCCCCCCCCOC(CCCC)C,0.177,0.167,0.996,0.956,6.340359304,6.476972363,3.33220451,1.945910149
C(C)C(COCCCCCCOCC(CCCC)CC)CCCC,0.178,0.168,0.998,0.958,6.340359304,6.476972363,3.401197382,2.00148
C(C)C(COC(C)CCC(C)OCC(CCCC)CC)CCCC,0.162,0.153,0.983,0.943,6.338594078,6.480044562,3.135494216,1.774952351
CC(CCOCCCCOCCC(CC(C)(C)C)C)CC(C)(C)C,0.138,0.129,1.007,0.962,6.342121419,6.483107351,2.944438979,1.667706821
CCCCCCCCCCCCCCCCCCCCCCCC,0.157,0.147,0.786,0.748,6.369900983,6.51174533,1.722766598,0.717839793
CCCCCCCCCCCCCCCC(CCCC)CCCC,0.143,0.135,0.781,0.744,6.368187186,6.513230111,1.893111963,0.672944473
CCCCCCCCCCCC(CCCCCC)CCCCCC,0.146,0.137,0.79,0.758,6.368187186,6.513230111,2.298577072,0.625938431
CCCCCCCCCCCCCCCCCCCCC(C)(C)C,0.132,0.125,0.78,0.748,6.369900983,6.514712691,2.134166441,0.896088025
C(CC)C(CCCCCCCC)C(CCCCCCCC)CCC,0.136,0.128,0.905,0.867,6.368187186,6.514712691,1.871802177,0.78845736
CC(C)CC(CC(CCCCCCCCCCCCCCC)C)C,0.134,0.125,0.787,0.75,6.368187186,6.516193076,1.908059925,0.625938431
C(C(C)C)C(CC(C)C)CCCCCCCCCCCCCCC,0.135,0.127,0.79,0.755,6.368187186,6.516193076,1.686398954,0.641853886
C(CCC)C(CCCCCC)CC(CCCCCC)(C)CCCC,0.123,0.117,0.907,0.872,6.369900983,6.516193076,2.564949357,1.064710737
CCCCCC(CCC(CCC(C)C)CCC(C)C)CCC(C)C,0.108,0.101,0.789,0.754,6.366470448,6.520621128,1.481604541,0.470003629
CCCCC(CC)CC(C(C)C)C(CC(CC)CCCC)C(C)C,0.111,0.104,0.806,0.77,6.366470448,6.520621128,1.757857918,0.530628251
CC(C)CCC(CCC(CCC(C)C)CCC(C)C)CCC(C)C,0.107,0.1,0.866,0.827,6.366470448,6.520621128,1.458615023,0.405465108
CCCCCCC(CCCCCCCCCCC(=O)OCCCC)OC(C)=O,0.185,0.175,,,6.406879986,6.551080335,,
CC(CCOC(=O)CCCCC(=O)OCCC(C)CC(C)(C)C)CC(C)(C)C,0.149,0.139,,,6.408528791,6.558197803,,
C(C)C(CC)CCCCCCCCCCCCCCCCCCCCC,0.148,0.14,0.793,0.762,6.448889394,6.593044534,2.156402583,0.896088025
C(CCCCCCC)C(CCCCCCCC)CCCCCCCCCCCCCCC,0.16,0.15,0.8,0.767,6.65544035,6.799055862,2.54709867,1.16315081
CCCCCCCCCCCCCCCC(CCCC)=CCCC,,,,,,,,
CC1CCC(CC1)OC(=O)CCCCCCCCC(=O)OC2CCC(C)CC2,,,,,,,,
C(C)C(C(=O)OCC(C(C(C)C)OC(C(CC(C)C)CC)=O)(C)C)CC(C)C,,,,,,,,
CCCC(C)(C)COC(=O)CCCCCCCC(=O)OCC1(C)CCCCC1,,,,,,,,
CCCC(C)(C)COC(=O)CCCCCCCCC(=O)OCC(C)(C)CCC,,,,,,,,
CCCCC(CC)COC(=O)C1CCCC(C1)C(=O)OCC(CC)CCCC,,,,,,,,
CCCCC(CC)COC(=O)C1CCCCC1C(=O)OCC(CC)CCCC,,,,,,,,
CCCCCC(=O)OCC(CC)(COC(=O)CCCCC)COC(=O)CCCCC,,,,,,,,
CCCCCC(=O)OCCCCC(COC(=O)CCCCC)OC(=O)CCCCC,,,,,,,,
CCCCCC(C)(C)COC(=O)CCCCC(=O)OCC(C)(C)CCCCC,,,,,,,,
CCCCCCC(CCCCCCCCCCC(=O)OC(C)C)OC(=O)CC,,,,,,,,
CCCCCCCCC(=O)OC(C)COCC(C)OC(=O)CCCCCCCC,,,,,,,,
CCCCCCCCC(=O)OCC(C)C(CC)OC(=O)CCCCCCCC,,,,,,,,
CCCCCCCCCCCCC(CC(=O)OCCCC)C(=O)OCCCC,,,,,,,,
CCCCCCCCCCCCCCCCC(OC(C)=O)C(=O)OCCCC,,,,,,,,
CCCCCCCCCOC(=O)CCCCC(=O)OCCCCCCCCC,,,,,,,,
CCCCCCCCOC(=O)C1CCCC(C1)C(=O)OCCCCCCCC,,,,,,,,
CCCCCCCCOC(=O)C1CCCCC1C(=O)OCCCCCCCC,,,,,,,,
CCCCCCOC(=O)CC(CC(=O)OCCCCCC)C(=O)OCCCCCC,,,,,,,,
C(CCCCC)OC(=O)C=C(CC(=O)OCCCCCC)C(=O)OCCCCCC,,,,,,,,
C(Cc1ccccc1)C(CCc2ccccc2)=CCc3ccccc3,0.182,0.174,1.002,0.963,6.049733455,6.210600077,2.803360381,1.160020917
C(CC(CCCc1ccccc1)c2ccccc2)Cc3ccccc3,0.179,0.171,0.991,0.958,6.073044534,6.23636959,3.825669158,1.660020755
C(Cc1ccccc1)C(CCc2ccccc2)CCc3ccccc3,0.178,0.17,0.998,0.964,6.073044534,6.23636959,3.18221184,1.232560261
C1CCC(C1)CCCC(CCc2ccccc2)CCc3ccccc3,0.164,0.157,1.063,1.027,6.135564891,6.302618976,2.894253105,1.134622726
C1(=CC=CC=C1)C(=CCCCCCCCCCCC)C1=CC=CC=C1,0.168,0.159,1.033,0.995,6.17586727,6.33150185,3.63758616,2.219203484
CCCCCCC(CCCc1ccccc1)CCCc2ccccc2,0.167,0.158,0.904,0.87,6.198478716,6.354370041,2.74514558,1.02700887
C1(CCCCC1)CCC(CCCC1CCCC1)CCC1=CC=CC=C1,0.155,0.146,0.911,0.874,6.190315406,6.359573869,3.230804396,1.425515074
C1CCC(C1)CCCC(CCCC2CCCC2)CCc3ccccc3,0.156,0.147,0.908,0.872,6.194405391,6.363028104,2.857044754,1.166270937
CCCCCCCCCCCCCCCc1cccc2ccccc12,0.22,0.208,0.901,0.862,6.228511004,6.378426184,2.83085763,1.011600912
C1(CCCCC1)CC=C(CCC1CCCCC1)CCC1CCCCC1,0.133,0.126,0.9,0.866,6.216606101,6.390240667,2.090628731,1.965712776
C1CCC(C1)CCCC(CCCC2CCCC2)=CCCC3CCCC3,0.135,0.128,0.889,0.854,6.230481448,6.398594935,2.833213344,1.335001067
CCCCCCCCCCCCCCCc1cccc2CCCCc12,0.131,0.124,0.873,0.843,6.261491684,6.415096959,2.794839331,1.16938136
C1CCC(CC1)CCC(CCCC2CCCC2)CCC3CCCCC3,0.134,0.127,0.886,0.852,6.242223265,6.415096959,4.030694535,1.808288771
CCCCCCCCCCCCCCCCC1CCc2ccccc12,0.144,0.136,0.879,0.845,6.265301213,6.418364936,2.550226116,1.071583616
C1CCC(CC1)CCC(CCCC2CCCC2)CCCC3CCCC3,0.13,0.123,0.995,0.957,6.246106765,6.418364936,3.496507561,1.521698998
C1CCC(C1)CCCC(CCCC2CCCC2)CCCC3CCCC3,0.142,0.133,0.876,0.837,6.249975242,6.419994928,3.093766014,1.327075001
C(=CCCCCCCCCCCCCCC)C1=C(C=C(C=C1C)C)C,0.127,0.12,0.992,0.955,6.293419279,6.439350371,1.62924054,0.470003629
C(CCCCCCCCCCCCCCCCCC)C1=CC=CC=C1,0.156,0.147,0.843,0.808,6.309918278,6.456769656,2.118662255,0.770108222
CC1=CC=C(C=C1)CCCCCCCCCCCCCCCCCC,0.154,0.144,0.842,0.802,6.311734809,6.458338283,2.041220329,0.832909123
CCCCCCCCCCCCCCCCCCc1ccc(C)cc1,0.154,0.144,0.842,0.802,6.311734809,6.458338283,2.140560159,0.88461016
CCCCCCCCCC(CCCCCCCC)c1ccc(C)cc1,0.15,0.141,0.842,0.802,6.311734809,6.459904454,2.493205453,0.88376754
CCCCCCCCC(CCCCCCCC)CCc1ccccc1,0.127,0.123,0.843,0.805,6.309918278,6.459904454,2.034705648,0.652325186
CCCCCCCCC(CCC1CCCCC1)CCC2CCCCC2,0.129,0.122,0.854,0.817,6.298949247,6.461468176,3.292126287,1.376244025
C(CCCCCCCCCCCCCCC)C1=CC(=CC(=C1C)C)C,0.119,0.112,1,0.96,6.315358002,6.461468176,1.916922612,0.693147181
C1(=CC=CC=C1)C(CCC)CCCCCCCCC(CCC)CCC,0.156,0.147,1.004,0.962,6.308098442,6.461468176,2.48490665,1.252762968
CCCCCCCCCCCCCCCC1CCCC2CCCCC12,0.143,0.135,0.856,0.817,6.308098442,6.466144724,2.818398258,1.202972304
CCCCCCCCC(CCCC1CCCC1)CCCC2CCCC2,0.137,0.133,0.845,0.806,6.306275287,6.467698726,2.57184858,1.022450928
C1(CCCC1)CCCC(CCCCCCCC)CCCC1CCCC1,0.137,0.133,0.845,0.806,6.306275287,6.467698726,2.533696814,1.036736885
C1(CCCCC1)C(CCCCCCCCCCCC)C1CCCCC1,0.135,0.128,0.966,0.929,6.300785795,6.467698726,2.833213344,1.722766598
CCCCCCCCCCCCCCCCC1CCC2CCCCC12,0.142,0.134,0.844,0.811,6.311734809,6.469250317,2.675527009,1.16938136
C1(CCCCC1)CCCCCCCCCCCCCCCCCCC,0.151,0.141,0.813,0.781,6.356107661,6.507277712,2.564949357,1.360976553
CCCCCCCCC(CCCCCCCC)CCC1CCCCC1,0.146,0.137,0.82,0.781,6.356107661,6.508769137,2.459588842,0.904218151
C(CCCCCCCCCCCCCCC)C1C(CC(C(C1)C)C)C,0.13,0.122,0.963,0.926,6.357842267,6.508769137,1.871802177,0.693147181
C1(CCCCC1)C(CCC)CCCCCCCCC(CCC)CCC,0.138,0.13,0.982,0.94,6.354370041,6.510258341,3.135494216,1.791759469
C1(CCCC1)CCCC(CCCCCCCC)CCCCCCCC,0.146,0.137,0.816,0.777,6.359573869,6.51174533,2.170195905,0.78845736
CCCCCCCCC(CCCCCCCC)CCCC1CCCC1,0.146,0.137,0.816,0.777,6.359573869,6.51174533,2.200552367,0.770108222
CCCCCCCCC(CCCCCCCC)=CCCCCCCC,0.145,0.136,0.797,0.762,6.391917113,6.535241271,1.769854634,0.518793793
CCCCCCCCC(CCCCCCCC)CCCCCCCC,0.135,0.13,0.789,0.75,6.410174882,6.553933404,1.925707442,0.604315967
C(CCCC)C(CCCCCCCCC)CCCCCCCCCC,0.148,0.139,0.789,0.758,6.410174882,6.553933404,2.163323026,1.029619417
C(CCCCC)C(CCCCCC)(CCCCCC)CCCCCC,0.138,0.13,0.973,0.934,6.410174882,6.555356892,3.295836866,1.887069649
CCCCC(CC)COC(=O)CCCCCCCC(=O)OCC(CC)CCCC,0.179,0.169,,,6.445719819,6.591673732,,
C(CCCC)(=O)OCC(COC(CCCC)=O)(COC(CCCC)=O)COC(CCCC)=O,0.195,0.185,1.003,0.956,6.484635236,6.626717749,2.824374395,1.219129361
CCCCCCC(CCCCCCCCCCC(=O)OCCOCCOC)OC(C)=O,0.232,0.219,,,6.49677499,6.632001777,,
CCCCCCC(CCCC1CCCCC1)CCCc2ccccc2,,,,,,,,
CCCCCCCCC(CCc1ccccc1)CCc2ccccc2,,,,,,,,
CCCCCCC(CCCC1CCCCC1)CCCC2CCCCC2,,,,,,,,
CCCCCCCCCC(=O)OCC(C)(C)COC(=O)CCCCCCCCC,,,,,,,,
CC(C)CCOC(=O)CC(Cc1ccc(cc1)C(C)(C)C)C(=O)OCCC(C)C,,,,,,,,
CC1(CCCCC1)COC(=O)CCCCCCCC(=O)OCC2(C)CCCCC2,,,,,,,,
CCCCCC(=O)OCCCC(CCCOC(=O)CCCCC)OC(=O)CCCCC,,,,,,,,
CCCCCCC(C)(C)C(=O)OCC(C)(C)COC(=O)C(C)(C)CCCCCC,,,,,,,,
CCCCCCCCOC(=O)c1ccc(OC)c(c1)C(=O)OCCCCCCCC,,,,,,,,
CCCCCCCCCCCCC=C(c1ccccc1)c2ccccc2,0.167,0.159,0.915,0.879,6.226536669,6.380122537,2.812410216,1.10856262
C1(=CC=CC=C1)C(=CCCCCCCCCCCCC)C1=CC=CC=C1,0.167,0.159,0.915,0.879,6.226536669,6.380122537,2.694627181,1.193922468
CCCCCCCCCCCCCC(c1ccccc1)c2ccccc2,0.18,0.17,0.905,0.865,6.246106765,6.401917197,2.731115474,1.141033005
CCCCCCCCCCCCCCCCCCCCc1ccccc1,0.17,0.166,0.84,0.804,6.352629396,6.499787041,2.156819163,0.887100822
CCCCCCCCCCCCCCCC(CCCC)c1ccccc1,0.16,0.154,0.839,0.805,6.352629396,6.499787041,2.478217662,0.955511445
CCCCCCCCCCCCCCCCC(CCC)c1ccccc1,0.17,0.157,0.84,0.806,6.352629396,6.499787041,2.435366204,0.936093359
CCCCCCCCCCCCCCCCCC(CC)c1ccccc1,0.17,0.156,0.84,0.806,6.352629396,6.499787041,2.368372834,0.920282753
CCCCCCCCCCCCCCCCCCC(C)c1ccccc1,0.17,0.156,0.838,0.806,6.352629396,6.499787041,2.344686269,1.00063188
CCCCCCCCCCc1ccc(CCCCCCCCCC)cc1,0.17,0.157,0.84,0.801,6.354370041,6.501289671,2.323367632,0.943905899
CCCCCCCCCCc1cccc(CCCCCCCCCC)c1,0.166,0.155,0.84,0.801,6.354370041,6.501289671,2.218986069,0.649399034
CCCCCCCCCCCC(CCCCCCC)c1ccc(C)cc1,0.157,0.146,0.84,0.8,6.354370041,6.502790046,2.595254707,0.959350221
CCCCCCCCCCCCCCCCCCc1cc(C)ccc1C,0.15,0.137,0.842,0.807,6.356107661,6.502790046,2.466367524,0.78620027
CCCCCCCCCCCCCC(C1CCCCC1)C2CCCCC2,0.141,0.134,0.859,0.826,6.342121419,6.504288174,3.394508394,1.427916036
CCCCCCCC1CCC(CC1)C2CCC(CCCCCCC)CC2,0.128,0.121,0.865,0.831,6.343880434,6.504288174,3.408892697,1.414262092
CC1CCC(CC1)C(CCCCCCCCCCC)C1CCC(CC1)C,0.133,0.126,0.858,0.824,6.342121419,6.50578406,3.577947893,1.526056303
C1(CCCC1)C1C(CCC1)CCCCCCCCCCCCCCCC,0.143,0.135,0.848,0.813,6.350885717,6.508769137,2.502255288,1.091923301
CCCCCCCCCCCCCCCCC1CCCC2(CCCC2)C1,0.131,0.124,0.85,0.812,6.350885717,6.510258341,2.684440335,1.208960346
C(C)C(CC1CCC(C2CCCCC12)CC(CCCC)CC)CCCC,0.119,0.113,0.865,0.831,6.350885717,6.51174533,2.197224577,1.064710737
C=1(C(=CC=CC1)C(=O)OCCCCCCCCC)C(=O)OCCCCCCCCC,0.182,0.173,0.957,0.92,6.393590754,6.539585956,3.713572067,2.397895273
C(C=1C(C(=O)OCCCCCCCCC)=CC=CC1)(=O)OCCCCCCCCC,0.182,0.173,0.957,0.92,6.393590754,6.539585956,3.713572067,2.397895273
C(C)(=O)O.OC(CCCCCCCCCCC(=O)OC1=CC=CC=C1)CCCCCC,0.198,0.187,1.18,1.134,6.391917113,6.539585956,3.280911216,1.686398954
C=1(C(=CC=CC1)C(=O)OCCCCCCC(C)C)C(=O)OCCCCCCC(C)C,0.151,0.144,0.96,0.923,6.393590754,6.542471961,3.223791722,1.338151362
CCCCCCCCCCC1CCCC(CCCCCCCCCC)C1,0.148,0.14,0.817,0.781,6.396929655,6.548219103,2.482324151,0.768050551
CCCCCCCCCCC1CCC(CCCCCCCCCC)CC1,0.153,0.142,0.814,0.783,6.396929655,6.548219103,2.583997552,1.128171091
C(CCCCCCCCCCC)C1CCC(CC1)CCCCCCCC,0.146,0.137,0.818,0.784,6.396929655,6.548219103,2.028148247,0.993251773
CCCCCCCCCCCCCCCCCCCCC1CCCCC1,0.152,0.148,0.815,0.781,6.396929655,6.549650742,2.529800344,1.146586247
CCCCCCCCCCCCCCCCCCC1CC(C)CCC1C,0.142,0.133,0.82,0.782,6.398594935,6.549650742,2.51226238,0.804921086
CCCCCCCCCCCC(CCCCCCC)C1CCC(C)CC1,0.139,0.131,0.823,0.785,6.396929655,6.549650742,2.641910399,0.920282753
CCCCCCCCCCCCCC(CCCCCC)C1CCCCC1,0.141,0.133,0.842,0.787,6.396929655,6.549650742,2.58021683,1.01523068
CCCCCCCCCCCCCCCC(CCCC)C1CCCCC1,0.147,0.139,0.825,0.787,6.396929655,6.549650742,2.63977136,1.047318994
CCCCCCCCCCCCCCCCCC(CC)C1CCCCC1,0.149,0.14,0.826,0.788,6.396929655,6.549650742,2.522523513,1.078409581
CCCCCCCCCCCC(CCCCCCCC)C1CCCCC1,0.151,0.137,0.823,0.789,6.396929655,6.549650742,2.559550193,0.978326123
CCCCCCCCCCCCCCCCC(CCC)C1CCCCC1,0.148,0.139,0.826,0.791,6.396929655,6.549650742,2.610804817,1.057790294
CCCCCCCCCCCCCCCCCCC(C)C1CCCCC1,0.149,0.14,0.824,0.878,6.396929655,6.549650742,2.604909442,1.150572028
C1(CCCC1)CCCCCCCCCCCCCCCCCCCCC,0.16,0.151,0.814,0.778,6.400257445,6.551080335,2.186051277,1.043804052
CCCCCCCCCCC(CCCCCCCCCC)C1CCCC1,0.148,0.139,0.821,0.786,6.400257445,6.552507887,2.298577072,0.841567186
C(CCC)C(CCCC)=CCCCCCCC=C(CCCC)CCCC,0.133,0.126,0.811,0.78,6.413458957,6.556778356,1.458615023,0.530628251
CCCCCCCCCCCCCCCC(C1CCCC1)C2CCCC2,0.172,0.16,1.001,0.96,6.416732283,6.559615237,2.671386217,1.105256831
CCCCCCCCCCCC(CCCC)CCCCCCCCCC,0.15,0.141,0.791,0.753,6.448889394,6.593044534,2.084429083,0.688134639
CCCCCCCCCCCCCC(CCCC)CCCCCCCC,0.143,0.135,0.791,0.753,6.448889394,6.593044534,2.101692151,0.732367894
CCCCCCCCCCC(CCCCC)CCCCCCCCCC,0.151,0.142,0.791,0.755,6.448889394,6.593044534,2.048982334,0.698134722
CCCCCCCCCCCCCC(CCCCCC)CCCCCC,0.135,0.127,0.793,0.758,6.448889394,6.593044534,2.106570209,0.737164066
CCCCCCCCCCCCCCCCCC(CCCC)CCCC,0.152,0.143,0.794,0.76,6.448889394,6.593044534,2.187174241,0.806475866
CCCCCCCCCCCCCCCC(CCCC)CCCCCC,0.145,0.136,0.793,0.76,6.448889394,6.593044534,2.138889,0.765467842
CCCCCCCCCCCCCCCCCCCCCC(CC)CC,0.148,0.14,0.793,0.762,6.448889394,6.593044534,2.196112848,0.867100488
CCCCC(CCCC)CCCCCCCCC(CCCC)CCCC,0.143,0.134,0.795,0.755,6.447305863,6.59441346,2.237513096,0.727548607
CCCCCC(CCCCC)CCCCC(CCCCC)CCCCC,0.14,0.131,0.794,0.756,6.447305863,6.59441346,2.213753879,0.698134722
CCCCCCCCCCC(CCCCCCCCCC)C(CC)CC,0.138,0.13,0.798,0.765,6.447305863,6.59441346,2.095560924,0.683096845
C(CC)C(CCCCCCCCC)C(CCCCCCCCC)CCC,0.13,0.123,0.806,0.774,6.447305863,6.59441346,2.00148,0.875468737
C(C)C(CCCCCCCCCC)(CCCCCCCCCCCC)C,0.13,0.123,0.915,0.88,6.448889394,6.59441346,3.17805383,1.791759469
CCCCCCCCCCC(CCCCCCCCCC)CC(C)(C)C,0.131,0.123,0.792,0.757,6.448889394,6.595780514,2.201659174,0.746687947
CCCCCCCCCCCCCC(CC(CC)CC)CC(CC)CC,0.135,0.127,0.799,0.764,6.447305863,6.595780514,2.224623552,0.75612198
CCCCCCCCCCCC(c1ccc(C)cc1)c2ccc(C)cc2,0.144,0.136,0.902,0.856,,,3.055415276,1.199964783
C(CC(CCCc1ccccc1)Cc2ccccc2)Cc3ccccc3,,,,,,,,
CCCCCCCCCCc1ccccc1CCCCCCCCCC,,,,,,,,
CCCCCCCCCCCCCCCCCCc1ccc(C)cc1C,,,,,,,,
CCCCCCCCCCCCCCCCCCc1ccc(CC)cc1,,,,,,,,
CCCCC(CC)COC(=O)Cc1cccc(CC(=O)OCC(CC)CCCC)c1,,,,,,,,
CCCCCCC(CCCCCCCCCCC(=O)Oc1ccccc1)OC(C)=O,,,,,,,,
C(CCCCCCCC)(=O)OC(COC(CCCCCCCC)=O)C1=CC=CC=C1,,,,,,,,
CCCCCCCCCCCCCCCCC1CCCc2ccccc12,,,,,,,,
CCCCCCCCOC(=O)Cc1cccc(CC(=O)OCCCCCCCC)c1,,,,,,,,
CC(C)CCC(COC(=O)CCCCC(=O)OCC(CCC(C)C)C(C)C)C(C)C,,,,,,,,
CC1(CCCCC1)COC(=O)CCCCCCCCC(=O)OCC2(C)CCCCC2,,,,,,,,
CCCC(C)(C)COC(=O)CCCCCCCCCCC(=O)OCC(C)(C)CCC,,,,,,,,
CCCCC(C)(C)COC(=O)CCCCCCCCC(=O)OCC(C)(C)CCCC,,,,,,,,
CCCCC(CC)C(=O)OCCCCCCCCCCOC(=O)C(CC)CCCC,,,,,,,,
CCCCC(CC)COC(=O)C[C@@H]1CCC[C@@H](C1)CC(=O)OCC(CC)CCCC,,,,,,,,
CCCCC(CC)COC(=O)CCCCCCCCC(=O)OCC(CC)CCCC,,,,,,,,
CCCCCCC(C)OC(=O)CCCCCCCCC(=O)OC(C)CCCCCC,,,,,,,,
CCCCCCC(CCCCCCCCCCC(=O)OCC(CC)CC)OC(C)=O,,,,,,,,
CCCCCCCCC(=O)OCC(C)(C)C(OC(=O)CCCCCCCC)C(C)C,,,,,,,,
CCCCCCCCC(O)(CCCCCCCC(=O)OCC(C)C)C(=O)OCC(C)C,,,,,,,,
CCCCCCCCC(OC(C)=O)C(CCCCCCCC(=O)OCCCC)OC(C)=O,,,,,,,,
CCCCCCCCCCCCC(CC(=O)OCCC(C)C)C(=O)OCCC(C)C,,,,,,,,
CCCCCCCCCOC(=O)CCCCCCCC(=O)OCC1(C)CCCCC1,,,,,,,,
CCCCCCCCOC(=O)C[C@H]1CCC[C@H](C1)CC(=O)OCCCCCCCC,,,,,,,,
CCCCCCCCOC(=O)CCCCCCCCC(=O)OCCCCCCCC,,,,,,,,
C1(CCCCC1)CCCC(CCCC1CCCCC1)CCC1CCCCC1,0.131,0.124,0.901,0.868,6.327936784,6.499787041,3.295836866,2.116255515
CCCCCCCCCCCCC1C(CCC1C2CCCC2)C3CCCC3,0.129,0.123,0.878,0.841,6.342121419,6.507277712,3.200711854,1.381281819
C1(=CC=CC=C1)C(=CCCCCCCCCC)CCCCCCCCCC,0.196,0.184,0.85,0.811,6.376726948,6.523562306,2.269028309,0.920282753
CCCCCCCCCCC(=CCCCCCCCCC)c1ccccc1,0.196,0.184,0.85,0.811,6.376726948,6.523562306,2.16280565,0.65340273
C(CCCCCCCCCCCCCCCCCCCC)C1=CC=CC=C1,0.17,0.162,0.84,0.806,6.393590754,6.541029999,2.451005098,1.004301609
CCCCCCCCCCC(CCCCCCCCCC)c1ccccc1,0.15,0.142,0.842,0.807,6.393590754,6.542471961,2.501435952,0.97455964
CC1=C(C(=CC(=C1)C)C)CCCCCCCCCCCCCCCCCC,0.138,0.126,0.848,0.812,6.400257445,6.54534966,2.474896717,1.100077881
C(CCCCCCCCC)C(CCC1CCCCC1)CCC1CCCCC1,0.135,0.128,0.859,0.827,6.383506635,6.54534966,3.044522438,1.840549633
C(CCCCCCCCC)C(CCC1CCCCC1)CCC1CCCCC1,0.135,0.128,0.859,0.827,6.383506635,6.54534966,3.044522438,1.840549633
CCCCCCCCCCCCCCCCCCC1C(C)CC(C)CC1C,0.13,0.123,0.821,0.785,6.43775165,6.588926478,2.815408719,1.141033005
CCCCCCCCCCC(CCCCCCCCCC)CC1CCCC1,0.148,0.139,0.819,0.784,6.439350371,6.591673732,2.385086315,0.951657876
C1(CCCC1)CC(CCCCCCCCCC)CCCCCCCCCC,0.148,0.139,0.819,0.784,6.439350371,6.591673732,2.336019869,0.970778917
C(CCCCCCC)C(CCCCCCCC)CCCCCCCCCC,0.14,0.133,0.8,0.769,6.486160789,6.630683386,1.667706821,0.470003629
CCCCCC(CCCCC)CCCCCC(CCCCC)CCCCC,0.134,0.127,0.796,0.765,6.486160789,6.632001777,2.38923974,0.789910849
C(CC(CCCc1ccccc1)CCc2ccccc2)Cc3ccccc3,,,,,,,,
C1CCC(CC1)CCCC(CCCc2ccccc2)CCc3ccccc3,,,,,,,,
CCCCCCCc1cccc(CCCCCCC)c1CCCCCCC,,,,,,,,
CCCCCCCCCCC(CCC1CCCCC1)CCc2ccccc2,,,,,,,,
CCCCCCCCCCCCCCCCCCc1ccc(cc1)C(C)C,,,,,,,,
CCCCCCCCCCCCCCCCCCCCc1ccc(C)cc1,,,,,,,,
CC(C)(C)c1ccc(cc1)C(=O)OCCCCCOC(=O)c2ccc(cc2)C(C)(C)C,,,,,,,,
CCCCC(CC)COC(=O)CC(Cc1ccccc1)C(=O)OCC(CC)CCCC,,,,,,,,
CCCCCCCCOC(=O)CC(Cc1ccccc1)C(=O)OCCCCCCCC,,,,,,,,
CCCCCCCCCCC(CCC1CCCCC1)CCC2CCCCC2,,,,,,,,
CC(CCOC(=O)CCCCCCCC(=O)OCCC(C)CC(C)(C)C)CC(C)(C)C,,,,,,,,
CCCCC(CC)CCC(C)OC(=O)CCCC(=O)OC(C)CCC(CC)CCCC,,,,,,,,
CCCCCCC(=O)OCC(CC)(COC(=O)CCCCCC)COC(=O)CCCCCC,,,,,,,,
CCCCCCC(CCCCCCCCCCC(=O)OCC(C)CCC)OC(=O)CC,,,,,,,,
CCCCCCCC(=O)OCC(COC(=O)CCCCCCC)OC(=O)CCCCCCC,,,,,,,,
CCCCCCCCC(=O)OCC(CC)(CCCC)COC(=O)CCCCCCCC,,,,,,,,
C(CCCCCCCC)(=O)OCC(C(CC)OC(CCCCCCCC)=O)(CC)CC,,,,,,,,
C(CC(CCCc1ccccc1)=CCCc2ccccc2)Cc3ccccc3,0.185,0.176,0.98,0.945,6.206575927,6.366470448,3.176385773,1.337629189
C(CC(CCCc1ccccc1)CCCc2ccccc2)Cc3ccccc3,0.2,0.189,0.97,0.932,6.228511004,6.388561406,3.420019136,1.439835128
CCCCCCCCCCCCCCC=C(c1ccccc1)c2ccccc2,0.174,0.165,0.909,0.876,6.317164687,6.469250317,2.950211758,1.313723668
CCCCCCCCCCCCCCCC(c1ccccc1)c2ccccc2,0.18,0.167,0.898,0.858,6.335054251,6.490723535,2.941803932,1.311031877
C(CCCCCCCCCCCCCCCCC)C1CC2=CC=CC=C2CC1,0.15,0.143,0.874,0.837,6.390240667,6.543911846,3.391147046,1.69744879
C(CCCCCCCCCCCCCCCCC)C=1C=C2CCCCC2=CC1,0.14,0.134,0.874,0.843,6.391917113,6.543911846,3.161246712,1.591273942
C1(=CC=CC=C1)CCCCCCCCCCCCCCCCCCCCCC,0.172,0.165,1.02,0.987,6.434546519,6.580639137,2.66792241,1.17557333
CCCCCCCCCCC(CCCCCCCCCC)Cc1ccccc1,0.162,0.152,0.847,0.813,6.432940093,6.582025139,2.189122959,0.836779883
C(CCC)C(CCCCCCCCCCCCCCCCC)C1=CC=CC=C1,0.15,0.142,0.848,0.814,6.432940093,6.582025139,2.48490665,1.252762968
CCCCCCCCC1CCC(CC1)C2CCC(CCCCCCCC)CC2,0.128,0.122,0.861,0.828,6.424869024,6.583409222,3.097219247,1.44245728
CCCCCCCCCCCCCC(CC1CCCCC1)CC2CCCCC2,0.143,0.135,0.852,0.817,6.423246964,6.584791392,3.472276963,1.446918983
CCCCCCCCCCCCCCCC(C1CCCCC1)C2CCCCC2,0.137,0.13,0.869,0.837,6.423246964,6.584791392,3.252697373,1.460937904
C1(CCCC1)C1C(CCC1)CCCCCCCCCCCCCCCCCC,0.136,0.129,0.858,0.826,6.431331082,6.588926478,1.931521412,0.875468737
C(C=1C(C(=O)OCCCCCCCC(C)C)=CC=CC1)(=O)OCCCCCCCC(C)C,0.163,0.155,0.952,0.91,6.470799504,6.620073207,3.637059705,1.619388243
C=1(C(=CC=CC1)C(=O)OCCCCCCCC(C)C)C(=O)OCCCCCCCC(C)C,0.163,0.155,0.952,0.91,6.470799504,6.620073207,3.637059705,1.619388243
CCCCCCCCCCCCCCCCCCCCCCC1CCCCC1,0.156,0.147,0.825,0.793,6.473890696,6.625392368,2.746790029,1.283195176
C1(CCCCC1)CC(CCCCCCCCCC)CCCCCCCCCC,0.149,0.14,0.823,0.789,6.473890696,6.626717749,2.628285233,1.121677562
CCCCCCCCCCC(CCCCCCCCCC)CC1CCCCC1,0.149,0.14,0.823,0.789,6.473890696,6.626717749,2.672077541,1.071583616
C(CCCCCCCC)C(CC=CCCCCCC)CCCCCCCCC,0.159,0.151,0.967,0.931,6.504288174,6.64898455,2.564949357,1.335001067
C(CCCCCCCC)C(CC=CCCCCCC)CCCCCCCCC,0.159,0.151,0.967,0.931,6.504288174,6.64898455,2.564949357,1.335001067
CC(C)(CC(CC=C(CCC(CC(C)(C)C)C)CCC(CC(C)(C)C)C)C)C,0.062,0.059,0.796,0.759,6.507277712,6.661854741,2.63188884,0.951657876
CCCCCCCCCCCCCCCCCCCCCCCCCCCC,0.164,0.156,0.787,0.755,6.522092798,6.665683718,2.165619238,1.047318994
CCCCCCCCCC(CCCCCCCCC)CCCCCCCCC,0.148,0.139,0.796,0.759,6.522092798,6.666956792,2.1690537,0.824175443
CCCCCCCCCCCC(CCCCCCCC)CCCCCCCC,0.152,0.143,0.796,0.762,6.522092798,6.666956792,2.217027205,0.806475866
CCCCCCCCCCCCCCCC(CCCCCC)CCCCCC,0.152,0.143,0.797,0.763,6.522092798,6.666956792,2.322544571,0.90198489
C(CCCCCCC)C(CCCCCCCCC)CCCCCCCCCC,0.149,0.141,0.796,0.766,6.522092798,6.666956792,2.564949357,1.335001067
C(CC)C(CCCCCCCCCC)C(CCCCCCCCCC)CCC,0.139,0.132,0.809,0.778,6.522092798,6.668228248,2.00148,0.78845736
CC(CCC(CCC(C)CC(C)(C)C)CCC(C)CC(C)(C)C)CC(C)(C)C,0.064,0.06,0.798,0.76,6.522092798,6.678342115,2.938103161,1.05431203
CCCCCCCCCCCCCCCCCC(=O)OCCCCCCCCCC,0.16,0.154,0.863,0.832,6.539585956,6.682108597,2.4137552,1.140496119
C(CCC(=O)OCCCCCCCCCCCC)(=O)OCCCCCCCCCCCC,0.18,0.168,1.017,0.982,6.555356892,6.698268054,3.761200116,2.48490665
CCCCCCC(CCCCCCCCCCC(=O)OCCOc1ccccc1)OC(C)=O,0.224,0.212,,,,,,
CCCCCCCCCC(CCCc1ccccc1)CCCc2ccccc2,,,,,,,,
CCCCCCCCCCCc1ccccc1CCCCCCCCCCC,,,,,,,,
CCCCCCCCCCCCCCCCC=C(CCCC)c1ccccc1,,,,,,,,
CCCCCCCCCCCCCCCCCC(CCCC)c1ccccc1,,,,,,,,
CCCCC(CC)COC(=O)CC(Cc1ccc(C)cc1)C(=O)OCC(CC)CCCC,,,,,,,,
CCCCC(CC)COC(=O)CC(Cc1cccc(C)c1)C(=O)OCC(CC)CCCC,,,,,,,,
CCCCCCCCOC(=O)CC(Cc1ccc(C)cc1)C(=O)OCCCCCCCC,,,,,,,,
CCCCCCCCCCC(CCCCCCCCCC)CC1CCCCC1,,,,,,,,
CCCCCCCCCCCCCCCCCC(CCCC)C1CCCCC1,,,,,,,,
CC(C)CCCCCCCOC(=O)CCCCCCCCC(=O)OCC1(C)CCCCC1,,,,,,,,
CC(CCOC(=O)CCCCCCCCC(=O)OCCC(C)CC(C)(C)C)CC(C)(C)C,,,,,,,,
CCCCC(C)(C)COC(=O)CCCCCCCCCCC(=O)OCC(C)(C)CCCC,,,,,,,,
CCCCC(CC)CCC(C)OC(=O)CCCCC(=O)OC(C)CCC(CC)CCCC,,,,,,,,
CCCCCC(C)(C)COC(=O)CCCCCCCCC(=O)OCC(C)(C)CCCCC,,,,,,,,
CCCCCCC(CCCCCCCCCCC(=O)OCC(CC)CCCC)OC(C)=O,,,,,,,,
CCCCCCCC(C)(C)COC(=O)CCCCC(=O)OCC(C)(C)CCCCCCC,,,,,,,,
CCCCCCCCCC(=O)OCC(C)(C)C(OC(=O)CCCCCCCCC)C(C)C,,,,,,,,
CCCCCCCCCCOC(=O)CCCCCCCCC(=O)OCC1(C)CCCCC1,,,,,,,,
CCCCCCCCOC(=O)CC(Cc1cccc(C)c1)C(=O)OCCCCCCCC,,,,,,,,
C(CCCCCC)C(CCCCCC)(CCCCCCCC)CCCCCCC,0.131,0.124,0.805,0.775,6.558197803,6.703188113,3.663561646,2.186051277
CC1=CC=C(C(=C1)C(=CCCCCCCCCC)CCCCCCCCCC)C,0.13,0.122,0.849,0.815,6.458338283,6.603943825,1.526056303,0.587786665
CCCCCCCCCCC(=CCCCCCCCCC)c1cc(C)ccc1C,0.122,0.115,0.953,0.915,6.458338283,6.603943825,2.755569717,1.101940079
CCCCCCCCCCC(CCCCCCCCCC)c1cc(C)ccc1C,0.127,0.12,0.846,0.812,6.475432717,6.622736324,3.0194488,1.241268589
CCCCCCCCCCC(CCCCCCCCCC)C1CC(C)CCC1C,0.131,0.124,0.828,0.794,6.51174533,6.663132696,2.989211057,1.208960346
CCCCCCCCCCC(CCCCCCCCCC)CC1CC(C)CC1C,0.123,0.117,0.815,0.784,6.514712691,6.665683718,2.43798973,0.932164081
C(CCCCCCCC)C(CCCCCCCCC)CCCCCCCCCC,0.149,0.142,0.798,0.768,6.556778356,6.701960366,2.708050201,1.435084525
C(CCCC(=O)OCCCCCCCCCCCC)(=O)OCCCCCCCCCCCC,0.17,0.167,1.015,0.983,6.588926478,6.7310181,3.891820298,2.564949357
C(CCCCC)(=O)OCC(COC(CCCCC)=O)(COC(CCCCC)=O)COC(CCCCC)=O,0.183,0.175,0.988,0.955,6.621405652,6.763884909,2.988647234,1.372233468
CCCCCCCCOC(=O)CC(C(=O)OCCCCCCCC)C(C)(C)c1ccccc1,,,,,,,,
CCCCCC(=O)OCC(COC(=O)CCCCC)(COC(=O)CCCCC)COC(=O)CCCCC,,,,,,,,
CCCCCCC(CCCCCCCCCCC(=O)OCC(CC)CCCC)OC(=O)CC,,,,,,,,
CCCCCCC(CCCCCCCCCCC(=O)OCCCC)OC(=O)CCCCC(=O)OC,,,,,,,,
C(CCCCCC)(=O)OCC(COC(CCCC)=O)(COC(CCCC)=O)COC(CCCCCC)=O,,,,,,,,
CCCCC(=CCCCCCCC=C(CCCC)c1ccccc1)c2ccccc2,0.169,0.161,0.923,0.891,6.381816017,6.535241271,3.213114862,1.38644185
CCCCCCCCCCCCCCCCC=C(c1ccccc1)c2ccccc2,0.177,0.169,0.909,0.878,6.400257445,6.552507887,3.004682104,1.434331861
CCCCCCCCCCCCCCC=C(Cc1ccccc1)Cc2ccccc2,0.176,0.167,0.913,0.88,6.400257445,6.552507887,3.247657626,1.44926916
CCCCCCCCCCCCCCCC(Cc1ccccc1)Cc2ccccc2,0.19,0.175,1.1,1.061,6.418364936,6.570882962,3.335769576,1.470175845
CCCCC(CCCCCCCCC(CCCC)c1ccccc1)c2ccccc2,0.17,0.162,0.897,0.864,6.416732283,6.572282543,3.367914604,1.430732211
C(CCC)C(=CCCCCCCCCCCCCCC)C1=CC=CC2=CC=CC=C12,0.237,0.226,0.902,0.874,6.424869024,6.575075841,3.80666249,2.397895273
C(CCCCCCCCCCCCCCCCCCCCCCC)C1=CC=CC=C1,0.156,0.147,0.901,0.865,6.508769137,6.65544035,1.931521412,0.875468737
C1(CCCCC1)CC(CCCCCCCCCCCCCCC)CC1CCCCC1,0.135,0.128,0.866,0.835,6.498282149,6.658011046,3.36729583,2.128231706
CCCCCCCCCCCCCC(CCCCCCCC)CCCCCCCC,0.159,0.149,0.8,0.765,6.590301048,6.735780014,2.406945108,0.963174318
CC(C)CCCC(C)CCCC(C)CCCCC(C)CCCC(C)CCCC(C)C,0.123,0.115,0.796,0.756,6.588926478,6.741700695,2.712042222,1.137833002
C(CCCCCCCCCCCCCCC)(=O)OCCCCCCCCCCCCCC,0.162,0.153,0.935,0.909,6.606650186,6.748759547,2.954910279,1.740466175
C(CCCCCCCCCCCCCCCCCCCCCCCCCCC)(=O)OCC,0.16,0.152,0.942,0.911,6.606650186,6.748759547,2.995732274,1.722766598
C(C)OC(C(=C(CCCCCCCCCCCCC)O)CCCCCCCCCCCC)=O,0.166,0.151,0.967,0.932,6.617402978,6.758094504,3.80666249,2.48490665
C(CCCCCCCCC(=O)OCCCCCCCCCC)(=O)OCCCCCCCCCC,0.174,0.166,0.896,0.849,6.622736324,6.763884909,3.761200116,2.708050201
C(CCCCC(=O)OCCCCCCCCCCCC)(=O)OCCCCCCCCCCCC,0.171,0.166,0.999,0.97,6.622736324,6.763884909,3.891820298,2.708050201
CCCCCCc1ccc(CCCCCC)c(CCCCCC)c1CCCCCC,,,,,,,,
CC(C)CCCCCCCCCCOC(=O)CCCCCCCCC(=O)OCc1ccccc1,,,,,,,,
C1(CCCCC1)C(=O)OCC(COC(CCCCC)=O)(COC(CCCCC)=O)COC(CCCCC)=O,,,,,,,,
CCCCCCC(C)(C)COC(=O)CCCCCCCCC(=O)OCC(C)(C)CCCCCC,,,,,,,,
CCCCCCC(CCCCCCCCCCC(=O)OCC(CC)CCCC)OC(=O)CCC,,,,,,,,
CCCCCCCC(=O)OCC(CC)(COC(=O)CCCCCCC)COC(=O)CCCCCCC,,,,,,,,
CCCCCCCC(COC(=O)CCCCC(=O)OCC(CCCCCCC)C(C)C)C(C)C,,,,,,,,
CCCCCCCCCCCCCCCCCCOC(=O)CCCCCCCCCCC,,,,,,,,
CCCCCCCCCCC(=CCCCCCCCCC)c1cccc2ccccc12,0.22,0.206,0.893,0.864,6.463029457,6.612041035,3.398527153,1.497388409
CCCCCCCCCCC(CCCCCCCCCC)c1cccc2CCCCc12,0.126,0.12,0.875,0.845,6.50578406,6.65929392,3.645971953,1.611435915
C(CCCCCCCCCCCCCCCCCCCCCCCC)C1=CC=CC=C1,0.155,0.147,0.895,0.86,6.543911846,6.690842277,2.00148,0.955511445
CCCCCCCCCCCCC(CCCCCCCCCCCC)c1ccccc1,0.17,0.162,0.839,0.807,6.543911846,6.692083743,2.874693945,1.255616037
CCCCCCCCCCC(CCCCCCCCCC)C1CCCC2CCCCC12,0.14,0.132,0.859,0.825,6.542471961,6.698268054,3.626738058,1.619388243
CCCCCCCCCCCCC(CCCCCCCCCCCC)C1CCCCC1,0.157,0.148,0.828,0.794,6.580639137,6.7310181,2.925846146,1.289232648
C(CCCCCCCCC)C(=CCCCCCCCCC)CCCCCCCCCC,0.146,0.139,0.948,0.916,6.609349243,6.752270376,2.041220329,0.993251773
C(CCCCCCCCC)C(CCCCCCCCCC)CCCCCCCCCC,0.154,0.145,0.799,0.761,6.624065228,6.767343125,2.421256623,1.011600912
C(C(CCC(=O)OCC(CCCC)CC)C(=O)OCC(CCCC)CC)C(=O)OCC(CCCC)CC,0.186,0.175,0.938,0.902,6.666956792,6.814542897,3.010620886,2.197224577
CC(C)CCCCCCCCCCOC(=O)CCCCCCCCC(=O)OCC1(C)CCCCC1,,,,,,,,
C(CCC)C(=CCCCCCCCCCCCCCCCC)C1=CC2=CC=CC=C2C=C1,0.243,0.232,0.902,0.874,6.499787041,6.64898455,3.912023005,2.708050201
CC(C)CC(C(CC(C)C)(C1=CC=C(C=C1)C(C)(C)C)C)(C1=CC=C(C=C1)C(C)(C)C)C,0.054,0.051,1.053,1.013,6.498282149,6.66057515,3.850147602,2.397895273
CCCCCCCCCCCC(CCCCCCCCCC)c1cccc2ccccc12,0.252,0.24,0.892,0.864,6.516193076,6.665683718,3.507381558,1.573006266
CCCCCCCCCCCCCCCCCCCCCCc1ccc2CCCCc2c1,0.146,0.139,0.872,0.844,6.542471961,6.693323668,2.921741218,1.596838877
CCCCCCCCCCCCCCCCC=C(CCCC)c1ccc2CCCCc2c1,0.138,0.132,0.874,0.846,6.541029999,6.694562059,3.693966493,1.755551812
C1(=CC=CC=C1)CCCCCCCCCCCCCCCCCCCCCCCCCC,0.155,0.147,,,6.577861358,6.725033642,,
C(CCC)C(CCCCCCCCCCCCCCCCCCCCC)C1=CC=CC=C1,0.149,0.141,0.846,0.814,6.577861358,6.726233402,2.833213344,1.526056303
CCCCCCCCCCCCCCCCCCCCCCC1CCC2CCCCC2C1,0.133,0.127,0.86,0.83,6.576469569,6.7310181,3.169164437,1.841818669
C(CCC)C(CC1CC2CCCCC2CC1)CCCCCCCCCCCCCCCC,0.126,0.12,0.854,0.825,6.576469569,6.732210706,3.091042453,1.808288771
C(C=1C(C(=O)OCCCCCCCCCCCC)=CC=CC1)(=O)OCCCCCCCCCCCC,0.164,0.156,,,6.610696045,6.755768922,,
CCCCCCCCCCCCCCCC(CCCCCCCC)CCCCCCCC,0.16,0.15,0.8,0.767,6.65544035,6.799055862,2.649714624,1.118414916
CCCCCCCCCCCC(CCCCCCCCCC)CCCCCCCCCC,0.159,0.149,0.802,0.769,6.65544035,6.799055862,2.53449015,1.057790294
CCCCCCC(C)CC(CCCCCC)C(CCCCCC)CC(C)CCCCCC,0.136,0.128,,,6.65544035,6.801283034,,
CCCCCCCCCCCC(CCCCCCCCCC)c1cccc2CCCCc12,,,,,,,,
CCCCCCCCCCCCCCCCC=C(CCCC)c1ccc2ccccc2c1,,,,,,,,
CCCCCCCCCCCCCCCCCCCCC=C(CCCC)c1ccccc1,,,,,,,,
CCCCCCCCCCCCCCCCCCCCCC(CCCC)c1ccccc1,,,,,,,,
CCCCCCCCCCCCOC(=O)C1CCCCC1C(=O)OCCCCCCCCCCCC,,,,,,,,
C(CCCCCCCCCCC)OC(C=1C(C(=O)OCCCCCCCCCCCC)=CC=CC1)=O,,,,,,,,
CCCCCCCCCCCC(CCCCCCCCCC)C1CCCC2CCCCC12,,,,,,,,
CCCCC(CC)CCC(C)OC(=O)CCCCCCCCC(=O)OC(C)CCC(CC)CCCC,,,,,,,,
CCCCCC(CCC)COC(=O)CCCCCCCCC(=O)OCCCCCCCCCCC(C)C,,,,,,,,
CCCCCCC(C)(C)COC(=O)CCCCCCCCCCC(=O)OCC(C)(C)CCCCCC,,,,,,,,
CCCCCCC(CCCCCCCCCCC(=O)OCC(CC)CCCC)OC(=O)C(CC)CC,,,,,,,,
CCCCCCCC(C)(C)COC(=O)CCCCCCCCC(=O)OCC(C)(C)CCCCCCC,,,,,,,,
CCCCCCCCC(=O)OCC(C)(COC(=O)CCCCCCCC)COC(=O)CCCCCCCC,,,,,,,,
CCCCCCCCCCCCC(CC(=O)OCC(CC)CCCC)C(=O)OCC(CC)CCCC,,,,,,,,
CCCCCCCCCCCCC(CC(=O)OCCCCCCCC)C(=O)OCCCCCCCC,,,,,,,,
C(CCCCCCCCCCCCCCCCCCCCCCCCCC)C1=CC=CC=C1,0.155,0.147,,,6.610696045,6.758094504,,
C(CCC)C(CCCCCCCCCCCCCCCCC)C1CCC2(CC1)CCCCC2,0.119,0.113,0.86,0.83,6.606650186,6.763884909,3.526360525,2.397895273
C(CCCCCC)(=O)OCC(COC(CCCCCC)=O)(COC(CCCCCC)=O)COC(CCCCCC)=O,0.206,0.196,0.962,0.927,6.741700695,6.88550967,3.024650094,1.398961296
CCCCCCCCCc1cccc(CCCCCCCCC)c1CCCCCCCCC,,,,,,,,
CC(C)CCCCCCCCCCOC(=O)CCCCCCCCC(=O)OCCCCCCCC(C)C,,,,,,,,
CCCCC(CC)CCC(CC(C)C)OC(=O)CCCC(=O)OC(CCC(CC)CCCC)CC(C)C,,,,,,,,
CCCCCCCCC(=O)OCC(CC)(COC(=O)CCCCCCCC)COC(=O)CCCCCCCC,,,,,,,,
C(CCCCCCCC)(=O)OCC(COC(CCCC)=O)(COC(CCCC)=O)COC(CCCCCCCC)=O,,,,,,,,
CCCCCCCCCCCCCCCCCC(CCCCCCCC)CCCCCCCC,0.16,0.15,0.801,0.77,6.715383386,6.859614904,2.788708104,1.247032294
CCCCCCCCCCCCCC(CCCCCCCCCC)CCCCCCCCCC,0.16,0.15,0.805,0.771,6.715383386,6.859614904,2.706048198,1.184789985
C(CCCCCCCCC(=O)OCCCCCCCCCCCC)(=O)OCCCCCCCCCCCC,0.171,0.163,0.865,0.837,6.742880636,6.88550967,,3.091042453
CCCCC(CC)CCC(CC(C)C)OC(=O)CCCCC(=O)OC(CCC(CC)CCCC)CC(C)C,,,,,,,,
CCCCCCCC(C)(C)COC(=O)CCCCCCCCCCC(=O)OCC(C)(C)CCCCCCC,,,,,,,,
CCCCCCCCC(C)(C)COC(=O)CCCCCCCCC(=O)OCC(C)(C)CCCCCCCC,,,,,,,,
CCCCCCCCC(CCCCCCCC(=O)OCC(CC)CCCC)C(=O)OCC(CC)CCCC,,,,,,,,
C1(CCCCC1)C(CCCCCCCCCCCCCC)CCCCCCCCCCCCCC,0.16,0.151,0.829,0.796,6.705639095,6.818924065,3.2554006,1.583093937
C(CCCCCCCCCCCCCCCCCCCCCCCCCCCC)C1=CC=CC=C1,0.154,0.147,,,6.674561392,6.820016365,,
C1(=CC=CC=C1)C(CCCCCCCCCCCCCC)CCCCCCCCCCCCCC,0.18,0.167,0.837,0.803,6.673297968,6.821107472,2.949688335,1.545432582
CCCCCCCCCCCCCCC(CCCCCCCCCCCCCC)C1CCCCC1,0.16,0.151,0.829,0.796,6.705639095,6.856461985,3.286908235,1.54329811
CCCCCCCCCCCCCCCC(CCCC)CCCCCCCCCCCCCCC,0.171,0.162,0.814,0.786,6.744059186,6.88857246,2.947067102,1.413423029
C(CCCCCC)C(CCCCCCCCC)(CCCCCCCCCC)CCCCCCCC,0.129,0.123,0.811,0.783,6.745236349,6.889591308,3.102342009,1.423108334
CCCCCCCCC(=O)OCCCC(CCC(C)OC(=O)CCCCCCCC)OC(=O)CCCCCCCC,,,,,,,,
CCCCCCCCCC(=O)OCC(C)(COC(=O)CCCCCCCCC)COC(=O)CCCCCCCCC,,,,,,,,
CCCCCCCCCCCCCCCCCCCCC=C(CCCC)c1ccc2ccccc2c1,0.26,0.25,0.877,0.852,6.635946556,6.784457063,3.451436971,1.683550456
C(CCCCCCCCCC)C(CCCCCCCCCCCC)CCCCCCCCCCCC,0.16,0.152,0.804,0.773,6.771935556,6.91671502,2.783157674,1.342864803
CCCCCCCCCCCCC(CCCCCCCCCCC)CCCCCCCCCCCC,0.16,0.152,0.804,0.773,6.771935556,6.91671502,2.832624936,1.297463147
C(CCCCCCCCCCCCCCCCCCCCCCCCCCCCCCCCC)(=O)OCC,0.154,0.148,,,6.785587645,6.928537818,,
CC(C)CCCCCCCCCCOC(=O)CCCCCCCCC(=O)OCCCCCCCCCCC(C)C,,,,,,,,
CCCCCCCCC(C)(C)COC(=O)CCCCCCCCCCC(=O)OCC(C)(C)CCCCCCCC,,,,,,,,
CCCCCCCCCC(=O)OCC(CC)(COC(=O)CCCCCCCCC)COC(=O)CCCCCCCCC,,,,,,,,
CCCCCCCCCCCCCCCCCCOC(=O)CCCCCCCCC(=O)OCC1(C)CCCCC1,,,,,,,,
CCCCCCCCCCCCCCCCCCOC(=O)CCCCCCCCCCCCCCCCC,,,,,,,,
C(CCCCCCC)(=O)OCC(COC(CCCCCCC)=O)(COC(CCCCCCC)=O)COC(CCCCCCC)=O,0.175,0.168,0.949,0.918,6.850126166,6.993015123,3.236055407,1.545641516
C(CCCCCCCC)(=O)OCC(COC(CCCCCC)=O)(COC(CCCCCC)=O)COC(CCCCCCCC)=O,,,,,,,,
C(CCCCCCCCCCCCC)(=O)OCC(COC(CCCCC)=O)(COC(CCCCC)=O)COC(CCCCC)=O,,,,,,,,
CCCCCCCCCCCCCCOC(=O)CCCCCCCCC(=O)OCCCCCCCCCCC(C)C,,,,,,,,
CCCCCCCCCCCCCC(CCCCCCCCCCCC)CCCCCCCCCCCC,0.17,0.155,0.806,0.775,6.826545224,6.970730078,2.980618636,1.430311247
CCCCC(CC)CCC(CC(C)C)OC(=O)CCCCCCCCC(=O)OC(CCC(CC)CCCC)CC(C)C,,,,,,,,
CCCCCCCCC(CCCCCCCC)CCCCC(CCCCCCCC)CCCCCCCC,,,,,,,,
CCCCCCCCCCCCCCCCC(CCCCCCCCCCCCCCCC)C1CCCCC1,0.16,0.151,0.83,0.794,6.817830571,6.966967139,3.371016486,1.540884944
C(CCCCC(C)C)(=O)OCC(COC(CCCCCCCC)=O)(COC(CCCCCCCC)=O)COC(CCCCC(C)C)=O,,,,,,,,
C(CCCCCCCCCC)(=O)OCC(COC(CCCCC)=O)(COC(CCCCC)=O)COC(CCCCCCCCCC)=O,,,,,,,,
CC(CC(CCCCCCCCCC)CCCCCCCC)(CCCCCCCCCC)CCCCCCCC,,,0.783,0.755,6.877296071,7.022868086,3.561046083,1.766441661
